Canale,durata(s)
EEGFp1,1.3203125
EEGFp1,4.7734375
EEGFp1,0.7109375
EEGFp1,1.21875
EEGFp1,4.671875
EEGFp1,5.6875
EEGFp1,6.8046875
EEGFp1,0.609375
EEGFp1,0.9140625
EEGFp1,1.421875
EEGFp1,3.453125
EEGFp1,1.21875
EEGFp1,6.5
EEGFp1,0.609375
EEGFp1,1.5234375
EEGFp1,0.7109375
EEGFp1,0.609375
EEGFp1,0.7109375
EEGFp1,2.03125
EEGFp1,0.609375
EEGFp1,2.84375
EEGFp1,1.625
EEGFp1,1.625
EEGFp1,1.9296875
EEGFp1,0.609375
EEGFp1,0.7109375
EEGFp1,0.609375
EEGFp1,4.7734375
EEGFp1,3.1484375
EEGFp1,0.7109375
EEGFp1,4.265625
EEGFp1,3.5546875
EEGFp1,0.9140625
EEGFp1,1.625
EEGFp1,7.0078125
EEGFp1,1.7265625
EEGFp1,4.7734375
EEGFp1,0.7109375
EEGFp1,2.7421875
EEGFp1,1.1171875
EEGFp1,2.234375
EEGFp1,0.9140625
EEGFp1,2.4375
EEGFp1,0.9140625
EEGFp1,2.03125
EEGFp1,0.609375
EEGFp1,2.7421875
EEGFp1,0.8125
EEGFp1,1.421875
EEGFp1,0.609375
EEGFp1,2.5390625
EEGFp1,5.1796875
EEGFp1,1.1171875
EEGFp1,4.1640625
EEGFp1,2.3359375
EEGFp1,2.1328125
EEGFp1,3.1484375
EEGFp1,3.5546875
EEGFp1,1.015625
EEGFp1,3.859375
EEGFp1,8.6328125
EEGFp1,1.9296875
EEGFp1,7.71875
EEGFp1,1.7265625
EEGFp1,1.625
EEGFp1,2.5390625
EEGFp1,8.0234375
EEGFp1,3.3515625
EEGFp1,1.625
EEGFp1,8.734375
EEGFp1,1.1171875
EEGFp1,1.21875
EEGFp1,0.8125
EEGFp1,0.9140625
EEGFp1,1.625
EEGFp1,1.1171875
EEGFp1,0.7109375
EEGFp1,1.015625
EEGFp1,1.3203125
EEGFp1,1.3203125
EEGFp1,0.609375
EEGFp1,0.7109375
EEGFp1,4.9765625
EEGFp1,1.7265625
EEGFp1,2.234375
EEGFp1,0.7109375
EEGFp1,3.3515625
EEGFp1,0.7109375
EEGFp1,1.421875
EEGFp1,3.3515625
EEGFp1,1.1171875
EEGFp1,1.625
EEGFp1,0.7109375
EEGFp1,2.7421875
EEGFp1,1.5234375
EEGFp1,0.9140625
EEGFp1,0.609375
EEGFp1,3.859375
EEGFp1,1.1171875
EEGFp1,0.609375
EEGFp1,2.234375
EEGFp1,2.84375
EEGFp1,2.03125
EEGFp1,0.8125
EEGFp1,1.1171875
EEGFp1,0.8125
EEGFp1,1.21875
EEGFp1,1.7265625
EEGFp1,1.21875
EEGFp1,3.9609375
EEGFp1,0.609375
EEGFp1,0.7109375
EEGFp1,2.5390625
EEGFp1,0.609375
EEGFp1,0.609375
EEGFp1,0.7109375
EEGFp1,0.9140625
EEGFp1,0.9140625
EEGFp1,1.1171875
EEGFp1,0.609375
EEGFp1,0.609375
EEGFp1,0.7109375
EEGFp1,2.9453125
EEGFp1,0.609375
EEGFp1,0.609375
EEGFp1,0.9140625
EEGFp1,0.8125
EEGFp1,5.1796875
EEGFp1,0.609375
EEGFp1,1.421875
EEGFp1,0.609375
EEGFp1,1.1171875
EEGFp1,0.9140625
EEGFp1,0.7109375
EEGFp1,0.7109375
EEGFp1,0.609375
EEGFp1,0.8125
EEGFp1,0.609375
EEGFp1,0.9140625
EEGFp1,1.625
EEGFp1,1.1171875
EEGFp1,0.8125
EEGFp1,0.7109375
EEGFp1,0.609375
EEGFp1,1.015625
EEGFp1,1.421875
EEGFp1,0.609375
EEGFp1,0.609375
EEGFp1,0.9140625
EEGFp1,0.609375
EEGFp1,0.7109375
EEGFp1,0.9140625
EEGFp1,0.7109375
EEGFp1,1.3203125
EEGFp1,1.9296875
EEGFp1,0.609375
EEGFp1,0.9140625
EEGFp1,1.21875
EEGFp1,0.8125
EEGFp1,0.609375
EEGFp1,0.609375
EEGFp1,0.8125
EEGFp1,0.9140625
EEGFp1,0.609375
EEGFp1,1.1171875
EEGFp1,0.8125
EEGFp1,0.609375
EEGFp1,0.7109375
EEGFp1,3.65625
EEGFp1,0.9140625
EEGFp1,0.609375
EEGFp1,0.9140625
EEGFp1,0.609375
EEGFp1,0.7109375
EEGFp1,0.7109375
EEGFp1,0.9140625
EEGFp1,0.7109375
EEGFp1,0.8125
EEGFp1,0.7109375
EEGFp1,0.609375
EEGFp1,1.9296875
EEGFp1,0.8125
EEGFp1,1.828125
EEGFp1,1.1171875
EEGFp1,4.671875
EEGFp1,0.609375
EEGFp1,0.7109375
EEGFp1,0.8125
EEGFp1,4.671875
EEGFp1,2.1328125
EEGFp1,0.609375
EEGFp1,2.03125
EEGFp1,1.7265625
EEGFp1,0.7109375
EEGFp1,0.7109375
EEGFp1,0.8125
EEGFp1,0.8125
EEGFp1,1.625
EEGFp1,3.65625
EEGFp1,0.609375
EEGFp1,0.7109375
EEGFp1,0.609375
EEGFp1,0.8125
EEGFp1,1.21875
EEGFp1,1.21875
EEGFp1,0.609375
EEGFp1,1.3203125
EEGFp1,1.1171875
EEGFp1,0.609375
EEGFp1,0.609375
EEGFp1,0.609375
EEGFp1,3.5546875
EEGFp1,0.7109375
EEGFp1,4.875
EEGFp1,1.21875
EEGFp1,0.7109375
EEGFp1,0.609375
EEGFp1,0.609375
EEGFp1,0.7109375
EEGFp1,0.609375
EEGFp1,2.4375
EEGFp1,2.03125
EEGFp1,0.9140625
EEGFp1,2.4375
EEGFp1,1.21875
EEGFp1,1.015625
EEGFp1,2.234375
EEGFp1,2.234375
EEGFp1,0.9140625
EEGFp1,1.21875
EEGFp1,0.7109375
EEGFp1,0.7109375
EEGFp1,1.3203125
EEGFp1,1.1171875
EEGFp1,0.609375
EEGFp1,0.609375
EEGFp1,2.234375
EEGFp1,0.9140625
EEGFp1,2.3359375
EEGFp1,0.9140625
EEGFp1,2.84375
EEGFp1,0.609375
EEGFp1,0.7109375
EEGFp1,4.671875
EEGFp1,0.7109375
EEGFp1,0.609375
EEGFp1,0.8125
EEGFp1,0.9140625
EEGFp1,0.9140625
EEGFp1,1.1171875
EEGFp1,0.609375
EEGFp1,0.8125
EEGFp1,0.609375
EEGFp1,0.7109375
EEGFp1,0.7109375
EEGFp1,0.609375
EEGFp1,0.609375
EEGFp1,0.9140625
EEGFp1,0.7109375
EEGFp1,1.625
EEGFp1,1.5234375
EEGFp1,1.828125
EEGFp1,0.8125
EEGFp1,1.21875
EEGFp1,1.015625
EEGFp1,0.9140625
EEGFp1,0.609375
EEGFp1,2.5390625
EEGFp1,0.609375
EEGFp1,0.7109375
EEGFp1,0.9140625
EEGFp1,0.7109375
EEGFp1,2.5390625
EEGFp1,6.3984375
EEGFp1,1.421875
EEGFp1,6.5
EEGFp1,1.421875
EEGFp1,1.421875
EEGFp1,0.9140625
EEGFp1,0.7109375
EEGFp1,0.9140625
EEGFp1,0.8125
EEGFp1,0.7109375
EEGFp1,0.8125
EEGFp1,0.7109375
EEGFp1,0.609375
EEGFp1,0.8125
EEGFp1,0.609375
EEGFp1,0.7109375
EEGFp1,0.7109375
EEGFp1,0.8125
EEGFp1,2.3359375
EEGFp1,1.9296875
EEGFp1,0.7109375
EEGFp1,0.609375
EEGFp1,7.6171875
EEGFp1,0.9140625
EEGFp1,8.4296875
EEGFp1,7.3125
EEGFp1,7.921875
EEGFp1,3.9609375
EEGFp1,8.328125
EEGFp1,0.609375
EEGFp1,6.09375
EEGFp1,7.515625
EEGFp1,2.9453125
EEGFp1,2.03125
EEGFp1,3.859375
EEGFp1,2.234375
EEGFp1,5.7890625
EEGFp1,7.515625
EEGFp1,1.015625
EEGFp1,4.0625
EEGFp1,2.4375
EEGFp1,1.5234375
EEGFp1,5.890625
EEGFp1,11.8828125
EEGFp1,5.484375
EEGFp1,0.7109375
EEGFp1,0.609375
EEGFp1,3.9609375
EEGFp1,0.609375
EEGFp2,1.015625
EEGFp2,4.875
EEGFp2,0.7109375
EEGFp2,0.8125
EEGFp2,9.34375
EEGFp2,0.8125
EEGFp2,4.265625
EEGFp2,1.21875
EEGFp2,1.3203125
EEGFp2,0.7109375
EEGFp2,0.8125
EEGFp2,5.484375
EEGFp2,0.609375
EEGFp2,0.7109375
EEGFp2,1.7265625
EEGFp2,2.1328125
EEGFp2,1.625
EEGFp2,0.8125
EEGFp2,2.03125
EEGFp2,2.1328125
EEGFp2,0.8125
EEGFp2,0.609375
EEGFp2,3.046875
EEGFp2,0.7109375
EEGFp2,4.0625
EEGFp2,2.03125
EEGFp2,1.9296875
EEGFp2,9.75
EEGFp2,1.625
EEGFp2,5.5859375
EEGFp2,0.7109375
EEGFp2,2.7421875
EEGFp2,0.7109375
EEGFp2,1.9296875
EEGFp2,0.9140625
EEGFp2,1.5234375
EEGFp2,3.25
EEGFp2,0.609375
EEGFp2,2.234375
EEGFp2,2.03125
EEGFp2,1.015625
EEGFp2,3.65625
EEGFp2,1.5234375
EEGFp2,0.8125
EEGFp2,1.421875
EEGFp2,3.3515625
EEGFp2,0.9140625
EEGFp2,8.4296875
EEGFp2,2.234375
EEGFp2,7.71875
EEGFp2,1.7265625
EEGFp2,0.7109375
EEGFp2,0.609375
EEGFp2,0.609375
EEGFp2,7.515625
EEGFp2,2.234375
EEGFp2,1.3203125
EEGFp2,2.7421875
EEGFp2,4.3671875
EEGFp2,0.9140625
EEGFp2,0.7109375
EEGFp2,0.9140625
EEGFp2,2.4375
EEGFp2,0.7109375
EEGFp2,1.015625
EEGFp2,4.671875
EEGFp2,0.8125
EEGFp2,3.453125
EEGFp2,1.1171875
EEGFp2,2.1328125
EEGFp2,5.484375
EEGFp2,1.828125
EEGFp2,1.1171875
EEGFp2,0.7109375
EEGFp2,0.8125
EEGFp2,0.609375
EEGFp2,0.7109375
EEGFp2,4.265625
EEGFp2,1.828125
EEGFp2,0.7109375
EEGFp2,0.609375
EEGFp2,2.84375
EEGFp2,0.9140625
EEGFp2,0.609375
EEGFp2,0.8125
EEGFp2,0.609375
EEGFp2,2.234375
EEGFp2,2.4375
EEGFp2,2.3359375
EEGFp2,0.8125
EEGFp2,1.015625
EEGFp2,0.9140625
EEGFp2,0.9140625
EEGFp2,1.3203125
EEGFp2,1.015625
EEGFp2,1.421875
EEGFp2,1.015625
EEGFp2,0.609375
EEGFp2,0.7109375
EEGFp2,1.5234375
EEGFp2,0.7109375
EEGFp2,0.7109375
EEGFp2,1.3203125
EEGFp2,0.7109375
EEGFp2,2.234375
EEGFp2,1.421875
EEGFp2,0.7109375
EEGFp2,0.609375
EEGFp2,0.7109375
EEGFp2,0.8125
EEGFp2,3.65625
EEGFp2,5.3828125
EEGFp2,0.609375
EEGFp2,2.5390625
EEGFp2,0.7109375
EEGFp2,0.609375
EEGFp2,0.7109375
EEGFp2,0.8125
EEGFp2,0.9140625
EEGFp2,0.609375
EEGFp2,0.8125
EEGFp2,1.1171875
EEGFp2,1.21875
EEGFp2,0.609375
EEGFp2,0.7109375
EEGFp2,2.1328125
EEGFp2,0.9140625
EEGFp2,0.9140625
EEGFp2,1.3203125
EEGFp2,1.1171875
EEGFp2,1.015625
EEGFp2,0.609375
EEGFp2,0.8125
EEGFp2,0.7109375
EEGFp2,0.8125
EEGFp2,0.8125
EEGFp2,0.609375
EEGFp2,0.9140625
EEGFp2,0.9140625
EEGFp2,0.7109375
EEGFp2,0.609375
EEGFp2,0.609375
EEGFp2,0.609375
EEGFp2,0.8125
EEGFp2,1.3203125
EEGFp2,0.7109375
EEGFp2,0.7109375
EEGFp2,0.9140625
EEGFp2,0.9140625
EEGFp2,0.9140625
EEGFp2,0.609375
EEGFp2,0.7109375
EEGFp2,1.015625
EEGFp2,0.7109375
EEGFp2,0.609375
EEGFp2,0.9140625
EEGFp2,0.609375
EEGFp2,3.5546875
EEGFp2,0.609375
EEGFp2,4.1640625
EEGFp2,0.609375
EEGFp2,0.8125
EEGFp2,7.515625
EEGFp2,1.9296875
EEGFp2,1.21875
EEGFp2,0.609375
EEGFp2,0.9140625
EEGFp2,0.7109375
EEGFp2,0.7109375
EEGFp2,0.7109375
EEGFp2,0.609375
EEGFp2,1.3203125
EEGFp2,0.609375
EEGFp2,1.3203125
EEGFp2,0.609375
EEGFp2,1.21875
EEGFp2,1.3203125
EEGFp2,0.7109375
EEGFp2,1.015625
EEGFp2,1.015625
EEGFp2,0.8125
EEGFp2,2.234375
EEGFp2,0.609375
EEGFp2,4.875
EEGFp2,0.7109375
EEGFp2,0.8125
EEGFp2,0.609375
EEGFp2,0.8125
EEGFp2,0.9140625
EEGFp2,0.9140625
EEGFp2,1.015625
EEGFp2,0.7109375
EEGFp2,0.9140625
EEGFp2,1.015625
EEGFp2,0.609375
EEGFp2,1.21875
EEGFp2,0.8125
EEGFp2,0.9140625
EEGFp2,0.7109375
EEGFp2,0.609375
EEGFp2,0.609375
EEGFp2,0.609375
EEGFp2,0.609375
EEGFp2,0.8125
EEGFp2,0.7109375
EEGFp2,0.609375
EEGFp2,2.234375
EEGFp2,1.421875
EEGFp2,0.7109375
EEGFp2,3.046875
EEGFp2,1.1171875
EEGFp2,3.046875
EEGFp2,0.7109375
EEGFp2,0.8125
EEGFp2,0.8125
EEGFp2,0.7109375
EEGFp2,1.015625
EEGFp2,0.7109375
EEGFp2,0.609375
EEGFp2,0.7109375
EEGFp2,0.609375
EEGFp2,0.609375
EEGFp2,0.609375
EEGFp2,1.5234375
EEGFp2,0.609375
EEGFp2,1.5234375
EEGFp2,0.9140625
EEGFp2,1.828125
EEGFp2,2.5390625
EEGFp2,2.234375
EEGFp2,0.8125
EEGFp2,0.609375
EEGFp2,2.640625
EEGFp2,7.3125
EEGFp2,1.1171875
EEGFp2,5.28125
EEGFp2,0.7109375
EEGFp2,4.3671875
EEGFp2,1.015625
EEGFp2,1.1171875
EEGFp2,2.234375
EEGFp2,0.9140625
EEGFp2,0.7109375
EEGFp2,0.7109375
EEGFp2,0.609375
EEGFp2,1.015625
EEGFp2,1.828125
EEGFp2,0.7109375
EEGFp2,2.234375
EEGFp2,3.9609375
EEGFp2,2.5390625
EEGFp2,0.609375
EEGFp2,7.3125
EEGFp2,0.609375
EEGFp2,0.9140625
EEGFp2,10.0546875
EEGFp2,5.1796875
EEGFp2,0.7109375
EEGFp2,5.3828125
EEGFp2,7.2109375
EEGFp2,5.5859375
EEGFp2,1.421875
EEGFp2,1.3203125
EEGFp2,7.515625
EEGFp2,7.3125
EEGFp2,8.125
EEGFp2,14.9296875
EEGFp2,7.2109375
EEGFp2,1.21875
EEGFp2,0.609375
EEGFp2,4.3671875
EEGFp2,0.8125
EEGFp2,3.5546875
EEGFp2,0.609375
EEGFp2,16.859375
EEGFp2,0.8125
EEGFp2,1.21875
EEGFp2,2.3359375
EEGFp2,0.8125
EEGFp2,5.890625
EEGFp2,0.8125
EEGF7,1.21875
EEGF7,4.671875
EEGF7,0.7109375
EEGF7,19.90625
EEGF7,1.828125
EEGF7,4.1640625
EEGF7,3.453125
EEGF7,1.015625
EEGF7,7.109375
EEGF7,4.671875
EEGF7,1.1171875
EEGF7,2.7421875
EEGF7,2.3359375
EEGF7,0.7109375
EEGF7,0.7109375
EEGF7,3.046875
EEGF7,5.078125
EEGF7,1.21875
EEGF7,0.609375
EEGF7,1.21875
EEGF7,1.625
EEGF7,4.3671875
EEGF7,5.484375
EEGF7,3.3515625
EEGF7,3.453125
EEGF7,0.8125
EEGF7,2.3359375
EEGF7,8.8359375
EEGF7,0.609375
EEGF7,4.0625
EEGF7,0.609375
EEGF7,2.7421875
EEGF7,0.609375
EEGF7,6.8046875
EEGF7,0.7109375
EEGF7,5.6875
EEGF7,1.421875
EEGF7,0.9140625
EEGF7,5.078125
EEGF7,1.21875
EEGF7,3.9609375
EEGF7,3.65625
EEGF7,0.9140625
EEGF7,6.09375
EEGF7,4.3671875
EEGF7,4.0625
EEGF7,1.3203125
EEGF7,1.625
EEGF7,2.7421875
EEGF7,8.6328125
EEGF7,1.9296875
EEGF7,2.640625
EEGF7,2.234375
EEGF7,1.7265625
EEGF7,2.234375
EEGF7,1.828125
EEGF7,5.078125
EEGF7,1.1171875
EEGF7,2.84375
EEGF7,2.03125
EEGF7,7.3125
EEGF7,1.1171875
EEGF7,1.1171875
EEGF7,0.8125
EEGF7,3.3515625
EEGF7,1.015625
EEGF7,3.25
EEGF7,4.265625
EEGF7,1.5234375
EEGF7,0.8125
EEGF7,0.7109375
EEGF7,2.9453125
EEGF7,2.03125
EEGF7,4.5703125
EEGF7,6.6015625
EEGF7,2.5390625
EEGF7,3.3515625
EEGF7,0.7109375
EEGF7,0.609375
EEGF7,1.21875
EEGF7,1.625
EEGF7,1.5234375
EEGF7,0.609375
EEGF7,0.7109375
EEGF7,0.9140625
EEGF7,7.3125
EEGF7,2.5390625
EEGF7,0.8125
EEGF7,1.21875
EEGF7,3.9609375
EEGF7,1.1171875
EEGF7,1.3203125
EEGF7,0.8125
EEGF7,2.1328125
EEGF7,2.7421875
EEGF7,2.7421875
EEGF7,0.609375
EEGF7,1.1171875
EEGF7,3.25
EEGF7,0.9140625
EEGF7,1.3203125
EEGF7,1.1171875
EEGF7,1.21875
EEGF7,2.5390625
EEGF7,1.3203125
EEGF7,1.3203125
EEGF7,2.3359375
EEGF7,1.1171875
EEGF7,0.8125
EEGF7,0.609375
EEGF7,0.9140625
EEGF7,1.1171875
EEGF7,1.421875
EEGF7,0.8125
EEGF7,0.7109375
EEGF7,0.609375
EEGF7,0.8125
EEGF7,0.9140625
EEGF7,0.609375
EEGF7,0.9140625
EEGF7,0.609375
EEGF7,1.015625
EEGF7,0.7109375
EEGF7,5.5859375
EEGF7,0.609375
EEGF7,1.015625
EEGF7,1.421875
EEGF7,2.03125
EEGF7,0.609375
EEGF7,0.7109375
EEGF7,0.609375
EEGF7,1.1171875
EEGF7,0.7109375
EEGF7,0.609375
EEGF7,1.5234375
EEGF7,0.9140625
EEGF7,0.609375
EEGF7,1.21875
EEGF7,0.7109375
EEGF7,0.609375
EEGF7,0.9140625
EEGF7,0.8125
EEGF7,0.609375
EEGF7,0.609375
EEGF7,2.234375
EEGF7,0.8125
EEGF7,1.21875
EEGF7,0.9140625
EEGF7,0.9140625
EEGF7,0.609375
EEGF7,0.9140625
EEGF7,0.9140625
EEGF7,0.7109375
EEGF7,0.609375
EEGF7,0.7109375
EEGF7,0.7109375
EEGF7,0.609375
EEGF7,0.609375
EEGF7,1.015625
EEGF7,0.609375
EEGF7,0.8125
EEGF7,0.609375
EEGF7,0.9140625
EEGF7,1.015625
EEGF7,0.7109375
EEGF7,0.8125
EEGF7,0.609375
EEGF7,0.609375
EEGF7,0.7109375
EEGF7,0.7109375
EEGF7,0.7109375
EEGF7,0.8125
EEGF7,4.0625
EEGF7,0.8125
EEGF7,1.5234375
EEGF7,0.609375
EEGF7,0.609375
EEGF7,1.1171875
EEGF7,1.5234375
EEGF7,0.609375
EEGF7,0.609375
EEGF7,0.609375
EEGF7,0.609375
EEGF7,2.234375
EEGF7,2.03125
EEGF7,0.609375
EEGF7,0.609375
EEGF7,0.609375
EEGF7,0.7109375
EEGF7,3.1484375
EEGF7,1.3203125
EEGF7,1.421875
EEGF7,0.8125
EEGF7,0.609375
EEGF7,3.1484375
EEGF7,0.609375
EEGF7,1.3203125
EEGF7,1.5234375
EEGF7,0.8125
EEGF7,0.7109375
EEGF7,3.859375
EEGF7,2.4375
EEGF7,0.7109375
EEGF7,1.625
EEGF7,0.7109375
EEGF7,0.7109375
EEGF7,1.1171875
EEGF7,0.609375
EEGF7,0.9140625
EEGF7,3.3515625
EEGF7,1.625
EEGF7,2.3359375
EEGF7,1.015625
EEGF7,1.625
EEGF7,1.015625
EEGF7,0.9140625
EEGF7,0.609375
EEGF7,1.7265625
EEGF7,2.1328125
EEGF7,0.7109375
EEGF7,5.484375
EEGF7,1.7265625
EEGF7,1.015625
EEGF7,0.7109375
EEGF7,0.609375
EEGF7,0.609375
EEGF7,1.1171875
EEGF7,1.015625
EEGF7,0.7109375
EEGF7,0.7109375
EEGF7,2.234375
EEGF7,0.8125
EEGF7,0.7109375
EEGF7,5.484375
EEGF7,0.9140625
EEGF7,0.609375
EEGF7,0.609375
EEGF7,0.7109375
EEGF7,0.609375
EEGF7,1.015625
EEGF7,0.7109375
EEGF7,4.265625
EEGF7,2.5390625
EEGF7,1.015625
EEGF7,1.5234375
EEGF7,0.9140625
EEGF7,0.7109375
EEGF7,1.3203125
EEGF7,0.7109375
EEGF7,1.015625
EEGF7,2.1328125
EEGF7,0.9140625
EEGF7,1.625
EEGF7,0.7109375
EEGF7,0.7109375
EEGF7,0.7109375
EEGF7,0.609375
EEGF7,2.234375
EEGF7,2.4375
EEGF7,0.7109375
EEGF7,0.609375
EEGF7,0.7109375
EEGF7,0.8125
EEGF7,1.625
EEGF7,1.015625
EEGF7,2.3359375
EEGF7,1.21875
EEGF7,2.4375
EEGF7,1.3203125
EEGF7,2.3359375
EEGF7,0.9140625
EEGF7,0.609375
EEGF7,0.8125
EEGF7,7.6171875
EEGF7,1.015625
EEGF7,0.8125
EEGF7,0.609375
EEGF7,1.828125
EEGF7,0.9140625
EEGF7,0.8125
EEGF7,3.3515625
EEGF7,2.5390625
EEGF7,0.609375
EEGF7,0.9140625
EEGF7,0.609375
EEGF7,1.5234375
EEGF7,0.609375
EEGF7,1.5234375
EEGF7,2.1328125
EEGF7,0.609375
EEGF7,1.5234375
EEGF7,2.234375
EEGF7,0.609375
EEGF7,0.7109375
EEGF7,1.1171875
EEGF7,0.8125
EEGF7,0.609375
EEGF7,3.046875
EEGF7,4.9765625
EEGF7,1.21875
EEGF7,1.015625
EEGF7,1.625
EEGF7,1.1171875
EEGF7,0.9140625
EEGF7,0.9140625
EEGF7,2.5390625
EEGF7,4.46875
EEGF7,1.3203125
EEGF7,1.21875
EEGF7,5.3828125
EEGF7,1.1171875
EEGF7,1.7265625
EEGF7,2.4375
EEGF7,0.8125
EEGF7,1.625
EEGF7,0.7109375
EEGF7,0.9140625
EEGF7,0.609375
EEGF7,2.03125
EEGF7,0.9140625
EEGF7,1.7265625
EEGF7,0.8125
EEGF7,4.875
EEGF7,1.625
EEGF7,0.609375
EEGF7,9.0390625
EEGF7,2.3359375
EEGF7,11.578125
EEGF7,3.1484375
EEGF7,10.6640625
EEGF7,4.265625
EEGF7,9.140625
EEGF7,0.609375
EEGF7,5.7890625
EEGF7,7.3125
EEGF7,3.453125
EEGF7,2.3359375
EEGF7,9.6484375
EEGF7,5.9921875
EEGF7,7.6171875
EEGF7,2.234375
EEGF7,4.9765625
EEGF7,4.0625
EEGF7,15.4375
EEGF7,0.7109375
EEGF7,0.8125
EEGF7,1.7265625
EEGF7,2.3359375
EEGF7,0.9140625
EEGF7,0.9140625
EEGF7,3.046875
EEGF7,0.609375
EEGF3,1.828125
EEGF3,4.875
EEGF3,2.234375
EEGF3,1.5234375
EEGF3,19.296875
EEGF3,0.8125
EEGF3,0.7109375
EEGF3,2.640625
EEGF3,3.7578125
EEGF3,1.21875
EEGF3,7.921875
EEGF3,3.5546875
EEGF3,1.625
EEGF3,2.234375
EEGF3,2.03125
EEGF3,0.8125
EEGF3,0.7109375
EEGF3,4.7734375
EEGF3,5.484375
EEGF3,1.9296875
EEGF3,1.3203125
EEGF3,4.3671875
EEGF3,0.9140625
EEGF3,5.1796875
EEGF3,3.9609375
EEGF3,3.65625
EEGF3,5.6875
EEGF3,6.1953125
EEGF3,4.3671875
EEGF3,1.9296875
EEGF3,2.03125
EEGF3,0.609375
EEGF3,2.7421875
EEGF3,2.03125
EEGF3,2.234375
EEGF3,11.6796875
EEGF3,5.6875
EEGF3,1.015625
EEGF3,9.8515625
EEGF3,1.21875
EEGF3,4.3671875
EEGF3,0.609375
EEGF3,1.015625
EEGF3,5.7890625
EEGF3,4.46875
EEGF3,4.7734375
EEGF3,2.640625
EEGF3,2.03125
EEGF3,1.828125
EEGF3,0.7109375
EEGF3,10.765625
EEGF3,2.1328125
EEGF3,3.7578125
EEGF3,2.84375
EEGF3,1.625
EEGF3,2.3359375
EEGF3,1.828125
EEGF3,5.1796875
EEGF3,0.609375
EEGF3,0.609375
EEGF3,2.84375
EEGF3,11.78125
EEGF3,1.7265625
EEGF3,1.5234375
EEGF3,0.8125
EEGF3,4.5703125
EEGF3,1.3203125
EEGF3,1.9296875
EEGF3,3.25
EEGF3,1.9296875
EEGF3,0.9140625
EEGF3,0.7109375
EEGF3,5.1796875
EEGF3,1.5234375
EEGF3,0.7109375
EEGF3,5.078125
EEGF3,6.6015625
EEGF3,1.828125
EEGF3,2.4375
EEGF3,1.21875
EEGF3,1.3203125
EEGF3,1.421875
EEGF3,0.609375
EEGF3,0.8125
EEGF3,4.265625
EEGF3,2.7421875
EEGF3,4.671875
EEGF3,3.9609375
EEGF3,0.8125
EEGF3,1.1171875
EEGF3,2.03125
EEGF3,2.7421875
EEGF3,2.640625
EEGF3,1.3203125
EEGF3,1.1171875
EEGF3,3.453125
EEGF3,1.1171875
EEGF3,1.3203125
EEGF3,1.21875
EEGF3,1.1171875
EEGF3,3.859375
EEGF3,0.8125
EEGF3,2.4375
EEGF3,0.7109375
EEGF3,0.7109375
EEGF3,1.1171875
EEGF3,1.21875
EEGF3,1.421875
EEGF3,1.828125
EEGF3,0.7109375
EEGF3,0.609375
EEGF3,0.7109375
EEGF3,0.609375
EEGF3,0.609375
EEGF3,0.609375
EEGF3,0.609375
EEGF3,0.7109375
EEGF3,0.609375
EEGF3,0.9140625
EEGF3,0.7109375
EEGF3,0.609375
EEGF3,0.7109375
EEGF3,0.7109375
EEGF3,2.84375
EEGF3,0.9140625
EEGF3,2.5390625
EEGF3,5.890625
EEGF3,0.609375
EEGF3,0.7109375
EEGF3,0.7109375
EEGF3,1.1171875
EEGF3,0.609375
EEGF3,0.7109375
EEGF3,0.8125
EEGF3,1.015625
EEGF3,1.9296875
EEGF3,1.015625
EEGF3,1.7265625
EEGF3,1.7265625
EEGF3,0.7109375
EEGF3,1.1171875
EEGF3,0.8125
EEGF3,1.5234375
EEGF3,0.8125
EEGF3,1.21875
EEGF3,0.8125
EEGF3,0.9140625
EEGF3,0.7109375
EEGF3,0.9140625
EEGF3,0.8125
EEGF3,1.015625
EEGF3,1.5234375
EEGF3,0.8125
EEGF3,1.21875
EEGF3,0.7109375
EEGF3,0.9140625
EEGF3,1.9296875
EEGF3,1.421875
EEGF3,1.421875
EEGF3,0.8125
EEGF3,0.8125
EEGF3,0.609375
EEGF3,1.1171875
EEGF3,0.9140625
EEGF3,0.609375
EEGF3,0.609375
EEGF3,1.21875
EEGF3,1.9296875
EEGF3,1.828125
EEGF3,0.8125
EEGF3,0.8125
EEGF3,0.609375
EEGF3,1.015625
EEGF3,1.015625
EEGF3,0.7109375
EEGF3,0.7109375
EEGF3,0.9140625
EEGF3,1.421875
EEGF3,1.015625
EEGF3,1.3203125
EEGF3,0.8125
EEGF3,1.015625
EEGF3,0.9140625
EEGF3,0.9140625
EEGF3,1.828125
EEGF3,1.21875
EEGF3,1.1171875
EEGF3,0.609375
EEGF3,0.609375
EEGF3,0.7109375
EEGF3,0.8125
EEGF3,1.015625
EEGF3,0.7109375
EEGF3,0.609375
EEGF3,0.7109375
EEGF3,1.015625
EEGF3,1.1171875
EEGF3,1.5234375
EEGF3,0.609375
EEGF3,0.609375
EEGF3,1.015625
EEGF3,0.8125
EEGF3,0.7109375
EEGF3,1.1171875
EEGF3,0.7109375
EEGF3,0.9140625
EEGF3,1.625
EEGF3,1.625
EEGF3,0.7109375
EEGF3,0.7109375
EEGF3,1.1171875
EEGF3,0.8125
EEGF3,3.9609375
EEGF3,2.1328125
EEGF3,1.3203125
EEGF3,0.609375
EEGF3,1.7265625
EEGF3,0.609375
EEGF3,1.1171875
EEGF3,1.21875
EEGF3,0.8125
EEGF3,3.3515625
EEGF3,1.7265625
EEGF3,0.609375
EEGF3,0.609375
EEGF3,0.8125
EEGF3,1.7265625
EEGF3,0.609375
EEGF3,0.8125
EEGF3,0.7109375
EEGF3,1.015625
EEGF3,0.609375
EEGF3,0.609375
EEGF3,0.609375
EEGF3,1.7265625
EEGF3,0.8125
EEGF3,3.65625
EEGF3,0.609375
EEGF3,0.609375
EEGF3,1.1171875
EEGF3,1.015625
EEGF3,1.21875
EEGF3,0.609375
EEGF3,1.3203125
EEGF3,1.015625
EEGF3,5.1796875
EEGF3,0.8125
EEGF3,4.0625
EEGF3,0.609375
EEGF3,7.6171875
EEGF3,2.5390625
EEGF3,0.609375
EEGF3,3.25
EEGF3,1.015625
EEGF3,0.609375
EEGF3,1.421875
EEGF3,0.7109375
EEGF3,1.1171875
EEGF3,0.8125
EEGF3,1.3203125
EEGF3,1.21875
EEGF3,0.609375
EEGF3,1.9296875
EEGF3,7.6171875
EEGF3,0.7109375
EEGF3,0.609375
EEGF3,3.25
EEGF3,1.1171875
EEGF3,0.7109375
EEGF3,0.609375
EEGF3,1.3203125
EEGF3,0.609375
EEGF3,0.609375
EEGF3,0.609375
EEGF3,0.609375
EEGF3,1.7265625
EEGF3,1.3203125
EEGF3,1.625
EEGF3,0.609375
EEGF3,0.609375
EEGF3,0.7109375
EEGF3,0.7109375
EEGF3,1.015625
EEGF3,0.7109375
EEGF3,0.609375
EEGF3,0.609375
EEGF3,4.1640625
EEGF3,0.7109375
EEGF3,3.1484375
EEGF3,0.7109375
EEGF3,5.078125
EEGF3,1.21875
EEGF3,0.609375
EEGF3,0.8125
EEGF3,2.4375
EEGF3,3.046875
EEGF3,0.609375
EEGF3,4.265625
EEGF3,0.8125
EEGF3,1.21875
EEGF3,0.9140625
EEGF3,0.9140625
EEGF3,0.9140625
EEGF3,0.7109375
EEGF3,1.015625
EEGF3,1.3203125
EEGF3,0.609375
EEGF3,0.7109375
EEGF3,0.609375
EEGF3,2.7421875
EEGF3,0.8125
EEGF3,1.5234375
EEGF3,1.015625
EEGF3,0.609375
EEGF3,0.609375
EEGF3,1.9296875
EEGF3,0.609375
EEGF3,0.7109375
EEGF3,0.8125
EEGF3,1.9296875
EEGF3,1.828125
EEGF3,0.609375
EEGF3,1.7265625
EEGF3,0.7109375
EEGF3,1.21875
EEGF3,0.609375
EEGF3,0.8125
EEGF3,0.9140625
EEGF3,0.7109375
EEGF3,1.1171875
EEGF3,1.1171875
EEGF3,1.421875
EEGF3,3.046875
EEGF3,0.609375
EEGF3,1.21875
EEGF3,2.84375
EEGF3,1.015625
EEGF3,1.21875
EEGF3,0.609375
EEGF3,0.8125
EEGF3,1.015625
EEGF3,0.7109375
EEGF3,0.7109375
EEGF3,0.7109375
EEGF3,0.8125
EEGF3,1.1171875
EEGF3,6.296875
EEGF3,0.609375
EEGF3,0.8125
EEGF3,0.7109375
EEGF3,0.9140625
EEGF3,2.1328125
EEGF3,0.9140625
EEGF3,0.7109375
EEGF3,0.609375
EEGF3,2.7421875
EEGF3,3.3515625
EEGF3,0.609375
EEGF3,0.609375
EEGF3,0.7109375
EEGF3,0.8125
EEGF3,0.7109375
EEGF3,1.015625
EEGF3,0.609375
EEGF3,0.7109375
EEGF3,1.21875
EEGF3,1.015625
EEGF3,0.8125
EEGF3,0.9140625
EEGF3,0.9140625
EEGF3,0.8125
EEGF3,0.7109375
EEGF3,1.828125
EEGF3,1.1171875
EEGF3,1.5234375
EEGF3,0.7109375
EEGF3,0.7109375
EEGF3,1.1171875
EEGF3,0.9140625
EEGF3,2.7421875
EEGF3,0.7109375
EEGF3,1.015625
EEGF3,2.234375
EEGF3,0.7109375
EEGF3,1.21875
EEGF3,0.609375
EEGF3,1.828125
EEGF3,2.234375
EEGF3,3.7578125
EEGF3,0.609375
EEGF3,1.5234375
EEGF3,1.21875
EEGF3,1.1171875
EEGF3,5.484375
EEGF3,1.21875
EEGF3,0.7109375
EEGF3,2.640625
EEGF3,0.609375
EEGF3,0.8125
EEGF3,0.609375
EEGF3,1.9296875
EEGF3,0.609375
EEGF3,2.84375
EEGF3,7.71875
EEGF3,1.21875
EEGF3,0.609375
EEGF3,9.2421875
EEGF3,1.625
EEGF3,0.8125
EEGF3,8.53125
EEGF3,0.609375
EEGF3,4.5703125
EEGF3,16.1484375
EEGF3,1.7265625
EEGF3,1.1171875
EEGF3,1.1171875
EEGF3,1.7265625
EEGF3,5.890625
EEGF3,7.3125
EEGF3,3.5546875
EEGF3,3.9609375
EEGF3,3.65625
EEGF3,2.1328125
EEGF3,5.890625
EEGF3,7.6171875
EEGF3,1.625
EEGF3,3.7578125
EEGF3,5.890625
EEGF3,10.2578125
EEGF3,3.859375
EEGF3,0.609375
EEGF3,3.7578125
EEGF3,1.21875
EEGF3,3.046875
EEGF3,0.609375
EEGF3,0.609375
EEGFz,0.8125
EEGFz,4.3671875
EEGFz,0.8125
EEGFz,0.7109375
EEGFz,1.421875
EEGFz,6.6015625
EEGFz,1.015625
EEGFz,3.1484375
EEGFz,0.609375
EEGFz,1.21875
EEGFz,0.8125
EEGFz,4.875
EEGFz,1.5234375
EEGFz,0.609375
EEGFz,1.5234375
EEGFz,2.7421875
EEGFz,1.3203125
EEGFz,1.828125
EEGFz,1.9296875
EEGFz,2.3359375
EEGFz,3.3515625
EEGFz,0.609375
EEGFz,4.0625
EEGFz,3.046875
EEGFz,2.03125
EEGFz,2.3359375
EEGFz,0.8125
EEGFz,1.3203125
EEGFz,1.1171875
EEGFz,0.7109375
EEGFz,1.015625
EEGFz,0.609375
EEGFz,0.609375
EEGFz,2.9453125
EEGFz,1.21875
EEGFz,6.6015625
EEGFz,1.3203125
EEGFz,1.015625
EEGFz,0.8125
EEGFz,0.7109375
EEGFz,0.609375
EEGFz,2.1328125
EEGFz,5.3828125
EEGFz,1.015625
EEGFz,3.7578125
EEGFz,0.7109375
EEGFz,1.015625
EEGFz,1.828125
EEGFz,1.7265625
EEGFz,1.5234375
EEGFz,4.671875
EEGFz,2.3359375
EEGFz,0.609375
EEGFz,0.609375
EEGFz,1.421875
EEGFz,2.9453125
EEGFz,1.3203125
EEGFz,1.828125
EEGFz,4.0625
EEGFz,2.84375
EEGFz,1.828125
EEGFz,0.609375
EEGFz,1.015625
EEGFz,3.7578125
EEGFz,2.1328125
EEGFz,2.7421875
EEGFz,7.71875
EEGFz,1.5234375
EEGFz,0.7109375
EEGFz,1.421875
EEGFz,1.3203125
EEGFz,1.9296875
EEGFz,3.25
EEGFz,1.625
EEGFz,0.609375
EEGFz,5.078125
EEGFz,0.9140625
EEGFz,2.1328125
EEGFz,0.8125
EEGFz,3.9609375
EEGFz,0.609375
EEGFz,1.625
EEGFz,0.609375
EEGFz,0.9140625
EEGFz,0.7109375
EEGFz,0.7109375
EEGFz,3.859375
EEGFz,1.5234375
EEGFz,4.265625
EEGFz,3.7578125
EEGFz,0.7109375
EEGFz,0.7109375
EEGFz,1.625
EEGFz,1.421875
EEGFz,1.015625
EEGFz,1.015625
EEGFz,1.015625
EEGFz,0.7109375
EEGFz,0.7109375
EEGFz,1.015625
EEGFz,1.5234375
EEGFz,0.8125
EEGFz,1.7265625
EEGFz,0.8125
EEGFz,0.8125
EEGFz,0.609375
EEGFz,1.3203125
EEGFz,0.8125
EEGFz,1.421875
EEGFz,1.3203125
EEGFz,0.7109375
EEGFz,0.7109375
EEGFz,0.609375
EEGFz,0.609375
EEGFz,1.1171875
EEGFz,3.25
EEGFz,0.609375
EEGFz,2.5390625
EEGFz,5.9921875
EEGFz,0.8125
EEGFz,0.9140625
EEGFz,1.3203125
EEGFz,0.609375
EEGFz,0.9140625
EEGFz,0.8125
EEGFz,1.7265625
EEGFz,1.625
EEGFz,1.015625
EEGFz,0.609375
EEGFz,0.609375
EEGFz,0.8125
EEGFz,1.3203125
EEGFz,0.609375
EEGFz,0.7109375
EEGFz,0.7109375
EEGFz,0.8125
EEGFz,0.7109375
EEGFz,2.4375
EEGFz,0.8125
EEGFz,3.046875
EEGFz,0.9140625
EEGFz,0.609375
EEGFz,1.21875
EEGFz,0.9140625
EEGFz,0.7109375
EEGFz,0.8125
EEGFz,0.8125
EEGFz,1.015625
EEGFz,2.7421875
EEGFz,0.7109375
EEGFz,0.8125
EEGFz,0.609375
EEGFz,1.1171875
EEGFz,1.015625
EEGFz,1.828125
EEGFz,2.640625
EEGFz,1.625
EEGFz,1.421875
EEGFz,1.1171875
EEGFz,0.7109375
EEGFz,1.015625
EEGFz,0.609375
EEGFz,2.84375
EEGFz,0.7109375
EEGFz,1.421875
EEGFz,1.828125
EEGFz,0.8125
EEGFz,1.015625
EEGFz,0.7109375
EEGFz,1.015625
EEGFz,1.3203125
EEGFz,1.015625
EEGFz,0.7109375
EEGFz,1.3203125
EEGFz,1.015625
EEGFz,0.7109375
EEGFz,1.21875
EEGFz,0.8125
EEGFz,1.015625
EEGFz,1.9296875
EEGFz,0.609375
EEGFz,0.7109375
EEGFz,1.3203125
EEGFz,1.5234375
EEGFz,0.7109375
EEGFz,0.7109375
EEGFz,0.8125
EEGFz,0.8125
EEGFz,0.7109375
EEGFz,0.7109375
EEGFz,1.015625
EEGFz,0.7109375
EEGFz,0.9140625
EEGFz,0.7109375
EEGFz,1.1171875
EEGFz,0.9140625
EEGFz,1.21875
EEGFz,0.609375
EEGFz,0.9140625
EEGFz,1.015625
EEGFz,0.7109375
EEGFz,0.609375
EEGFz,0.7109375
EEGFz,0.9140625
EEGFz,0.7109375
EEGFz,0.7109375
EEGFz,0.609375
EEGFz,1.1171875
EEGFz,6.3984375
EEGFz,0.9140625
EEGFz,0.609375
EEGFz,0.7109375
EEGFz,0.7109375
EEGFz,0.8125
EEGFz,1.21875
EEGFz,0.8125
EEGFz,0.609375
EEGFz,1.015625
EEGFz,0.8125
EEGFz,0.7109375
EEGFz,0.7109375
EEGFz,1.625
EEGFz,0.8125
EEGFz,0.7109375
EEGFz,0.8125
EEGFz,0.609375
EEGFz,0.7109375
EEGFz,1.1171875
EEGFz,1.828125
EEGFz,0.609375
EEGFz,1.015625
EEGFz,0.7109375
EEGFz,0.609375
EEGFz,0.8125
EEGFz,1.625
EEGFz,0.609375
EEGFz,1.828125
EEGFz,0.609375
EEGFz,1.1171875
EEGFz,1.21875
EEGFz,4.0625
EEGFz,1.828125
EEGFz,0.8125
EEGFz,2.640625
EEGFz,0.7109375
EEGFz,0.609375
EEGFz,0.609375
EEGFz,7.3125
EEGFz,1.015625
EEGFz,0.8125
EEGFz,0.9140625
EEGFz,2.640625
EEGFz,0.8125
EEGFz,0.609375
EEGFz,1.21875
EEGFz,0.7109375
EEGFz,0.7109375
EEGFz,1.015625
EEGFz,0.8125
EEGFz,1.1171875
EEGFz,1.828125
EEGFz,1.015625
EEGFz,1.421875
EEGFz,0.7109375
EEGFz,6.1953125
EEGFz,1.1171875
EEGFz,0.7109375
EEGFz,1.9296875
EEGFz,0.609375
EEGFz,1.1171875
EEGFz,1.421875
EEGFz,0.609375
EEGFz,1.9296875
EEGFz,0.7109375
EEGFz,0.609375
EEGFz,0.609375
EEGFz,0.7109375
EEGFz,3.5546875
EEGFz,1.21875
EEGFz,0.609375
EEGFz,0.8125
EEGFz,5.078125
EEGFz,0.7109375
EEGFz,0.9140625
EEGFz,0.609375
EEGFz,0.9140625
EEGFz,0.609375
EEGFz,0.7109375
EEGFz,0.9140625
EEGFz,0.609375
EEGFz,0.7109375
EEGFz,0.7109375
EEGFz,0.609375
EEGFz,0.609375
EEGFz,0.9140625
EEGFz,1.015625
EEGFz,0.609375
EEGFz,1.015625
EEGFz,0.7109375
EEGFz,0.9140625
EEGFz,1.1171875
EEGFz,1.3203125
EEGFz,0.609375
EEGFz,1.9296875
EEGFz,1.015625
EEGFz,2.7421875
EEGFz,0.609375
EEGFz,0.7109375
EEGFz,2.03125
EEGFz,0.8125
EEGFz,0.7109375
EEGFz,1.9296875
EEGFz,0.8125
EEGFz,1.7265625
EEGFz,0.609375
EEGFz,1.3203125
EEGFz,0.609375
EEGFz,0.9140625
EEGFz,1.3203125
EEGFz,0.7109375
EEGFz,1.1171875
EEGFz,0.609375
EEGFz,2.234375
EEGFz,1.9296875
EEGFz,1.21875
EEGFz,0.609375
EEGFz,1.015625
EEGFz,0.9140625
EEGFz,0.8125
EEGFz,0.609375
EEGFz,0.609375
EEGFz,0.9140625
EEGFz,1.21875
EEGFz,2.1328125
EEGFz,0.609375
EEGFz,0.7109375
EEGFz,4.5703125
EEGFz,1.015625
EEGFz,4.671875
EEGFz,0.7109375
EEGFz,1.21875
EEGFz,1.421875
EEGFz,1.015625
EEGFz,0.609375
EEGFz,0.609375
EEGFz,1.21875
EEGFz,1.1171875
EEGFz,1.7265625
EEGFz,0.8125
EEGFz,1.3203125
EEGFz,0.8125
EEGFz,0.609375
EEGFz,0.9140625
EEGFz,0.609375
EEGFz,0.8125
EEGFz,0.609375
EEGFz,2.640625
EEGFz,0.7109375
EEGFz,0.8125
EEGFz,0.609375
EEGFz,1.1171875
EEGFz,1.1171875
EEGFz,0.9140625
EEGFz,0.7109375
EEGFz,2.03125
EEGFz,2.1328125
EEGFz,4.1640625
EEGFz,1.9296875
EEGFz,1.21875
EEGFz,1.21875
EEGFz,1.5234375
EEGFz,6.296875
EEGFz,1.1171875
EEGFz,1.015625
EEGFz,0.609375
EEGFz,1.1171875
EEGFz,0.609375
EEGFz,2.1328125
EEGFz,0.9140625
EEGFz,0.7109375
EEGFz,0.7109375
EEGFz,0.7109375
EEGFz,1.9296875
EEGFz,0.7109375
EEGFz,1.21875
EEGFz,2.234375
EEGFz,7.109375
EEGFz,1.1171875
EEGFz,0.7109375
EEGFz,0.7109375
EEGFz,1.5234375
EEGFz,3.7578125
EEGFz,0.7109375
EEGFz,1.015625
EEGFz,5.7890625
EEGFz,2.7421875
EEGFz,7.4140625
EEGFz,15.1328125
EEGFz,0.609375
EEGFz,1.3203125
EEGFz,2.4375
EEGFz,1.5234375
EEGFz,0.8125
EEGFz,5.7890625
EEGFz,0.8125
EEGFz,3.7578125
EEGFz,2.4375
EEGFz,3.5546875
EEGFz,1.21875
EEGFz,17.0625
EEGFz,9.140625
EEGFz,0.8125
EEGFz,1.1171875
EEGFz,2.84375
EEGFz,2.84375
EEGFz,3.046875
EEGFz,1.421875
EEGFz,1.9296875
EEGFz,8.8359375
EEGFz,3.046875
EEGFz,7.8203125
EEGFz,1.21875
EEGFz,7.4140625
EEGFz,1.9296875
EEGF4,1.21875
EEGF4,5.1796875
EEGF4,2.234375
EEGF4,0.7109375
EEGF4,1.21875
EEGF4,13.9140625
EEGF4,4.265625
EEGF4,0.609375
EEGF4,11.78125
EEGF4,0.9140625
EEGF4,5.5859375
EEGF4,1.5234375
EEGF4,3.7578125
EEGF4,1.21875
EEGF4,1.421875
EEGF4,2.03125
EEGF4,2.84375
EEGF4,7.515625
EEGF4,1.1171875
EEGF4,0.609375
EEGF4,0.7109375
EEGF4,1.21875
EEGF4,2.234375
EEGF4,0.7109375
EEGF4,3.25
EEGF4,0.7109375
EEGF4,4.671875
EEGF4,3.1484375
EEGF4,0.8125
EEGF4,2.234375
EEGF4,9.8515625
EEGF4,1.828125
EEGF4,8.9375
EEGF4,0.609375
EEGF4,3.7578125
EEGF4,1.1171875
EEGF4,0.7109375
EEGF4,6.6015625
EEGF4,0.7109375
EEGF4,1.3203125
EEGF4,1.421875
EEGF4,5.5859375
EEGF4,0.8125
EEGF4,4.0625
EEGF4,4.671875
EEGF4,1.1171875
EEGF4,5.3828125
EEGF4,0.9140625
EEGF4,3.7578125
EEGF4,3.5546875
EEGF4,3.453125
EEGF4,2.03125
EEGF4,1.5234375
EEGF4,8.734375
EEGF4,1.9296875
EEGF4,14.015625
EEGF4,1.828125
EEGF4,7.8203125
EEGF4,2.7421875
EEGF4,11.375
EEGF4,2.7421875
EEGF4,0.8125
EEGF4,0.7109375
EEGF4,3.9609375
EEGF4,0.9140625
EEGF4,0.7109375
EEGF4,6.703125
EEGF4,0.609375
EEGF4,2.234375
EEGF4,4.875
EEGF4,1.5234375
EEGF4,1.3203125
EEGF4,0.7109375
EEGF4,4.0625
EEGF4,5.1796875
EEGF4,1.3203125
EEGF4,1.5234375
EEGF4,0.8125
EEGF4,0.7109375
EEGF4,1.7265625
EEGF4,0.8125
EEGF4,4.265625
EEGF4,1.421875
EEGF4,2.1328125
EEGF4,3.5546875
EEGF4,0.7109375
EEGF4,3.859375
EEGF4,1.625
EEGF4,1.421875
EEGF4,0.7109375
EEGF4,2.3359375
EEGF4,2.4375
EEGF4,2.84375
EEGF4,1.625
EEGF4,1.421875
EEGF4,1.3203125
EEGF4,1.1171875
EEGF4,0.8125
EEGF4,2.1328125
EEGF4,1.421875
EEGF4,2.5390625
EEGF4,0.7109375
EEGF4,0.609375
EEGF4,0.609375
EEGF4,0.8125
EEGF4,2.5390625
EEGF4,0.9140625
EEGF4,0.609375
EEGF4,0.609375
EEGF4,0.8125
EEGF4,1.21875
EEGF4,1.421875
EEGF4,0.7109375
EEGF4,1.5234375
EEGF4,0.7109375
EEGF4,0.609375
EEGF4,0.7109375
EEGF4,0.8125
EEGF4,0.7109375
EEGF4,0.7109375
EEGF4,1.9296875
EEGF4,3.9609375
EEGF4,0.8125
EEGF4,0.9140625
EEGF4,5.078125
EEGF4,0.7109375
EEGF4,0.7109375
EEGF4,0.7109375
EEGF4,0.7109375
EEGF4,0.609375
EEGF4,0.609375
EEGF4,0.609375
EEGF4,0.9140625
EEGF4,0.9140625
EEGF4,1.3203125
EEGF4,1.3203125
EEGF4,0.9140625
EEGF4,1.421875
EEGF4,2.3359375
EEGF4,0.8125
EEGF4,1.1171875
EEGF4,1.21875
EEGF4,1.9296875
EEGF4,1.1171875
EEGF4,1.015625
EEGF4,2.9453125
EEGF4,0.609375
EEGF4,0.609375
EEGF4,0.7109375
EEGF4,0.9140625
EEGF4,1.7265625
EEGF4,2.7421875
EEGF4,1.828125
EEGF4,1.1171875
EEGF4,1.21875
EEGF4,0.609375
EEGF4,1.21875
EEGF4,0.9140625
EEGF4,0.9140625
EEGF4,0.609375
EEGF4,0.609375
EEGF4,0.7109375
EEGF4,0.609375
EEGF4,1.015625
EEGF4,0.609375
EEGF4,0.8125
EEGF4,1.21875
EEGF4,0.609375
EEGF4,1.1171875
EEGF4,4.265625
EEGF4,0.8125
EEGF4,0.7109375
EEGF4,1.015625
EEGF4,0.609375
EEGF4,1.3203125
EEGF4,1.3203125
EEGF4,1.3203125
EEGF4,2.03125
EEGF4,1.1171875
EEGF4,0.7109375
EEGF4,0.8125
EEGF4,1.625
EEGF4,0.7109375
EEGF4,0.7109375
EEGF4,1.015625
EEGF4,0.8125
EEGF4,1.21875
EEGF4,0.8125
EEGF4,1.5234375
EEGF4,1.015625
EEGF4,0.9140625
EEGF4,0.8125
EEGF4,0.7109375
EEGF4,0.7109375
EEGF4,0.609375
EEGF4,0.9140625
EEGF4,1.1171875
EEGF4,1.21875
EEGF4,1.21875
EEGF4,1.3203125
EEGF4,0.7109375
EEGF4,1.1171875
EEGF4,0.8125
EEGF4,0.609375
EEGF4,1.421875
EEGF4,0.609375
EEGF4,1.015625
EEGF4,1.1171875
EEGF4,3.7578125
EEGF4,0.8125
EEGF4,0.609375
EEGF4,0.609375
EEGF4,1.21875
EEGF4,3.3515625
EEGF4,0.8125
EEGF4,0.609375
EEGF4,0.7109375
EEGF4,0.7109375
EEGF4,0.9140625
EEGF4,0.9140625
EEGF4,0.8125
EEGF4,1.015625
EEGF4,0.609375
EEGF4,0.9140625
EEGF4,1.015625
EEGF4,1.1171875
EEGF4,1.21875
EEGF4,0.609375
EEGF4,1.21875
EEGF4,0.609375
EEGF4,0.8125
EEGF4,0.7109375
EEGF4,1.625
EEGF4,0.609375
EEGF4,0.7109375
EEGF4,0.609375
EEGF4,0.7109375
EEGF4,0.7109375
EEGF4,0.609375
EEGF4,5.7890625
EEGF4,0.609375
EEGF4,0.8125
EEGF4,0.7109375
EEGF4,0.609375
EEGF4,0.8125
EEGF4,2.4375
EEGF4,8.4296875
EEGF4,2.1328125
EEGF4,0.609375
EEGF4,2.03125
EEGF4,0.7109375
EEGF4,1.3203125
EEGF4,0.9140625
EEGF4,0.609375
EEGF4,1.3203125
EEGF4,0.8125
EEGF4,0.609375
EEGF4,0.8125
EEGF4,3.9609375
EEGF4,2.1328125
EEGF4,2.03125
EEGF4,3.65625
EEGF4,1.3203125
EEGF4,0.7109375
EEGF4,0.7109375
EEGF4,1.9296875
EEGF4,2.84375
EEGF4,0.9140625
EEGF4,2.7421875
EEGF4,0.609375
EEGF4,1.9296875
EEGF4,2.1328125
EEGF4,1.1171875
EEGF4,0.609375
EEGF4,0.609375
EEGF4,0.609375
EEGF4,0.609375
EEGF4,0.609375
EEGF4,3.5546875
EEGF4,0.9140625
EEGF4,0.609375
EEGF4,5.9921875
EEGF4,1.3203125
EEGF4,2.3359375
EEGF4,0.7109375
EEGF4,0.609375
EEGF4,0.8125
EEGF4,1.5234375
EEGF4,0.8125
EEGF4,0.609375
EEGF4,2.1328125
EEGF4,0.609375
EEGF4,2.9453125
EEGF4,0.8125
EEGF4,1.1171875
EEGF4,0.7109375
EEGF4,0.7109375
EEGF4,1.3203125
EEGF4,1.1171875
EEGF4,0.9140625
EEGF4,0.609375
EEGF4,1.5234375
EEGF4,1.21875
EEGF4,0.8125
EEGF4,0.7109375
EEGF4,0.609375
EEGF4,0.609375
EEGF4,0.9140625
EEGF4,0.609375
EEGF4,1.015625
EEGF4,0.7109375
EEGF4,0.609375
EEGF4,1.21875
EEGF4,1.5234375
EEGF4,0.9140625
EEGF4,4.7734375
EEGF4,0.7109375
EEGF4,2.9453125
EEGF4,0.8125
EEGF4,0.9140625
EEGF4,1.625
EEGF4,1.828125
EEGF4,0.7109375
EEGF4,2.84375
EEGF4,1.1171875
EEGF4,5.28125
EEGF4,0.8125
EEGF4,1.015625
EEGF4,0.8125
EEGF4,0.609375
EEGF4,0.609375
EEGF4,0.9140625
EEGF4,1.015625
EEGF4,0.7109375
EEGF4,1.1171875
EEGF4,0.8125
EEGF4,0.9140625
EEGF4,0.7109375
EEGF4,0.7109375
EEGF4,0.609375
EEGF4,0.609375
EEGF4,0.9140625
EEGF4,0.8125
EEGF4,0.8125
EEGF4,2.234375
EEGF4,0.7109375
EEGF4,0.7109375
EEGF4,0.7109375
EEGF4,2.03125
EEGF4,0.609375
EEGF4,0.7109375
EEGF4,1.21875
EEGF4,0.8125
EEGF4,0.7109375
EEGF4,0.609375
EEGF4,0.7109375
EEGF4,1.421875
EEGF4,2.7421875
EEGF4,0.609375
EEGF4,3.7578125
EEGF4,0.609375
EEGF4,0.9140625
EEGF4,0.7109375
EEGF4,3.7578125
EEGF4,6.703125
EEGF4,1.015625
EEGF4,2.7421875
EEGF4,0.7109375
EEGF4,5.5859375
EEGF4,0.609375
EEGF4,0.9140625
EEGF4,2.03125
EEGF4,1.1171875
EEGF4,0.609375
EEGF4,0.8125
EEGF4,0.8125
EEGF4,1.015625
EEGF4,0.609375
EEGF4,0.8125
EEGF4,0.7109375
EEGF4,1.3203125
EEGF4,0.7109375
EEGF4,0.7109375
EEGF4,2.1328125
EEGF4,0.8125
EEGF4,6.5
EEGF4,1.7265625
EEGF4,0.8125
EEGF4,2.5390625
EEGF4,7.4140625
EEGF4,0.9140625
EEGF4,8.53125
EEGF4,0.7109375
EEGF4,3.1484375
EEGF4,1.5234375
EEGF4,5.1796875
EEGF4,7.2109375
EEGF4,0.8125
EEGF4,8.4296875
EEGF4,8.125
EEGF4,0.7109375
EEGF4,7.6171875
EEGF4,3.453125
EEGF4,2.5390625
EEGF4,1.015625
EEGF4,8.328125
EEGF4,4.7734375
EEGF4,7.515625
EEGF4,2.03125
EEGF4,0.609375
EEGF4,4.875
EEGF4,6.90625
EEGF4,14.7265625
EEGF4,0.9140625
EEGF4,5.28125
EEGF4,0.7109375
EEGF4,3.25
EEGF4,0.609375
EEGF4,3.1484375
EEGF8,1.015625
EEGF8,4.5703125
EEGF8,0.609375
EEGF8,0.8125
EEGF8,9.34375
EEGF8,2.03125
EEGF8,3.046875
EEGF8,0.609375
EEGF8,1.21875
EEGF8,0.7109375
EEGF8,1.421875
EEGF8,3.3515625
EEGF8,0.8125
EEGF8,5.7890625
EEGF8,0.8125
EEGF8,3.5546875
EEGF8,1.1171875
EEGF8,1.5234375
EEGF8,0.9140625
EEGF8,2.84375
EEGF8,1.7265625
EEGF8,1.5234375
EEGF8,2.4375
EEGF8,0.8125
EEGF8,0.9140625
EEGF8,1.21875
EEGF8,4.3671875
EEGF8,3.3515625
EEGF8,2.1328125
EEGF8,4.5703125
EEGF8,3.046875
EEGF8,5.5859375
EEGF8,5.890625
EEGF8,0.9140625
EEGF8,1.015625
EEGF8,9.2421875
EEGF8,0.7109375
EEGF8,3.25
EEGF8,0.7109375
EEGF8,4.9765625
EEGF8,0.8125
EEGF8,0.7109375
EEGF8,1.21875
EEGF8,2.7421875
EEGF8,0.609375
EEGF8,8.6328125
EEGF8,0.9140625
EEGF8,3.65625
EEGF8,0.609375
EEGF8,6.296875
EEGF8,4.265625
EEGF8,3.5546875
EEGF8,0.7109375
EEGF8,1.015625
EEGF8,8.734375
EEGF8,1.9296875
EEGF8,7.921875
EEGF8,4.5703125
EEGF8,3.859375
EEGF8,1.1171875
EEGF8,0.7109375
EEGF8,2.9453125
EEGF8,12.59375
EEGF8,0.8125
EEGF8,0.8125
EEGF8,0.609375
EEGF8,0.9140625
EEGF8,2.640625
EEGF8,1.015625
EEGF8,2.1328125
EEGF8,4.1640625
EEGF8,1.5234375
EEGF8,0.8125
EEGF8,9.140625
EEGF8,4.1640625
EEGF8,3.859375
EEGF8,1.421875
EEGF8,2.4375
EEGF8,1.015625
EEGF8,0.609375
EEGF8,0.8125
EEGF8,0.8125
EEGF8,4.46875
EEGF8,0.7109375
EEGF8,1.7265625
EEGF8,1.015625
EEGF8,0.7109375
EEGF8,0.7109375
EEGF8,1.015625
EEGF8,4.9765625
EEGF8,1.828125
EEGF8,0.609375
EEGF8,2.03125
EEGF8,0.9140625
EEGF8,0.7109375
EEGF8,2.640625
EEGF8,1.7265625
EEGF8,1.421875
EEGF8,1.3203125
EEGF8,1.015625
EEGF8,1.828125
EEGF8,0.8125
EEGF8,0.7109375
EEGF8,1.421875
EEGF8,2.1328125
EEGF8,1.21875
EEGF8,0.9140625
EEGF8,2.640625
EEGF8,0.7109375
EEGF8,0.8125
EEGF8,1.3203125
EEGF8,0.7109375
EEGF8,0.609375
EEGF8,1.421875
EEGF8,0.9140625
EEGF8,0.8125
EEGF8,0.9140625
EEGF8,0.8125
EEGF8,0.609375
EEGF8,1.625
EEGF8,0.7109375
EEGF8,0.609375
EEGF8,0.9140625
EEGF8,4.3671875
EEGF8,1.1171875
EEGF8,0.9140625
EEGF8,0.7109375
EEGF8,0.7109375
EEGF8,0.9140625
EEGF8,1.015625
EEGF8,0.8125
EEGF8,0.7109375
EEGF8,1.5234375
EEGF8,0.609375
EEGF8,0.609375
EEGF8,0.609375
EEGF8,0.8125
EEGF8,0.7109375
EEGF8,1.21875
EEGF8,0.609375
EEGF8,0.609375
EEGF8,0.7109375
EEGF8,0.609375
EEGF8,1.21875
EEGF8,1.3203125
EEGF8,1.21875
EEGF8,0.7109375
EEGF8,0.609375
EEGF8,0.7109375
EEGF8,0.609375
EEGF8,0.7109375
EEGF8,0.9140625
EEGF8,0.609375
EEGF8,0.9140625
EEGF8,0.9140625
EEGF8,1.7265625
EEGF8,0.609375
EEGF8,2.3359375
EEGF8,0.7109375
EEGF8,0.609375
EEGF8,0.8125
EEGF8,0.7109375
EEGF8,1.625
EEGF8,0.7109375
EEGF8,1.3203125
EEGF8,0.7109375
EEGF8,0.609375
EEGF8,1.3203125
EEGF8,1.21875
EEGF8,0.7109375
EEGF8,0.609375
EEGF8,0.8125
EEGF8,3.5546875
EEGF8,0.609375
EEGF8,0.7109375
EEGF8,0.7109375
EEGF8,0.609375
EEGF8,0.7109375
EEGF8,5.078125
EEGF8,1.015625
EEGF8,0.8125
EEGF8,1.015625
EEGF8,0.609375
EEGF8,2.4375
EEGF8,0.7109375
EEGF8,7.4140625
EEGF8,1.828125
EEGF8,0.609375
EEGF8,0.7109375
EEGF8,0.609375
EEGF8,0.7109375
EEGF8,0.8125
EEGF8,0.8125
EEGF8,7.8203125
EEGF8,0.7109375
EEGF8,0.609375
EEGF8,1.828125
EEGF8,3.046875
EEGF8,0.609375
EEGF8,0.9140625
EEGF8,2.03125
EEGF8,0.609375
EEGF8,1.3203125
EEGF8,0.7109375
EEGF8,2.234375
EEGF8,0.8125
EEGF8,2.1328125
EEGF8,0.609375
EEGF8,2.234375
EEGF8,0.609375
EEGF8,5.7890625
EEGF8,0.8125
EEGF8,0.8125
EEGF8,1.421875
EEGF8,1.625
EEGF8,0.7109375
EEGF8,1.1171875
EEGF8,0.609375
EEGF8,0.7109375
EEGF8,0.8125
EEGF8,1.1171875
EEGF8,0.8125
EEGF8,0.609375
EEGF8,0.8125
EEGF8,0.609375
EEGF8,0.9140625
EEGF8,0.609375
EEGF8,1.015625
EEGF8,0.609375
EEGF8,0.7109375
EEGF8,0.609375
EEGF8,1.7265625
EEGF8,1.015625
EEGF8,1.1171875
EEGF8,1.1171875
EEGF8,2.640625
EEGF8,1.1171875
EEGF8,0.609375
EEGF8,0.8125
EEGF8,0.8125
EEGF8,3.5546875
EEGF8,1.625
EEGF8,0.9140625
EEGF8,4.7734375
EEGF8,0.9140625
EEGF8,0.7109375
EEGF8,0.8125
EEGF8,0.9140625
EEGF8,0.7109375
EEGF8,0.7109375
EEGF8,1.015625
EEGF8,0.609375
EEGF8,0.8125
EEGF8,0.8125
EEGF8,3.046875
EEGF8,1.3203125
EEGF8,1.1171875
EEGF8,0.8125
EEGF8,1.21875
EEGF8,0.7109375
EEGF8,0.8125
EEGF8,0.609375
EEGF8,2.84375
EEGF8,1.21875
EEGF8,0.609375
EEGF8,0.7109375
EEGF8,3.7578125
EEGF8,7.0078125
EEGF8,1.1171875
EEGF8,2.640625
EEGF8,1.625
EEGF8,0.609375
EEGF8,4.3671875
EEGF8,0.7109375
EEGF8,0.9140625
EEGF8,0.7109375
EEGF8,1.015625
EEGF8,0.609375
EEGF8,1.1171875
EEGF8,0.7109375
EEGF8,0.7109375
EEGF8,1.21875
EEGF8,2.640625
EEGF8,2.234375
EEGF8,3.65625
EEGF8,2.9453125
EEGF8,0.7109375
EEGF8,0.7109375
EEGF8,0.609375
EEGF8,7.515625
EEGF8,13.5078125
EEGF8,1.421875
EEGF8,0.7109375
EEGF8,3.25
EEGF8,0.8125
EEGF8,1.625
EEGF8,3.859375
EEGF8,20.3125
EEGF8,8.125
EEGF8,0.609375
EEGF8,2.4375
EEGF8,2.03125
EEGF8,0.609375
EEGF8,8.0234375
EEGF8,4.7734375
EEGF8,7.6171875
EEGF8,0.8125
EEGF8,4.1640625
EEGF8,0.8125
EEGF8,5.9921875
EEGF8,14.828125
EEGF8,0.609375
EEGF8,1.21875
EEGF8,2.9453125
EEGF8,0.8125
EEGF8,0.9140625
EEGF8,0.7109375
EEGF8,1.21875
EEGT3,1.421875
EEGT3,8.53125
EEGT3,2.1328125
EEGT3,40.1171875
EEGT3,5.484375
EEGT3,1.3203125
EEGT3,6.5
EEGT3,1.1171875
EEGT3,2.3359375
EEGT3,2.4375
EEGT3,0.7109375
EEGT3,3.1484375
EEGT3,5.3828125
EEGT3,3.7578125
EEGT3,2.03125
EEGT3,1.015625
EEGT3,6.6015625
EEGT3,7.921875
EEGT3,3.3515625
EEGT3,3.453125
EEGT3,0.609375
EEGT3,1.015625
EEGT3,13
EEGT3,8.0234375
EEGT3,1.828125
EEGT3,0.609375
EEGT3,2.640625
EEGT3,1.21875
EEGT3,1.9296875
EEGT3,19.90625
EEGT3,3.453125
EEGT3,13.3046875
EEGT3,4.1640625
EEGT3,2.1328125
EEGT3,0.9140625
EEGT3,6.296875
EEGT3,4.46875
EEGT3,2.7421875
EEGT3,1.828125
EEGT3,5.3828125
EEGT3,9.546875
EEGT3,1.9296875
EEGT3,3.859375
EEGT3,3.046875
EEGT3,4.875
EEGT3,12.796875
EEGT3,5.1796875
EEGT3,11.4765625
EEGT3,1.1171875
EEGT3,1.1171875
EEGT3,1.5234375
EEGT3,2.1328125
EEGT3,0.609375
EEGT3,1.5234375
EEGT3,2.640625
EEGT3,1.9296875
EEGT3,4.7734375
EEGT3,1.828125
EEGT3,3.3515625
EEGT3,0.7109375
EEGT3,0.9140625
EEGT3,5.9921875
EEGT3,12.6953125
EEGT3,1.7265625
EEGT3,6.1953125
EEGT3,3.859375
EEGT3,4.46875
EEGT3,2.9453125
EEGT3,2.3359375
EEGT3,1.828125
EEGT3,6.1953125
EEGT3,5.078125
EEGT3,5.3828125
EEGT3,0.609375
EEGT3,4.3671875
EEGT3,2.3359375
EEGT3,0.7109375
EEGT3,1.21875
EEGT3,0.609375
EEGT3,4.3671875
EEGT3,3.1484375
EEGT3,4.5703125
EEGT3,0.8125
EEGT3,2.9453125
EEGT3,3.65625
EEGT3,1.9296875
EEGT3,0.9140625
EEGT3,5.3828125
EEGT3,0.7109375
EEGT3,0.609375
EEGT3,0.9140625
EEGT3,1.5234375
EEGT3,2.7421875
EEGT3,0.8125
EEGT3,0.8125
EEGT3,2.1328125
EEGT3,0.8125
EEGT3,1.1171875
EEGT3,1.1171875
EEGT3,0.609375
EEGT3,0.8125
EEGT3,1.015625
EEGT3,1.21875
EEGT3,1.21875
EEGT3,0.7109375
EEGT3,1.21875
EEGT3,0.7109375
EEGT3,0.9140625
EEGT3,0.609375
EEGT3,1.015625
EEGT3,1.625
EEGT3,1.21875
EEGT3,1.21875
EEGT3,0.8125
EEGT3,1.828125
EEGT3,0.7109375
EEGT3,0.8125
EEGT3,5.5859375
EEGT3,1.1171875
EEGT3,0.9140625
EEGT3,1.015625
EEGT3,0.609375
EEGT3,2.5390625
EEGT3,0.609375
EEGT3,0.609375
EEGT3,1.421875
EEGT3,0.609375
EEGT3,0.609375
EEGT3,0.609375
EEGT3,0.7109375
EEGT3,1.1171875
EEGT3,0.7109375
EEGT3,1.421875
EEGT3,0.7109375
EEGT3,0.609375
EEGT3,0.609375
EEGT3,0.9140625
EEGT3,1.7265625
EEGT3,0.7109375
EEGT3,0.609375
EEGT3,0.8125
EEGT3,0.609375
EEGT3,0.8125
EEGT3,0.609375
EEGT3,3.9609375
EEGT3,0.9140625
EEGT3,1.015625
EEGT3,1.625
EEGT3,1.625
EEGT3,0.609375
EEGT3,0.609375
EEGT3,0.609375
EEGT3,0.7109375
EEGT3,0.609375
EEGT3,0.8125
EEGT3,3.1484375
EEGT3,0.9140625
EEGT3,0.8125
EEGT3,0.609375
EEGT3,0.9140625
EEGT3,1.828125
EEGT3,1.421875
EEGT3,3.3515625
EEGT3,0.8125
EEGT3,0.8125
EEGT3,0.609375
EEGT3,4.46875
EEGT3,1.828125
EEGT3,0.9140625
EEGT3,0.609375
EEGT3,0.609375
EEGT3,1.421875
EEGT3,6.8046875
EEGT3,1.7265625
EEGT3,0.7109375
EEGT3,1.015625
EEGT3,1.3203125
EEGT3,0.7109375
EEGT3,1.421875
EEGT3,0.8125
EEGT3,0.609375
EEGT3,7.8203125
EEGT3,0.8125
EEGT3,2.4375
EEGT3,2.84375
EEGT3,0.609375
EEGT3,0.8125
EEGT3,1.5234375
EEGT3,0.609375
EEGT3,0.609375
EEGT3,4.1640625
EEGT3,2.9453125
EEGT3,4.9765625
EEGT3,4.0625
EEGT3,6.90625
EEGT3,0.609375
EEGT3,1.5234375
EEGT3,1.7265625
EEGT3,6.296875
EEGT3,0.609375
EEGT3,0.8125
EEGT3,0.7109375
EEGT3,0.609375
EEGT3,2.03125
EEGT3,0.8125
EEGT3,3.3515625
EEGT3,1.7265625
EEGT3,0.609375
EEGT3,2.3359375
EEGT3,1.5234375
EEGT3,2.5390625
EEGT3,3.9609375
EEGT3,0.609375
EEGT3,1.1171875
EEGT3,0.7109375
EEGT3,2.3359375
EEGT3,0.7109375
EEGT3,0.7109375
EEGT3,2.640625
EEGT3,1.5234375
EEGT3,0.9140625
EEGT3,0.7109375
EEGT3,9.0390625
EEGT3,0.609375
EEGT3,1.5234375
EEGT3,0.609375
EEGT3,0.609375
EEGT3,0.9140625
EEGT3,1.1171875
EEGT3,0.7109375
EEGT3,0.609375
EEGT3,1.1171875
EEGT3,1.1171875
EEGT3,0.9140625
EEGT3,0.609375
EEGT3,1.015625
EEGT3,4.3671875
EEGT3,1.9296875
EEGT3,0.7109375
EEGT3,2.9453125
EEGT3,0.7109375
EEGT3,1.21875
EEGT3,1.9296875
EEGT3,1.828125
EEGT3,0.609375
EEGT3,1.015625
EEGT3,0.8125
EEGT3,3.1484375
EEGT3,0.8125
EEGT3,0.8125
EEGT3,1.625
EEGT3,0.9140625
EEGT3,2.4375
EEGT3,0.9140625
EEGT3,0.7109375
EEGT3,0.609375
EEGT3,0.7109375
EEGT3,1.421875
EEGT3,0.8125
EEGT3,0.7109375
EEGT3,1.3203125
EEGT3,1.1171875
EEGT3,0.9140625
EEGT3,0.8125
EEGT3,0.9140625
EEGT3,0.9140625
EEGT3,0.609375
EEGT3,0.9140625
EEGT3,2.9453125
EEGT3,2.640625
EEGT3,1.015625
EEGT3,1.5234375
EEGT3,1.1171875
EEGT3,0.8125
EEGT3,0.609375
EEGT3,7.921875
EEGT3,0.8125
EEGT3,1.21875
EEGT3,3.9609375
EEGT3,2.234375
EEGT3,0.7109375
EEGT3,0.7109375
EEGT3,2.84375
EEGT3,1.1171875
EEGT3,0.8125
EEGT3,0.609375
EEGT3,0.8125
EEGT3,0.9140625
EEGT3,0.609375
EEGT3,0.8125
EEGT3,1.625
EEGT3,2.3359375
EEGT3,0.7109375
EEGT3,0.7109375
EEGT3,3.7578125
EEGT3,1.9296875
EEGT3,0.7109375
EEGT3,1.015625
EEGT3,0.7109375
EEGT3,1.1171875
EEGT3,0.9140625
EEGT3,0.609375
EEGT3,0.609375
EEGT3,0.609375
EEGT3,1.421875
EEGT3,3.859375
EEGT3,4.3671875
EEGT3,1.1171875
EEGT3,4.1640625
EEGT3,1.421875
EEGT3,1.015625
EEGT3,1.21875
EEGT3,1.015625
EEGT3,2.4375
EEGT3,6.1953125
EEGT3,1.9296875
EEGT3,4.671875
EEGT3,1.21875
EEGT3,1.625
EEGT3,2.5390625
EEGT3,2.234375
EEGT3,3.046875
EEGT3,0.609375
EEGT3,0.8125
EEGT3,0.609375
EEGT3,1.1171875
EEGT3,0.7109375
EEGT3,0.609375
EEGT3,0.7109375
EEGT3,0.7109375
EEGT3,1.5234375
EEGT3,1.21875
EEGT3,0.609375
EEGT3,1.3203125
EEGT3,0.609375
EEGT3,2.234375
EEGT3,2.9453125
EEGT3,1.1171875
EEGT3,0.9140625
EEGT3,4.875
EEGT3,3.65625
EEGT3,0.9140625
EEGT3,9.4453125
EEGT3,3.453125
EEGT3,12.6953125
EEGT3,4.671875
EEGT3,10.15625
EEGT3,5.484375
EEGT3,3.7578125
EEGT3,3.1484375
EEGT3,0.9140625
EEGT3,5.9921875
EEGT3,8.4296875
EEGT3,1.9296875
EEGT3,2.4375
EEGT3,0.9140625
EEGT3,4.7734375
EEGT3,2.03125
EEGT3,5.1796875
EEGT3,9.4453125
EEGT3,2.234375
EEGT3,0.609375
EEGT3,4.265625
EEGT3,0.609375
EEGT3,1.3203125
EEGT3,4.0625
EEGT3,16.046875
EEGT3,0.609375
EEGT3,1.1171875
EEGT3,5.1796875
EEGT3,0.9140625
EEGT3,3.3515625
EEGT3,2.640625
EEGT3,0.609375
EEGC3,2.3359375
EEGC3,5.078125
EEGC3,1.828125
EEGC3,1.1171875
EEGC3,11.78125
EEGC3,6.6015625
EEGC3,0.9140625
EEGC3,2.7421875
EEGC3,4.265625
EEGC3,6.296875
EEGC3,9.953125
EEGC3,3.453125
EEGC3,0.609375
EEGC3,9.0390625
EEGC3,0.609375
EEGC3,2.4375
EEGC3,0.8125
EEGC3,14.3203125
EEGC3,2.03125
EEGC3,5.3828125
EEGC3,6.6015625
EEGC3,4.265625
EEGC3,6.3984375
EEGC3,15.9453125
EEGC3,8.125
EEGC3,1.828125
EEGC3,1.015625
EEGC3,2.7421875
EEGC3,1.3203125
EEGC3,0.8125
EEGC3,1.421875
EEGC3,18.3828125
EEGC3,1.5234375
EEGC3,1.015625
EEGC3,10.5625
EEGC3,1.421875
EEGC3,3.9609375
EEGC3,2.234375
EEGC3,1.1171875
EEGC3,5.7890625
EEGC3,4.46875
EEGC3,4.671875
EEGC3,6.3984375
EEGC3,1.828125
EEGC3,9.546875
EEGC3,11.6796875
EEGC3,1.625
EEGC3,6.1953125
EEGC3,5.7890625
EEGC3,1.015625
EEGC3,0.9140625
EEGC3,2.7421875
EEGC3,0.7109375
EEGC3,17.875
EEGC3,0.7109375
EEGC3,2.234375
EEGC3,0.609375
EEGC3,2.7421875
EEGC3,1.9296875
EEGC3,2.1328125
EEGC3,4.7734375
EEGC3,2.03125
EEGC3,0.7109375
EEGC3,2.9453125
EEGC3,0.8125
EEGC3,8.2265625
EEGC3,0.8125
EEGC3,5.1796875
EEGC3,6.703125
EEGC3,2.4375
EEGC3,4.7734375
EEGC3,3.1484375
EEGC3,1.625
EEGC3,1.421875
EEGC3,0.7109375
EEGC3,1.421875
EEGC3,9.140625
EEGC3,6.09375
EEGC3,3.7578125
EEGC3,0.609375
EEGC3,3.859375
EEGC3,1.1171875
EEGC3,0.609375
EEGC3,4.7734375
EEGC3,1.21875
EEGC3,2.84375
EEGC3,3.046875
EEGC3,2.5390625
EEGC3,1.828125
EEGC3,2.03125
EEGC3,3.3515625
EEGC3,1.828125
EEGC3,0.9140625
EEGC3,5.078125
EEGC3,0.609375
EEGC3,0.7109375
EEGC3,0.609375
EEGC3,0.8125
EEGC3,3.7578125
EEGC3,0.7109375
EEGC3,1.015625
EEGC3,1.9296875
EEGC3,1.015625
EEGC3,1.7265625
EEGC3,2.3359375
EEGC3,0.7109375
EEGC3,1.7265625
EEGC3,0.7109375
EEGC3,0.7109375
EEGC3,0.9140625
EEGC3,1.3203125
EEGC3,0.7109375
EEGC3,0.9140625
EEGC3,0.9140625
EEGC3,0.8125
EEGC3,1.3203125
EEGC3,0.8125
EEGC3,0.9140625
EEGC3,0.609375
EEGC3,0.8125
EEGC3,0.609375
EEGC3,1.015625
EEGC3,2.03125
EEGC3,0.7109375
EEGC3,0.7109375
EEGC3,0.609375
EEGC3,6.90625
EEGC3,0.8125
EEGC3,0.609375
EEGC3,0.8125
EEGC3,0.609375
EEGC3,2.5390625
EEGC3,0.9140625
EEGC3,0.7109375
EEGC3,2.1328125
EEGC3,1.015625
EEGC3,0.7109375
EEGC3,1.7265625
EEGC3,0.7109375
EEGC3,0.8125
EEGC3,1.21875
EEGC3,1.015625
EEGC3,1.015625
EEGC3,0.9140625
EEGC3,1.5234375
EEGC3,0.609375
EEGC3,1.015625
EEGC3,0.8125
EEGC3,1.421875
EEGC3,1.015625
EEGC3,0.9140625
EEGC3,3.046875
EEGC3,0.9140625
EEGC3,0.609375
EEGC3,0.609375
EEGC3,0.609375
EEGC3,0.609375
EEGC3,0.7109375
EEGC3,0.8125
EEGC3,0.609375
EEGC3,0.9140625
EEGC3,1.015625
EEGC3,1.3203125
EEGC3,0.609375
EEGC3,0.609375
EEGC3,1.015625
EEGC3,0.609375
EEGC3,1.3203125
EEGC3,2.5390625
EEGC3,2.3359375
EEGC3,2.1328125
EEGC3,0.7109375
EEGC3,0.7109375
EEGC3,0.609375
EEGC3,1.015625
EEGC3,0.7109375
EEGC3,0.609375
EEGC3,0.7109375
EEGC3,3.25
EEGC3,0.609375
EEGC3,0.7109375
EEGC3,0.8125
EEGC3,1.015625
EEGC3,0.7109375
EEGC3,0.8125
EEGC3,2.1328125
EEGC3,2.234375
EEGC3,0.609375
EEGC3,3.65625
EEGC3,1.5234375
EEGC3,0.7109375
EEGC3,0.8125
EEGC3,0.7109375
EEGC3,2.03125
EEGC3,0.9140625
EEGC3,6.296875
EEGC3,1.7265625
EEGC3,0.8125
EEGC3,0.609375
EEGC3,1.9296875
EEGC3,0.7109375
EEGC3,0.609375
EEGC3,0.609375
EEGC3,0.9140625
EEGC3,8.125
EEGC3,0.9140625
EEGC3,0.609375
EEGC3,2.234375
EEGC3,1.5234375
EEGC3,0.9140625
EEGC3,1.1171875
EEGC3,0.8125
EEGC3,1.1171875
EEGC3,9.4453125
EEGC3,5.1796875
EEGC3,1.1171875
EEGC3,0.9140625
EEGC3,0.7109375
EEGC3,0.609375
EEGC3,3.1484375
EEGC3,0.9140625
EEGC3,2.7421875
EEGC3,0.7109375
EEGC3,1.1171875
EEGC3,3.046875
EEGC3,1.7265625
EEGC3,1.015625
EEGC3,0.7109375
EEGC3,2.5390625
EEGC3,0.7109375
EEGC3,0.609375
EEGC3,0.8125
EEGC3,1.1171875
EEGC3,0.7109375
EEGC3,3.5546875
EEGC3,0.9140625
EEGC3,0.609375
EEGC3,3.453125
EEGC3,0.609375
EEGC3,1.21875
EEGC3,0.9140625
EEGC3,0.609375
EEGC3,7.4140625
EEGC3,1.3203125
EEGC3,1.21875
EEGC3,1.21875
EEGC3,0.609375
EEGC3,0.609375
EEGC3,1.1171875
EEGC3,0.7109375
EEGC3,2.1328125
EEGC3,0.609375
EEGC3,1.21875
EEGC3,0.609375
EEGC3,0.7109375
EEGC3,0.9140625
EEGC3,0.7109375
EEGC3,0.8125
EEGC3,2.7421875
EEGC3,0.609375
EEGC3,2.3359375
EEGC3,0.9140625
EEGC3,1.625
EEGC3,0.609375
EEGC3,0.7109375
EEGC3,0.7109375
EEGC3,0.9140625
EEGC3,0.609375
EEGC3,3.1484375
EEGC3,1.7265625
EEGC3,0.609375
EEGC3,0.9140625
EEGC3,1.015625
EEGC3,0.7109375
EEGC3,0.8125
EEGC3,1.7265625
EEGC3,0.9140625
EEGC3,2.3359375
EEGC3,0.8125
EEGC3,2.1328125
EEGC3,2.3359375
EEGC3,3.046875
EEGC3,0.609375
EEGC3,0.9140625
EEGC3,0.609375
EEGC3,0.7109375
EEGC3,0.609375
EEGC3,1.7265625
EEGC3,1.015625
EEGC3,1.015625
EEGC3,7.8203125
EEGC3,0.609375
EEGC3,1.21875
EEGC3,1.9296875
EEGC3,1.9296875
EEGC3,3.25
EEGC3,0.8125
EEGC3,0.8125
EEGC3,2.7421875
EEGC3,0.8125
EEGC3,1.9296875
EEGC3,2.234375
EEGC3,0.609375
EEGC3,0.7109375
EEGC3,0.8125
EEGC3,0.7109375
EEGC3,2.3359375
EEGC3,2.640625
EEGC3,1.7265625
EEGC3,1.015625
EEGC3,0.7109375
EEGC3,0.7109375
EEGC3,1.7265625
EEGC3,1.015625
EEGC3,0.9140625
EEGC3,3.25
EEGC3,1.421875
EEGC3,0.8125
EEGC3,0.609375
EEGC3,1.7265625
EEGC3,0.8125
EEGC3,3.3515625
EEGC3,1.1171875
EEGC3,1.21875
EEGC3,3.3515625
EEGC3,1.3203125
EEGC3,0.7109375
EEGC3,1.421875
EEGC3,1.1171875
EEGC3,4.46875
EEGC3,2.234375
EEGC3,1.828125
EEGC3,1.3203125
EEGC3,2.3359375
EEGC3,0.8125
EEGC3,4.3671875
EEGC3,0.9140625
EEGC3,0.7109375
EEGC3,3.046875
EEGC3,1.015625
EEGC3,0.7109375
EEGC3,0.9140625
EEGC3,1.015625
EEGC3,0.7109375
EEGC3,0.9140625
EEGC3,1.7265625
EEGC3,1.1171875
EEGC3,1.015625
EEGC3,1.3203125
EEGC3,0.609375
EEGC3,0.7109375
EEGC3,0.7109375
EEGC3,0.7109375
EEGC3,0.609375
EEGC3,1.1171875
EEGC3,1.1171875
EEGC3,0.8125
EEGC3,0.9140625
EEGC3,0.609375
EEGC3,0.8125
EEGC3,7.921875
EEGC3,0.7109375
EEGC3,0.9140625
EEGC3,9.0390625
EEGC3,1.421875
EEGC3,0.8125
EEGC3,9.4453125
EEGC3,1.7265625
EEGC3,4.7734375
EEGC3,9.8515625
EEGC3,4.671875
EEGC3,1.828125
EEGC3,0.609375
EEGC3,2.5390625
EEGC3,7.4140625
EEGC3,7.515625
EEGC3,10.15625
EEGC3,7.921875
EEGC3,5.9921875
EEGC3,10.15625
EEGC3,5.5859375
EEGC3,3.5546875
EEGC3,1.5234375
EEGC3,12.59375
EEGC3,2.7421875
EEGC3,1.015625
EEGC3,5.078125
EEGC3,0.8125
EEGC3,3.25
EEGC3,0.609375
EEGC3,1.421875
EEGCz,1.421875
EEGCz,5.28125
EEGCz,1.5234375
EEGCz,1.421875
EEGCz,0.609375
EEGCz,19.3984375
EEGCz,1.1171875
EEGCz,3.25
EEGCz,1.625
EEGCz,1.3203125
EEGCz,3.7578125
EEGCz,7.6171875
EEGCz,2.640625
EEGCz,1.015625
EEGCz,2.03125
EEGCz,0.609375
EEGCz,2.234375
EEGCz,0.7109375
EEGCz,0.9140625
EEGCz,14.3203125
EEGCz,0.7109375
EEGCz,5.484375
EEGCz,1.015625
EEGCz,8.125
EEGCz,10.0546875
EEGCz,9.140625
EEGCz,5.6875
EEGCz,2.84375
EEGCz,0.609375
EEGCz,6.09375
EEGCz,0.8125
EEGCz,1.9296875
EEGCz,0.8125
EEGCz,0.609375
EEGCz,1.21875
EEGCz,1.015625
EEGCz,9.34375
EEGCz,4.46875
EEGCz,3.1484375
EEGCz,1.625
EEGCz,0.8125
EEGCz,10.4609375
EEGCz,1.21875
EEGCz,3.7578125
EEGCz,0.8125
EEGCz,1.421875
EEGCz,0.609375
EEGCz,4.265625
EEGCz,4.46875
EEGCz,8.734375
EEGCz,1.9296875
EEGCz,1.21875
EEGCz,9.6484375
EEGCz,6.90625
EEGCz,13.3046875
EEGCz,4.875
EEGCz,7.109375
EEGCz,17.0625
EEGCz,0.7109375
EEGCz,2.3359375
EEGCz,5.6875
EEGCz,2.234375
EEGCz,4.875
EEGCz,1.9296875
EEGCz,0.7109375
EEGCz,0.609375
EEGCz,5.28125
EEGCz,1.421875
EEGCz,0.9140625
EEGCz,4.46875
EEGCz,4.1640625
EEGCz,2.4375
EEGCz,1.421875
EEGCz,3.5546875
EEGCz,6.703125
EEGCz,0.7109375
EEGCz,0.7109375
EEGCz,0.609375
EEGCz,0.8125
EEGCz,4.265625
EEGCz,1.7265625
EEGCz,3.3515625
EEGCz,5.28125
EEGCz,2.7421875
EEGCz,2.7421875
EEGCz,1.21875
EEGCz,0.7109375
EEGCz,1.1171875
EEGCz,0.609375
EEGCz,2.1328125
EEGCz,0.609375
EEGCz,0.7109375
EEGCz,2.5390625
EEGCz,2.03125
EEGCz,2.1328125
EEGCz,0.8125
EEGCz,3.046875
EEGCz,0.609375
EEGCz,5.078125
EEGCz,0.609375
EEGCz,0.609375
EEGCz,6.8046875
EEGCz,0.609375
EEGCz,0.8125
EEGCz,0.609375
EEGCz,0.7109375
EEGCz,2.3359375
EEGCz,0.9140625
EEGCz,4.0625
EEGCz,0.609375
EEGCz,2.1328125
EEGCz,0.7109375
EEGCz,0.609375
EEGCz,0.609375
EEGCz,0.7109375
EEGCz,0.7109375
EEGCz,6.1953125
EEGCz,0.609375
EEGCz,0.8125
EEGCz,0.8125
EEGCz,0.7109375
EEGCz,0.7109375
EEGCz,0.609375
EEGCz,0.7109375
EEGCz,1.015625
EEGCz,0.7109375
EEGCz,0.609375
EEGCz,1.015625
EEGCz,0.609375
EEGCz,1.3203125
EEGCz,0.9140625
EEGCz,0.9140625
EEGCz,1.1171875
EEGCz,2.5390625
EEGCz,1.7265625
EEGCz,3.859375
EEGCz,0.8125
EEGCz,1.015625
EEGCz,0.609375
EEGCz,1.015625
EEGCz,0.8125
EEGCz,0.609375
EEGCz,1.015625
EEGCz,0.7109375
EEGCz,0.609375
EEGCz,0.7109375
EEGCz,0.609375
EEGCz,0.609375
EEGCz,0.7109375
EEGCz,0.609375
EEGCz,0.9140625
EEGCz,1.015625
EEGCz,0.8125
EEGCz,0.8125
EEGCz,0.7109375
EEGCz,0.609375
EEGCz,1.3203125
EEGCz,1.1171875
EEGCz,0.7109375
EEGCz,0.7109375
EEGCz,0.9140625
EEGCz,0.609375
EEGCz,1.015625
EEGCz,0.609375
EEGCz,0.8125
EEGCz,1.21875
EEGCz,0.8125
EEGCz,1.21875
EEGCz,2.5390625
EEGCz,2.4375
EEGCz,2.1328125
EEGCz,1.9296875
EEGCz,1.3203125
EEGCz,0.609375
EEGCz,1.21875
EEGCz,0.8125
EEGCz,0.9140625
EEGCz,0.7109375
EEGCz,0.609375
EEGCz,0.609375
EEGCz,0.609375
EEGCz,0.7109375
EEGCz,1.015625
EEGCz,1.1171875
EEGCz,0.8125
EEGCz,7.3125
EEGCz,1.7265625
EEGCz,0.609375
EEGCz,0.8125
EEGCz,0.609375
EEGCz,8.4296875
EEGCz,3.25
EEGCz,0.609375
EEGCz,2.5390625
EEGCz,0.609375
EEGCz,0.9140625
EEGCz,0.9140625
EEGCz,11.171875
EEGCz,0.9140625
EEGCz,0.7109375
EEGCz,0.9140625
EEGCz,4.0625
EEGCz,0.9140625
EEGCz,0.8125
EEGCz,3.453125
EEGCz,1.3203125
EEGCz,1.9296875
EEGCz,1.9296875
EEGCz,0.9140625
EEGCz,2.1328125
EEGCz,2.640625
EEGCz,0.609375
EEGCz,0.7109375
EEGCz,0.8125
EEGCz,1.015625
EEGCz,1.015625
EEGCz,0.9140625
EEGCz,1.015625
EEGCz,0.609375
EEGCz,2.7421875
EEGCz,0.7109375
EEGCz,9.75
EEGCz,0.7109375
EEGCz,0.8125
EEGCz,2.03125
EEGCz,1.015625
EEGCz,0.609375
EEGCz,1.015625
EEGCz,1.3203125
EEGCz,0.8125
EEGCz,3.5546875
EEGCz,0.7109375
EEGCz,0.7109375
EEGCz,1.421875
EEGCz,0.8125
EEGCz,3.046875
EEGCz,0.609375
EEGCz,1.9296875
EEGCz,0.7109375
EEGCz,3.7578125
EEGCz,1.21875
EEGCz,1.9296875
EEGCz,0.8125
EEGCz,0.609375
EEGCz,3.046875
EEGCz,1.3203125
EEGCz,0.609375
EEGCz,0.8125
EEGCz,1.1171875
EEGCz,0.9140625
EEGCz,0.7109375
EEGCz,10.5625
EEGCz,3.046875
EEGCz,0.7109375
EEGCz,1.015625
EEGCz,2.1328125
EEGCz,0.8125
EEGCz,2.84375
EEGCz,0.7109375
EEGCz,1.9296875
EEGCz,0.9140625
EEGCz,0.8125
EEGCz,0.9140625
EEGCz,0.8125
EEGCz,2.03125
EEGCz,0.7109375
EEGCz,1.7265625
EEGCz,0.609375
EEGCz,0.9140625
EEGCz,2.640625
EEGCz,0.609375
EEGCz,0.7109375
EEGCz,1.9296875
EEGCz,0.609375
EEGCz,3.25
EEGCz,2.5390625
EEGCz,1.9296875
EEGCz,1.828125
EEGCz,4.9765625
EEGCz,0.7109375
EEGCz,1.7265625
EEGCz,6.8046875
EEGCz,0.8125
EEGCz,1.21875
EEGCz,0.7109375
EEGCz,1.7265625
EEGCz,0.8125
EEGCz,1.1171875
EEGCz,0.7109375
EEGCz,1.3203125
EEGCz,0.8125
EEGCz,1.015625
EEGCz,1.21875
EEGCz,0.7109375
EEGCz,0.9140625
EEGCz,2.640625
EEGCz,1.3203125
EEGCz,0.8125
EEGCz,0.609375
EEGCz,0.8125
EEGCz,7.0078125
EEGCz,0.9140625
EEGCz,0.8125
EEGCz,2.5390625
EEGCz,5.9921875
EEGCz,0.8125
EEGCz,0.8125
EEGCz,9.953125
EEGCz,7.515625
EEGCz,6.90625
EEGCz,1.828125
EEGCz,4.46875
EEGCz,0.7109375
EEGCz,0.8125
EEGCz,5.28125
EEGCz,7.0078125
EEGCz,10.359375
EEGCz,10.0546875
EEGCz,15.03125
EEGCz,0.609375
EEGCz,9.0390625
EEGCz,0.609375
EEGCz,6.90625
EEGCz,3.859375
EEGCz,1.625
EEGCz,10.4609375
EEGCz,0.609375
EEGCz,1.828125
EEGCz,4.9765625
EEGCz,0.8125
EEGCz,3.65625
EEGCz,1.3203125
EEGCz,0.8125
EEGCz,1.3203125
EEGC4,9.0390625
EEGC4,0.609375
EEGC4,0.8125
EEGC4,20.515625
EEGC4,1.421875
EEGC4,13.9140625
EEGC4,8.328125
EEGC4,1.7265625
EEGC4,2.84375
EEGC4,2.3359375
EEGC4,0.609375
EEGC4,0.9140625
EEGC4,17.5703125
EEGC4,2.5390625
EEGC4,7.3125
EEGC4,3.25
EEGC4,2.3359375
EEGC4,4.46875
EEGC4,3.7578125
EEGC4,2.03125
EEGC4,8.734375
EEGC4,11.375
EEGC4,0.609375
EEGC4,5.5859375
EEGC4,4.7734375
EEGC4,3.1484375
EEGC4,27.421875
EEGC4,12.2890625
EEGC4,7.6171875
EEGC4,3.5546875
EEGC4,1.421875
EEGC4,4.7734375
EEGC4,4.671875
EEGC4,4.5703125
EEGC4,3.1484375
EEGC4,3.1484375
EEGC4,10.15625
EEGC4,27.7265625
EEGC4,1.3203125
EEGC4,3.65625
EEGC4,17.265625
EEGC4,1.015625
EEGC4,2.3359375
EEGC4,0.8125
EEGC4,5.890625
EEGC4,2.3359375
EEGC4,4.875
EEGC4,2.5390625
EEGC4,3.5546875
EEGC4,8.2265625
EEGC4,17.875
EEGC4,7.515625
EEGC4,7.8203125
EEGC4,0.8125
EEGC4,1.21875
EEGC4,1.015625
EEGC4,1.828125
EEGC4,0.7109375
EEGC4,0.8125
EEGC4,1.421875
EEGC4,8.9375
EEGC4,4.9765625
EEGC4,1.21875
EEGC4,1.1171875
EEGC4,1.3203125
EEGC4,1.015625
EEGC4,0.609375
EEGC4,2.640625
EEGC4,4.1640625
EEGC4,3.9609375
EEGC4,0.609375
EEGC4,3.25
EEGC4,7.515625
EEGC4,1.21875
EEGC4,2.234375
EEGC4,5.5859375
EEGC4,1.1171875
EEGC4,0.9140625
EEGC4,2.9453125
EEGC4,1.1171875
EEGC4,1.1171875
EEGC4,2.3359375
EEGC4,0.8125
EEGC4,1.21875
EEGC4,2.234375
EEGC4,0.8125
EEGC4,1.9296875
EEGC4,0.9140625
EEGC4,0.7109375
EEGC4,0.9140625
EEGC4,0.8125
EEGC4,0.7109375
EEGC4,0.609375
EEGC4,0.609375
EEGC4,0.609375
EEGC4,2.84375
EEGC4,4.9765625
EEGC4,0.7109375
EEGC4,0.7109375
EEGC4,2.1328125
EEGC4,0.9140625
EEGC4,2.3359375
EEGC4,0.609375
EEGC4,1.015625
EEGC4,1.015625
EEGC4,2.1328125
EEGC4,0.609375
EEGC4,1.015625
EEGC4,0.7109375
EEGC4,1.21875
EEGC4,0.8125
EEGC4,1.21875
EEGC4,0.7109375
EEGC4,0.8125
EEGC4,1.421875
EEGC4,1.625
EEGC4,0.7109375
EEGC4,0.7109375
EEGC4,0.609375
EEGC4,0.8125
EEGC4,1.015625
EEGC4,0.7109375
EEGC4,1.015625
EEGC4,0.609375
EEGC4,0.7109375
EEGC4,1.1171875
EEGC4,0.7109375
EEGC4,0.8125
EEGC4,1.1171875
EEGC4,0.609375
EEGC4,0.609375
EEGC4,0.7109375
EEGC4,1.1171875
EEGC4,1.015625
EEGC4,3.65625
EEGC4,1.21875
EEGC4,1.5234375
EEGC4,1.21875
EEGC4,0.7109375
EEGC4,0.9140625
EEGC4,2.5390625
EEGC4,0.8125
EEGC4,0.9140625
EEGC4,0.609375
EEGC4,0.609375
EEGC4,1.21875
EEGC4,2.3359375
EEGC4,0.7109375
EEGC4,0.609375
EEGC4,0.609375
EEGC4,2.03125
EEGC4,0.8125
EEGC4,5.890625
EEGC4,0.609375
EEGC4,1.015625
EEGC4,6.3984375
EEGC4,1.1171875
EEGC4,0.7109375
EEGC4,0.609375
EEGC4,1.625
EEGC4,0.609375
EEGC4,0.9140625
EEGC4,0.7109375
EEGC4,0.609375
EEGC4,0.7109375
EEGC4,8.328125
EEGC4,0.7109375
EEGC4,0.8125
EEGC4,0.609375
EEGC4,2.7421875
EEGC4,0.609375
EEGC4,1.015625
EEGC4,0.609375
EEGC4,0.7109375
EEGC4,0.609375
EEGC4,1.3203125
EEGC4,2.3359375
EEGC4,7.921875
EEGC4,0.609375
EEGC4,0.7109375
EEGC4,1.625
EEGC4,1.828125
EEGC4,6.1953125
EEGC4,1.5234375
EEGC4,2.9453125
EEGC4,1.7265625
EEGC4,0.609375
EEGC4,0.609375
EEGC4,3.046875
EEGC4,0.9140625
EEGC4,0.609375
EEGC4,2.1328125
EEGC4,0.609375
EEGC4,0.609375
EEGC4,0.609375
EEGC4,0.8125
EEGC4,2.03125
EEGC4,0.609375
EEGC4,1.21875
EEGC4,0.9140625
EEGC4,4.265625
EEGC4,1.1171875
EEGC4,1.421875
EEGC4,0.609375
EEGC4,0.7109375
EEGC4,0.8125
EEGC4,0.7109375
EEGC4,4.875
EEGC4,1.421875
EEGC4,0.609375
EEGC4,2.4375
EEGC4,1.21875
EEGC4,1.7265625
EEGC4,0.7109375
EEGC4,3.1484375
EEGC4,0.9140625
EEGC4,2.7421875
EEGC4,4.265625
EEGC4,0.7109375
EEGC4,0.609375
EEGC4,0.7109375
EEGC4,0.609375
EEGC4,0.8125
EEGC4,0.8125
EEGC4,0.7109375
EEGC4,2.84375
EEGC4,1.015625
EEGC4,0.609375
EEGC4,0.8125
EEGC4,0.609375
EEGC4,0.7109375
EEGC4,1.5234375
EEGC4,0.9140625
EEGC4,0.609375
EEGC4,1.828125
EEGC4,0.7109375
EEGC4,0.609375
EEGC4,0.7109375
EEGC4,0.609375
EEGC4,3.046875
EEGC4,0.609375
EEGC4,2.4375
EEGC4,1.1171875
EEGC4,0.609375
EEGC4,5.484375
EEGC4,0.9140625
EEGC4,0.9140625
EEGC4,0.7109375
EEGC4,1.9296875
EEGC4,0.609375
EEGC4,0.609375
EEGC4,0.8125
EEGC4,0.609375
EEGC4,0.8125
EEGC4,0.609375
EEGC4,0.8125
EEGC4,1.1171875
EEGC4,0.7109375
EEGC4,0.7109375
EEGC4,0.7109375
EEGC4,1.1171875
EEGC4,1.21875
EEGC4,0.609375
EEGC4,0.9140625
EEGC4,0.8125
EEGC4,0.7109375
EEGC4,0.8125
EEGC4,0.7109375
EEGC4,0.7109375
EEGC4,0.7109375
EEGC4,0.609375
EEGC4,0.609375
EEGC4,2.7421875
EEGC4,1.3203125
EEGC4,0.8125
EEGC4,0.609375
EEGC4,1.3203125
EEGC4,0.609375
EEGC4,0.609375
EEGC4,1.1171875
EEGC4,0.7109375
EEGC4,2.9453125
EEGC4,7.109375
EEGC4,4.875
EEGC4,3.453125
EEGC4,0.7109375
EEGC4,6.5
EEGC4,0.7109375
EEGC4,1.7265625
EEGC4,0.9140625
EEGC4,0.609375
EEGC4,1.21875
EEGC4,1.21875
EEGC4,1.1171875
EEGC4,0.7109375
EEGC4,0.8125
EEGC4,0.609375
EEGC4,1.015625
EEGC4,1.625
EEGC4,1.015625
EEGC4,0.609375
EEGC4,1.3203125
EEGC4,0.7109375
EEGC4,0.7109375
EEGC4,2.234375
EEGC4,1.3203125
EEGC4,3.3515625
EEGC4,3.1484375
EEGC4,3.5546875
EEGC4,2.84375
EEGC4,1.828125
EEGC4,0.609375
EEGC4,2.5390625
EEGC4,7.921875
EEGC4,0.8125
EEGC4,1.015625
EEGC4,10.15625
EEGC4,6.703125
EEGC4,10.15625
EEGC4,3.859375
EEGC4,2.4375
EEGC4,7.71875
EEGC4,9.0390625
EEGC4,10.5625
EEGC4,7.8203125
EEGC4,1.1171875
EEGC4,15.1328125
EEGC4,1.21875
EEGC4,9.0390625
EEGC4,1.625
EEGC4,5.6875
EEGC4,2.1328125
EEGC4,6.8046875
EEGC4,16.453125
EEGC4,1.828125
EEGC4,1.828125
EEGC4,0.9140625
EEGC4,1.828125
EEGC4,3.9609375
EEGC4,1.828125
EEGC4,0.8125
EEGT4,1.21875
EEGT4,5.078125
EEGT4,1.1171875
EEGT4,0.609375
EEGT4,0.609375
EEGT4,0.9140625
EEGT4,10.765625
EEGT4,10.5625
EEGT4,2.3359375
EEGT4,0.8125
EEGT4,1.7265625
EEGT4,6.09375
EEGT4,8.734375
EEGT4,10.6640625
EEGT4,4.671875
EEGT4,0.8125
EEGT4,3.25
EEGT4,1.5234375
EEGT4,2.1328125
EEGT4,7.8203125
EEGT4,1.7265625
EEGT4,7.3125
EEGT4,6.8046875
EEGT4,4.3671875
EEGT4,4.0625
EEGT4,26.1015625
EEGT4,2.5390625
EEGT4,4.7734375
EEGT4,0.7109375
EEGT4,1.1171875
EEGT4,4.0625
EEGT4,14.9296875
EEGT4,5.9921875
EEGT4,12.796875
EEGT4,6.90625
EEGT4,1.7265625
EEGT4,1.015625
EEGT4,6.90625
EEGT4,4.3671875
EEGT4,4.265625
EEGT4,0.8125
EEGT4,4.9765625
EEGT4,0.8125
EEGT4,8.328125
EEGT4,10.8671875
EEGT4,5.7890625
EEGT4,9.2421875
EEGT4,7.6171875
EEGT4,13.9140625
EEGT4,0.7109375
EEGT4,1.1171875
EEGT4,0.9140625
EEGT4,0.8125
EEGT4,2.9453125
EEGT4,5.890625
EEGT4,4.671875
EEGT4,1.625
EEGT4,10.8671875
EEGT4,2.1328125
EEGT4,1.015625
EEGT4,4.265625
EEGT4,10.6640625
EEGT4,0.609375
EEGT4,3.453125
EEGT4,1.015625
EEGT4,1.625
EEGT4,2.84375
EEGT4,1.21875
EEGT4,1.21875
EEGT4,1.7265625
EEGT4,4.9765625
EEGT4,1.828125
EEGT4,2.7421875
EEGT4,4.7734375
EEGT4,0.7109375
EEGT4,0.9140625
EEGT4,9.34375
EEGT4,1.421875
EEGT4,0.9140625
EEGT4,2.4375
EEGT4,2.640625
EEGT4,3.453125
EEGT4,1.3203125
EEGT4,1.3203125
EEGT4,0.609375
EEGT4,1.3203125
EEGT4,5.078125
EEGT4,1.3203125
EEGT4,1.421875
EEGT4,1.421875
EEGT4,2.5390625
EEGT4,0.7109375
EEGT4,0.7109375
EEGT4,0.8125
EEGT4,2.9453125
EEGT4,2.9453125
EEGT4,0.8125
EEGT4,0.8125
EEGT4,0.609375
EEGT4,2.234375
EEGT4,0.609375
EEGT4,2.234375
EEGT4,0.7109375
EEGT4,1.421875
EEGT4,0.609375
EEGT4,0.7109375
EEGT4,0.609375
EEGT4,0.609375
EEGT4,0.7109375
EEGT4,0.9140625
EEGT4,1.7265625
EEGT4,0.609375
EEGT4,0.609375
EEGT4,0.9140625
EEGT4,0.609375
EEGT4,1.015625
EEGT4,0.8125
EEGT4,6.1953125
EEGT4,1.015625
EEGT4,0.609375
EEGT4,0.609375
EEGT4,0.7109375
EEGT4,0.7109375
EEGT4,0.8125
EEGT4,0.9140625
EEGT4,0.609375
EEGT4,0.8125
EEGT4,0.8125
EEGT4,2.03125
EEGT4,0.7109375
EEGT4,0.7109375
EEGT4,1.421875
EEGT4,0.8125
EEGT4,0.7109375
EEGT4,0.8125
EEGT4,0.7109375
EEGT4,0.609375
EEGT4,0.609375
EEGT4,0.609375
EEGT4,0.9140625
EEGT4,0.7109375
EEGT4,5.078125
EEGT4,2.84375
EEGT4,0.7109375
EEGT4,0.7109375
EEGT4,1.015625
EEGT4,2.7421875
EEGT4,1.1171875
EEGT4,0.609375
EEGT4,1.1171875
EEGT4,3.65625
EEGT4,0.609375
EEGT4,1.21875
EEGT4,0.8125
EEGT4,0.8125
EEGT4,0.609375
EEGT4,1.21875
EEGT4,0.609375
EEGT4,0.609375
EEGT4,1.828125
EEGT4,0.609375
EEGT4,0.8125
EEGT4,0.609375
EEGT4,1.21875
EEGT4,0.8125
EEGT4,3.5546875
EEGT4,2.3359375
EEGT4,1.015625
EEGT4,0.7109375
EEGT4,0.9140625
EEGT4,0.9140625
EEGT4,0.9140625
EEGT4,0.609375
EEGT4,4.9765625
EEGT4,6.1953125
EEGT4,0.7109375
EEGT4,0.8125
EEGT4,2.1328125
EEGT4,1.1171875
EEGT4,1.015625
EEGT4,1.21875
EEGT4,1.625
EEGT4,2.9453125
EEGT4,0.7109375
EEGT4,0.9140625
EEGT4,7.515625
EEGT4,0.609375
EEGT4,0.609375
EEGT4,0.8125
EEGT4,2.03125
EEGT4,1.1171875
EEGT4,1.5234375
EEGT4,0.609375
EEGT4,0.7109375
EEGT4,1.421875
EEGT4,0.609375
EEGT4,0.8125
EEGT4,0.7109375
EEGT4,1.625
EEGT4,0.9140625
EEGT4,1.828125
EEGT4,5.6875
EEGT4,4.671875
EEGT4,0.609375
EEGT4,1.015625
EEGT4,3.25
EEGT4,3.7578125
EEGT4,0.8125
EEGT4,0.8125
EEGT4,0.7109375
EEGT4,2.1328125
EEGT4,1.9296875
EEGT4,1.3203125
EEGT4,3.1484375
EEGT4,0.7109375
EEGT4,0.609375
EEGT4,0.609375
EEGT4,1.9296875
EEGT4,0.609375
EEGT4,0.609375
EEGT4,6.6015625
EEGT4,1.3203125
EEGT4,0.609375
EEGT4,1.015625
EEGT4,1.421875
EEGT4,4.0625
EEGT4,2.7421875
EEGT4,0.7109375
EEGT4,0.609375
EEGT4,0.609375
EEGT4,1.421875
EEGT4,2.5390625
EEGT4,0.609375
EEGT4,8.53125
EEGT4,0.609375
EEGT4,2.4375
EEGT4,1.015625
EEGT4,1.421875
EEGT4,0.8125
EEGT4,1.1171875
EEGT4,1.21875
EEGT4,0.8125
EEGT4,1.21875
EEGT4,0.8125
EEGT4,1.7265625
EEGT4,1.1171875
EEGT4,2.7421875
EEGT4,3.859375
EEGT4,2.03125
EEGT4,1.421875
EEGT4,1.1171875
EEGT4,0.8125
EEGT4,0.609375
EEGT4,1.015625
EEGT4,0.9140625
EEGT4,1.625
EEGT4,0.7109375
EEGT4,1.015625
EEGT4,4.1640625
EEGT4,1.3203125
EEGT4,0.609375
EEGT4,0.609375
EEGT4,0.7109375
EEGT4,1.1171875
EEGT4,1.7265625
EEGT4,0.609375
EEGT4,0.609375
EEGT4,0.9140625
EEGT4,0.609375
EEGT4,0.7109375
EEGT4,0.8125
EEGT4,1.1171875
EEGT4,0.609375
EEGT4,0.7109375
EEGT4,0.609375
EEGT4,0.7109375
EEGT4,1.015625
EEGT4,4.7734375
EEGT4,0.8125
EEGT4,5.9921875
EEGT4,0.609375
EEGT4,2.234375
EEGT4,2.5390625
EEGT4,1.1171875
EEGT4,9.0390625
EEGT4,0.8125
EEGT4,2.640625
EEGT4,1.015625
EEGT4,2.03125
EEGT4,2.640625
EEGT4,0.7109375
EEGT4,0.609375
EEGT4,2.9453125
EEGT4,2.234375
EEGT4,0.609375
EEGT4,1.828125
EEGT4,0.609375
EEGT4,0.8125
EEGT4,1.625
EEGT4,1.421875
EEGT4,2.3359375
EEGT4,0.9140625
EEGT4,0.609375
EEGT4,3.453125
EEGT4,0.7109375
EEGT4,1.625
EEGT4,0.609375
EEGT4,1.7265625
EEGT4,0.7109375
EEGT4,0.609375
EEGT4,1.421875
EEGT4,2.640625
EEGT4,0.8125
EEGT4,2.84375
EEGT4,2.3359375
EEGT4,2.234375
EEGT4,1.5234375
EEGT4,0.7109375
EEGT4,0.9140625
EEGT4,0.7109375
EEGT4,1.21875
EEGT4,2.03125
EEGT4,1.625
EEGT4,7.515625
EEGT4,1.625
EEGT4,3.5546875
EEGT4,1.015625
EEGT4,9.75
EEGT4,0.609375
EEGT4,1.9296875
EEGT4,2.234375
EEGT4,1.1171875
EEGT4,2.84375
EEGT4,1.1171875
EEGT4,1.015625
EEGT4,1.015625
EEGT4,0.609375
EEGT4,0.8125
EEGT4,1.421875
EEGT4,0.7109375
EEGT4,1.21875
EEGT4,3.65625
EEGT4,2.3359375
EEGT4,3.65625
EEGT4,4.875
EEGT4,0.7109375
EEGT4,6.8046875
EEGT4,0.609375
EEGT4,16.65625
EEGT4,3.1484375
EEGT4,17.875
EEGT4,5.6875
EEGT4,4.0625
EEGT4,6.90625
EEGT4,8.0234375
EEGT4,7.6171875
EEGT4,1.1171875
EEGT4,7.2109375
EEGT4,6.09375
EEGT4,9.953125
EEGT4,1.015625
EEGT4,4.7734375
EEGT4,1.828125
EEGT4,6.90625
EEGT4,3.7578125
EEGT4,6.5
EEGT4,2.7421875
EEGT4,8.53125
EEGT4,1.3203125
EEGT4,1.3203125
EEGT4,3.046875
EEGT4,1.421875
EEGT4,1.1171875
EEGT5,2.5390625
EEGT5,4.7734375
EEGT5,2.4375
EEGT5,2.4375
EEGT5,5.7890625
EEGT5,2.03125
EEGT5,0.609375
EEGT5,15.234375
EEGT5,13.8125
EEGT5,4.0625
EEGT5,2.234375
EEGT5,3.453125
EEGT5,5.28125
EEGT5,2.4375
EEGT5,1.3203125
EEGT5,2.9453125
EEGT5,5.484375
EEGT5,4.46875
EEGT5,1.828125
EEGT5,0.9140625
EEGT5,6.8046875
EEGT5,10.359375
EEGT5,3.1484375
EEGT5,4.7734375
EEGT5,7.8203125
EEGT5,1.1171875
EEGT5,1.5234375
EEGT5,3.859375
EEGT5,1.9296875
EEGT5,7.921875
EEGT5,1.421875
EEGT5,2.640625
EEGT5,0.609375
EEGT5,6.1953125
EEGT5,4.875
EEGT5,10.2578125
EEGT5,1.015625
EEGT5,1.421875
EEGT5,2.640625
EEGT5,8.0234375
EEGT5,7.515625
EEGT5,1.7265625
EEGT5,0.7109375
EEGT5,0.8125
EEGT5,2.7421875
EEGT5,2.5390625
EEGT5,2.7421875
EEGT5,4.875
EEGT5,5.7890625
EEGT5,2.1328125
EEGT5,2.234375
EEGT5,10.96875
EEGT5,6.8046875
EEGT5,3.25
EEGT5,5.7890625
EEGT5,12.2890625
EEGT5,3.7578125
EEGT5,0.609375
EEGT5,3.859375
EEGT5,6.3984375
EEGT5,4.875
EEGT5,4.5703125
EEGT5,3.1484375
EEGT5,3.7578125
EEGT5,1.1171875
EEGT5,0.8125
EEGT5,0.609375
EEGT5,4.3671875
EEGT5,3.046875
EEGT5,0.8125
EEGT5,7.0078125
EEGT5,5.890625
EEGT5,12.59375
EEGT5,2.03125
EEGT5,5.484375
EEGT5,8.8359375
EEGT5,3.65625
EEGT5,0.9140625
EEGT5,2.03125
EEGT5,1.828125
EEGT5,14.421875
EEGT5,6.1953125
EEGT5,3.25
EEGT5,1.21875
EEGT5,0.7109375
EEGT5,1.828125
EEGT5,3.25
EEGT5,1.21875
EEGT5,4.265625
EEGT5,1.21875
EEGT5,2.3359375
EEGT5,4.671875
EEGT5,3.3515625
EEGT5,1.015625
EEGT5,3.453125
EEGT5,1.7265625
EEGT5,1.21875
EEGT5,0.7109375
EEGT5,5.9921875
EEGT5,1.421875
EEGT5,0.9140625
EEGT5,0.8125
EEGT5,1.828125
EEGT5,4.7734375
EEGT5,1.828125
EEGT5,1.015625
EEGT5,1.9296875
EEGT5,0.7109375
EEGT5,1.9296875
EEGT5,0.7109375
EEGT5,0.609375
EEGT5,1.21875
EEGT5,1.1171875
EEGT5,1.015625
EEGT5,2.234375
EEGT5,1.3203125
EEGT5,0.8125
EEGT5,0.8125
EEGT5,0.7109375
EEGT5,0.9140625
EEGT5,1.015625
EEGT5,0.609375
EEGT5,0.8125
EEGT5,1.1171875
EEGT5,0.7109375
EEGT5,1.421875
EEGT5,0.609375
EEGT5,0.609375
EEGT5,0.7109375
EEGT5,0.9140625
EEGT5,2.1328125
EEGT5,0.609375
EEGT5,1.625
EEGT5,0.609375
EEGT5,0.7109375
EEGT5,0.8125
EEGT5,1.21875
EEGT5,1.21875
EEGT5,8.0234375
EEGT5,0.8125
EEGT5,2.1328125
EEGT5,0.609375
EEGT5,0.8125
EEGT5,1.7265625
EEGT5,0.609375
EEGT5,1.3203125
EEGT5,0.9140625
EEGT5,0.609375
EEGT5,0.8125
EEGT5,0.7109375
EEGT5,1.015625
EEGT5,0.9140625
EEGT5,0.7109375
EEGT5,1.1171875
EEGT5,0.609375
EEGT5,1.21875
EEGT5,0.7109375
EEGT5,1.21875
EEGT5,0.609375
EEGT5,0.9140625
EEGT5,0.9140625
EEGT5,0.609375
EEGT5,1.015625
EEGT5,0.8125
EEGT5,0.609375
EEGT5,0.609375
EEGT5,0.8125
EEGT5,0.7109375
EEGT5,0.8125
EEGT5,0.9140625
EEGT5,0.7109375
EEGT5,0.8125
EEGT5,0.7109375
EEGT5,0.7109375
EEGT5,1.828125
EEGT5,0.9140625
EEGT5,3.046875
EEGT5,2.234375
EEGT5,1.9296875
EEGT5,1.21875
EEGT5,0.609375
EEGT5,0.609375
EEGT5,2.640625
EEGT5,0.7109375
EEGT5,1.5234375
EEGT5,2.9453125
EEGT5,3.3515625
EEGT5,1.21875
EEGT5,0.609375
EEGT5,0.9140625
EEGT5,0.609375
EEGT5,6.1953125
EEGT5,0.9140625
EEGT5,1.015625
EEGT5,0.9140625
EEGT5,0.8125
EEGT5,0.609375
EEGT5,0.8125
EEGT5,6.3984375
EEGT5,3.3515625
EEGT5,0.609375
EEGT5,0.7109375
EEGT5,2.4375
EEGT5,7.515625
EEGT5,1.828125
EEGT5,2.03125
EEGT5,4.1640625
EEGT5,2.84375
EEGT5,1.1171875
EEGT5,0.7109375
EEGT5,3.25
EEGT5,2.3359375
EEGT5,6.6015625
EEGT5,2.5390625
EEGT5,0.8125
EEGT5,2.7421875
EEGT5,1.1171875
EEGT5,1.3203125
EEGT5,0.7109375
EEGT5,0.9140625
EEGT5,0.8125
EEGT5,1.625
EEGT5,1.625
EEGT5,1.015625
EEGT5,1.625
EEGT5,2.640625
EEGT5,6.8046875
EEGT5,1.828125
EEGT5,0.609375
EEGT5,0.8125
EEGT5,6.1953125
EEGT5,0.9140625
EEGT5,0.609375
EEGT5,0.609375
EEGT5,0.9140625
EEGT5,0.7109375
EEGT5,0.7109375
EEGT5,0.609375
EEGT5,0.8125
EEGT5,3.9609375
EEGT5,1.421875
EEGT5,0.609375
EEGT5,3.25
EEGT5,2.1328125
EEGT5,2.3359375
EEGT5,0.609375
EEGT5,0.9140625
EEGT5,4.0625
EEGT5,2.7421875
EEGT5,0.609375
EEGT5,1.625
EEGT5,2.5390625
EEGT5,0.7109375
EEGT5,1.015625
EEGT5,1.9296875
EEGT5,0.609375
EEGT5,1.21875
EEGT5,0.609375
EEGT5,6.8046875
EEGT5,1.9296875
EEGT5,1.828125
EEGT5,0.609375
EEGT5,0.609375
EEGT5,0.609375
EEGT5,0.7109375
EEGT5,2.5390625
EEGT5,1.21875
EEGT5,0.609375
EEGT5,0.7109375
EEGT5,0.9140625
EEGT5,1.21875
EEGT5,0.8125
EEGT5,0.8125
EEGT5,0.8125
EEGT5,3.9609375
EEGT5,0.7109375
EEGT5,0.7109375
EEGT5,3.65625
EEGT5,1.1171875
EEGT5,2.640625
EEGT5,1.421875
EEGT5,2.03125
EEGT5,0.609375
EEGT5,3.453125
EEGT5,0.8125
EEGT5,1.1171875
EEGT5,0.8125
EEGT5,1.015625
EEGT5,0.7109375
EEGT5,0.7109375
EEGT5,0.7109375
EEGT5,0.9140625
EEGT5,2.640625
EEGT5,3.25
EEGT5,1.21875
EEGT5,2.3359375
EEGT5,0.7109375
EEGT5,1.625
EEGT5,0.609375
EEGT5,2.03125
EEGT5,0.8125
EEGT5,0.9140625
EEGT5,1.1171875
EEGT5,0.7109375
EEGT5,0.9140625
EEGT5,2.640625
EEGT5,0.9140625
EEGT5,0.7109375
EEGT5,1.015625
EEGT5,1.015625
EEGT5,0.7109375
EEGT5,0.7109375
EEGT5,1.9296875
EEGT5,1.015625
EEGT5,1.9296875
EEGT5,3.3515625
EEGT5,8.53125
EEGT5,0.8125
EEGT5,2.234375
EEGT5,0.8125
EEGT5,3.25
EEGT5,3.25
EEGT5,1.5234375
EEGT5,1.7265625
EEGT5,0.9140625
EEGT5,4.1640625
EEGT5,2.1328125
EEGT5,1.3203125
EEGT5,4.46875
EEGT5,2.7421875
EEGT5,0.7109375
EEGT5,0.609375
EEGT5,1.015625
EEGT5,3.046875
EEGT5,2.5390625
EEGT5,1.5234375
EEGT5,0.9140625
EEGT5,0.7109375
EEGT5,0.7109375
EEGT5,0.609375
EEGT5,0.609375
EEGT5,1.828125
EEGT5,2.1328125
EEGT5,1.1171875
EEGT5,1.1171875
EEGT5,1.5234375
EEGT5,3.5546875
EEGT5,1.21875
EEGT5,5.3828125
EEGT5,0.8125
EEGT5,1.21875
EEGT5,0.609375
EEGT5,1.7265625
EEGT5,2.234375
EEGT5,11.375
EEGT5,5.9921875
EEGT5,1.625
EEGT5,8.734375
EEGT5,0.8125
EEGT5,1.5234375
EEGT5,0.7109375
EEGT5,0.7109375
EEGT5,0.609375
EEGT5,1.21875
EEGT5,0.7109375
EEGT5,1.1171875
EEGT5,2.1328125
EEGT5,0.7109375
EEGT5,1.015625
EEGT5,1.5234375
EEGT5,0.8125
EEGT5,1.015625
EEGT5,0.609375
EEGT5,0.7109375
EEGT5,1.015625
EEGT5,0.7109375
EEGT5,1.3203125
EEGT5,0.609375
EEGT5,2.1328125
EEGT5,0.7109375
EEGT5,1.1171875
EEGT5,1.625
EEGT5,1.9296875
EEGT5,0.7109375
EEGT5,0.609375
EEGT5,0.8125
EEGT5,2.03125
EEGT5,1.1171875
EEGT5,2.9453125
EEGT5,5.890625
EEGT5,3.65625
EEGT5,0.7109375
EEGT5,12.4921875
EEGT5,1.7265625
EEGT5,1.421875
EEGT5,23.0546875
EEGT5,4.5703125
EEGT5,13.8125
EEGT5,3.453125
EEGT5,2.5390625
EEGT5,2.4375
EEGT5,3.046875
EEGT5,4.1640625
EEGT5,5.5859375
EEGT5,3.7578125
EEGT5,3.5546875
EEGT5,0.7109375
EEGT5,4.265625
EEGT5,1.5234375
EEGT5,3.453125
EEGT5,14.015625
EEGT5,0.7109375
EEGT5,2.234375
EEGT5,4.875
EEGT5,1.5234375
EEGT5,3.453125
EEGT5,0.9140625
EEGT5,2.234375
EEGT5,0.609375
EEGP3,1.7265625
EEGP3,4.875
EEGP3,0.7109375
EEGP3,0.7109375
EEGP3,1.21875
EEGP3,5.9921875
EEGP3,2.9453125
EEGP3,1.828125
EEGP3,2.234375
EEGP3,2.7421875
EEGP3,3.859375
EEGP3,4.3671875
EEGP3,0.9140625
EEGP3,4.3671875
EEGP3,2.03125
EEGP3,4.0625
EEGP3,0.609375
EEGP3,9.0390625
EEGP3,2.9453125
EEGP3,2.9453125
EEGP3,5.7890625
EEGP3,1.9296875
EEGP3,3.25
EEGP3,0.609375
EEGP3,13.40625
EEGP3,3.859375
EEGP3,5.890625
EEGP3,4.7734375
EEGP3,2.9453125
EEGP3,9.34375
EEGP3,2.5390625
EEGP3,2.84375
EEGP3,0.609375
EEGP3,6.09375
EEGP3,19.8046875
EEGP3,1.421875
EEGP3,0.7109375
EEGP3,1.7265625
EEGP3,15.5390625
EEGP3,2.4375
EEGP3,0.9140625
EEGP3,8.2265625
EEGP3,4.265625
EEGP3,7.109375
EEGP3,7.6171875
EEGP3,9.0390625
EEGP3,2.3359375
EEGP3,3.7578125
EEGP3,10.4609375
EEGP3,1.7265625
EEGP3,6.3984375
EEGP3,1.3203125
EEGP3,2.7421875
EEGP3,1.1171875
EEGP3,4.46875
EEGP3,8.328125
EEGP3,1.015625
EEGP3,0.609375
EEGP3,1.5234375
EEGP3,2.5390625
EEGP3,10.5625
EEGP3,2.4375
EEGP3,4.3671875
EEGP3,3.5546875
EEGP3,0.8125
EEGP3,7.921875
EEGP3,1.1171875
EEGP3,5.078125
EEGP3,7.2109375
EEGP3,2.640625
EEGP3,14.3203125
EEGP3,1.5234375
EEGP3,1.015625
EEGP3,0.7109375
EEGP3,0.7109375
EEGP3,1.21875
EEGP3,1.7265625
EEGP3,6.3984375
EEGP3,4.46875
EEGP3,6.09375
EEGP3,5.1796875
EEGP3,2.3359375
EEGP3,0.7109375
EEGP3,2.03125
EEGP3,4.5703125
EEGP3,1.1171875
EEGP3,2.5390625
EEGP3,1.015625
EEGP3,10.359375
EEGP3,0.609375
EEGP3,0.9140625
EEGP3,2.3359375
EEGP3,0.8125
EEGP3,0.609375
EEGP3,0.7109375
EEGP3,0.9140625
EEGP3,0.9140625
EEGP3,4.7734375
EEGP3,0.8125
EEGP3,0.609375
EEGP3,0.7109375
EEGP3,1.5234375
EEGP3,0.609375
EEGP3,1.3203125
EEGP3,1.21875
EEGP3,0.609375
EEGP3,1.828125
EEGP3,0.609375
EEGP3,0.609375
EEGP3,0.7109375
EEGP3,0.7109375
EEGP3,0.609375
EEGP3,0.609375
EEGP3,3.046875
EEGP3,1.015625
EEGP3,0.8125
EEGP3,1.015625
EEGP3,1.1171875
EEGP3,5.7890625
EEGP3,0.7109375
EEGP3,1.015625
EEGP3,0.8125
EEGP3,1.421875
EEGP3,0.7109375
EEGP3,0.9140625
EEGP3,0.609375
EEGP3,0.8125
EEGP3,0.609375
EEGP3,0.9140625
EEGP3,0.9140625
EEGP3,0.9140625
EEGP3,1.21875
EEGP3,0.609375
EEGP3,0.7109375
EEGP3,0.7109375
EEGP3,0.9140625
EEGP3,0.609375
EEGP3,0.7109375
EEGP3,1.015625
EEGP3,0.609375
EEGP3,1.7265625
EEGP3,1.015625
EEGP3,1.21875
EEGP3,0.9140625
EEGP3,1.21875
EEGP3,1.1171875
EEGP3,0.9140625
EEGP3,2.5390625
EEGP3,0.7109375
EEGP3,1.9296875
EEGP3,0.7109375
EEGP3,1.015625
EEGP3,0.609375
EEGP3,0.7109375
EEGP3,0.7109375
EEGP3,0.609375
EEGP3,1.625
EEGP3,0.8125
EEGP3,0.9140625
EEGP3,0.9140625
EEGP3,2.7421875
EEGP3,0.7109375
EEGP3,0.609375
EEGP3,0.609375
EEGP3,0.8125
EEGP3,1.015625
EEGP3,0.8125
EEGP3,0.7109375
EEGP3,0.609375
EEGP3,1.421875
EEGP3,3.25
EEGP3,0.609375
EEGP3,0.609375
EEGP3,0.9140625
EEGP3,1.015625
EEGP3,0.9140625
EEGP3,2.3359375
EEGP3,2.03125
EEGP3,4.265625
EEGP3,1.015625
EEGP3,0.609375
EEGP3,1.3203125
EEGP3,1.1171875
EEGP3,0.7109375
EEGP3,1.3203125
EEGP3,0.7109375
EEGP3,3.25
EEGP3,2.03125
EEGP3,0.609375
EEGP3,0.8125
EEGP3,2.03125
EEGP3,0.609375
EEGP3,15.03125
EEGP3,1.625
EEGP3,1.828125
EEGP3,1.21875
EEGP3,0.9140625
EEGP3,0.609375
EEGP3,2.3359375
EEGP3,1.015625
EEGP3,0.609375
EEGP3,4.3671875
EEGP3,3.1484375
EEGP3,1.9296875
EEGP3,0.9140625
EEGP3,1.7265625
EEGP3,4.1640625
EEGP3,0.7109375
EEGP3,0.609375
EEGP3,2.84375
EEGP3,1.421875
EEGP3,4.9765625
EEGP3,11.984375
EEGP3,0.8125
EEGP3,0.7109375
EEGP3,3.046875
EEGP3,0.7109375
EEGP3,2.7421875
EEGP3,0.8125
EEGP3,0.609375
EEGP3,1.625
EEGP3,1.421875
EEGP3,1.828125
EEGP3,2.1328125
EEGP3,0.9140625
EEGP3,3.25
EEGP3,1.3203125
EEGP3,0.8125
EEGP3,0.8125
EEGP3,0.9140625
EEGP3,3.25
EEGP3,0.609375
EEGP3,0.609375
EEGP3,0.609375
EEGP3,0.8125
EEGP3,2.4375
EEGP3,2.4375
EEGP3,0.609375
EEGP3,1.7265625
EEGP3,0.609375
EEGP3,0.7109375
EEGP3,0.609375
EEGP3,0.609375
EEGP3,4.1640625
EEGP3,1.9296875
EEGP3,0.7109375
EEGP3,2.03125
EEGP3,0.7109375
EEGP3,0.609375
EEGP3,0.7109375
EEGP3,0.609375
EEGP3,0.609375
EEGP3,0.609375
EEGP3,0.7109375
EEGP3,0.7109375
EEGP3,0.7109375
EEGP3,1.015625
EEGP3,0.7109375
EEGP3,4.7734375
EEGP3,2.03125
EEGP3,2.3359375
EEGP3,3.5546875
EEGP3,1.015625
EEGP3,0.609375
EEGP3,0.609375
EEGP3,0.609375
EEGP3,0.9140625
EEGP3,0.9140625
EEGP3,2.03125
EEGP3,1.21875
EEGP3,1.1171875
EEGP3,5.5859375
EEGP3,1.015625
EEGP3,2.1328125
EEGP3,1.7265625
EEGP3,1.5234375
EEGP3,0.7109375
EEGP3,1.9296875
EEGP3,0.7109375
EEGP3,0.609375
EEGP3,0.7109375
EEGP3,0.9140625
EEGP3,1.21875
EEGP3,0.8125
EEGP3,0.7109375
EEGP3,2.9453125
EEGP3,1.1171875
EEGP3,2.3359375
EEGP3,0.8125
EEGP3,2.4375
EEGP3,2.3359375
EEGP3,0.8125
EEGP3,0.7109375
EEGP3,0.609375
EEGP3,2.234375
EEGP3,0.8125
EEGP3,2.234375
EEGP3,0.7109375
EEGP3,2.1328125
EEGP3,1.625
EEGP3,0.9140625
EEGP3,1.9296875
EEGP3,1.421875
EEGP3,0.609375
EEGP3,1.828125
EEGP3,0.609375
EEGP3,2.5390625
EEGP3,1.015625
EEGP3,1.3203125
EEGP3,1.3203125
EEGP3,6.5
EEGP3,1.421875
EEGP3,1.015625
EEGP3,0.7109375
EEGP3,2.1328125
EEGP3,1.828125
EEGP3,1.625
EEGP3,3.7578125
EEGP3,2.9453125
EEGP3,0.8125
EEGP3,0.8125
EEGP3,0.8125
EEGP3,2.84375
EEGP3,0.9140625
EEGP3,1.828125
EEGP3,2.03125
EEGP3,1.625
EEGP3,3.1484375
EEGP3,1.1171875
EEGP3,1.421875
EEGP3,0.8125
EEGP3,3.1484375
EEGP3,0.8125
EEGP3,0.8125
EEGP3,0.609375
EEGP3,1.421875
EEGP3,0.7109375
EEGP3,1.828125
EEGP3,2.03125
EEGP3,0.9140625
EEGP3,2.234375
EEGP3,0.8125
EEGP3,1.1171875
EEGP3,0.7109375
EEGP3,1.625
EEGP3,1.9296875
EEGP3,0.7109375
EEGP3,4.3671875
EEGP3,1.9296875
EEGP3,0.7109375
EEGP3,3.7578125
EEGP3,1.1171875
EEGP3,1.3203125
EEGP3,0.609375
EEGP3,1.1171875
EEGP3,2.3359375
EEGP3,2.640625
EEGP3,3.3515625
EEGP3,2.03125
EEGP3,2.234375
EEGP3,2.1328125
EEGP3,1.1171875
EEGP3,0.609375
EEGP3,1.421875
EEGP3,0.9140625
EEGP3,2.4375
EEGP3,0.609375
EEGP3,0.7109375
EEGP3,1.1171875
EEGP3,0.609375
EEGP3,1.625
EEGP3,1.21875
EEGP3,0.609375
EEGP3,0.9140625
EEGP3,0.7109375
EEGP3,2.234375
EEGP3,0.609375
EEGP3,1.5234375
EEGP3,0.7109375
EEGP3,1.828125
EEGP3,1.3203125
EEGP3,0.609375
EEGP3,5.6875
EEGP3,2.3359375
EEGP3,4.0625
EEGP3,2.84375
EEGP3,1.21875
EEGP3,0.8125
EEGP3,9.140625
EEGP3,7.2109375
EEGP3,8.2265625
EEGP3,0.609375
EEGP3,4.671875
EEGP3,2.1328125
EEGP3,9.546875
EEGP3,1.7265625
EEGP3,3.25
EEGP3,1.3203125
EEGP3,3.65625
EEGP3,0.609375
EEGP3,0.9140625
EEGP3,7.0078125
EEGP3,9.4453125
EEGP3,10.2578125
EEGP3,0.609375
EEGP3,5.1796875
EEGP3,1.3203125
EEGP3,2.5390625
EEGP3,3.046875
EEGP3,10.765625
EEGP3,1.015625
EEGP3,0.8125
EEGP3,0.9140625
EEGP3,0.8125
EEGP3,0.8125
EEGP3,1.5234375
EEGP3,1.828125
EEGP3,0.8125
EEGPz,1.421875
EEGPz,1.1171875
EEGPz,0.609375
EEGPz,0.609375
EEGPz,0.8125
EEGPz,1.015625
EEGPz,1.828125
EEGPz,10.0546875
EEGPz,0.609375
EEGPz,0.609375
EEGPz,2.03125
EEGPz,2.1328125
EEGPz,2.03125
EEGPz,1.21875
EEGPz,0.7109375
EEGPz,1.5234375
EEGPz,3.25
EEGPz,1.1171875
EEGPz,0.9140625
EEGPz,1.9296875
EEGPz,1.828125
EEGPz,1.828125
EEGPz,5.5859375
EEGPz,7.3125
EEGPz,7.71875
EEGPz,2.4375
EEGPz,1.015625
EEGPz,0.9140625
EEGPz,3.1484375
EEGPz,1.9296875
EEGPz,5.28125
EEGPz,0.609375
EEGPz,0.7109375
EEGPz,3.5546875
EEGPz,5.9921875
EEGPz,1.625
EEGPz,5.5859375
EEGPz,9.953125
EEGPz,1.625
EEGPz,2.9453125
EEGPz,0.9140625
EEGPz,1.1171875
EEGPz,1.21875
EEGPz,3.3515625
EEGPz,2.1328125
EEGPz,3.7578125
EEGPz,0.7109375
EEGPz,5.078125
EEGPz,4.3671875
EEGPz,9.140625
EEGPz,0.609375
EEGPz,0.7109375
EEGPz,9.0390625
EEGPz,5.484375
EEGPz,11.8828125
EEGPz,8.6328125
EEGPz,1.1171875
EEGPz,4.7734375
EEGPz,2.7421875
EEGPz,12.6953125
EEGPz,0.7109375
EEGPz,4.875
EEGPz,3.9609375
EEGPz,1.015625
EEGPz,4.1640625
EEGPz,1.015625
EEGPz,0.8125
EEGPz,2.640625
EEGPz,8.328125
EEGPz,0.609375
EEGPz,0.8125
EEGPz,3.453125
EEGPz,2.7421875
EEGPz,0.7109375
EEGPz,1.421875
EEGPz,1.421875
EEGPz,0.7109375
EEGPz,2.4375
EEGPz,8.125
EEGPz,0.609375
EEGPz,0.9140625
EEGPz,2.640625
EEGPz,1.421875
EEGPz,7.3125
EEGPz,1.9296875
EEGPz,5.3828125
EEGPz,1.3203125
EEGPz,3.7578125
EEGPz,1.9296875
EEGPz,3.3515625
EEGPz,3.859375
EEGPz,0.9140625
EEGPz,0.609375
EEGPz,3.25
EEGPz,1.015625
EEGPz,2.7421875
EEGPz,0.9140625
EEGPz,3.046875
EEGPz,1.3203125
EEGPz,1.828125
EEGPz,0.7109375
EEGPz,3.3515625
EEGPz,0.7109375
EEGPz,3.1484375
EEGPz,3.7578125
EEGPz,0.609375
EEGPz,0.7109375
EEGPz,0.609375
EEGPz,1.5234375
EEGPz,1.828125
EEGPz,0.9140625
EEGPz,0.609375
EEGPz,0.7109375
EEGPz,1.1171875
EEGPz,1.015625
EEGPz,0.609375
EEGPz,0.609375
EEGPz,0.8125
EEGPz,0.9140625
EEGPz,0.609375
EEGPz,0.9140625
EEGPz,0.7109375
EEGPz,0.9140625
EEGPz,0.609375
EEGPz,1.1171875
EEGPz,2.7421875
EEGPz,0.9140625
EEGPz,0.7109375
EEGPz,0.609375
EEGPz,1.7265625
EEGPz,0.7109375
EEGPz,0.7109375
EEGPz,1.015625
EEGPz,1.421875
EEGPz,0.7109375
EEGPz,0.609375
EEGPz,0.9140625
EEGPz,0.609375
EEGPz,0.8125
EEGPz,1.5234375
EEGPz,0.609375
EEGPz,1.21875
EEGPz,1.21875
EEGPz,1.21875
EEGPz,1.1171875
EEGPz,0.8125
EEGPz,0.609375
EEGPz,1.1171875
EEGPz,0.609375
EEGPz,1.21875
EEGPz,1.015625
EEGPz,1.21875
EEGPz,2.5390625
EEGPz,1.015625
EEGPz,1.015625
EEGPz,0.8125
EEGPz,1.3203125
EEGPz,0.609375
EEGPz,1.1171875
EEGPz,2.4375
EEGPz,0.8125
EEGPz,0.8125
EEGPz,0.7109375
EEGPz,0.8125
EEGPz,0.609375
EEGPz,0.609375
EEGPz,0.7109375
EEGPz,1.3203125
EEGPz,0.609375
EEGPz,1.015625
EEGPz,0.609375
EEGPz,0.9140625
EEGPz,0.609375
EEGPz,0.9140625
EEGPz,1.015625
EEGPz,0.609375
EEGPz,1.7265625
EEGPz,1.015625
EEGPz,0.9140625
EEGPz,0.609375
EEGPz,3.3515625
EEGPz,0.8125
EEGPz,2.4375
EEGPz,0.609375
EEGPz,0.7109375
EEGPz,1.625
EEGPz,1.3203125
EEGPz,0.8125
EEGPz,0.7109375
EEGPz,0.609375
EEGPz,0.8125
EEGPz,1.015625
EEGPz,0.8125
EEGPz,0.7109375
EEGPz,0.7109375
EEGPz,0.8125
EEGPz,0.609375
EEGPz,1.21875
EEGPz,3.1484375
EEGPz,0.609375
EEGPz,0.609375
EEGPz,1.1171875
EEGPz,7.0078125
EEGPz,1.21875
EEGPz,0.609375
EEGPz,1.1171875
EEGPz,0.9140625
EEGPz,0.8125
EEGPz,0.609375
EEGPz,10.15625
EEGPz,1.828125
EEGPz,1.9296875
EEGPz,0.609375
EEGPz,0.9140625
EEGPz,2.4375
EEGPz,0.9140625
EEGPz,1.5234375
EEGPz,2.4375
EEGPz,1.5234375
EEGPz,1.3203125
EEGPz,1.625
EEGPz,0.7109375
EEGPz,0.7109375
EEGPz,1.015625
EEGPz,1.7265625
EEGPz,1.015625
EEGPz,1.9296875
EEGPz,0.609375
EEGPz,0.8125
EEGPz,2.234375
EEGPz,1.421875
EEGPz,0.9140625
EEGPz,0.7109375
EEGPz,6.6015625
EEGPz,0.7109375
EEGPz,0.609375
EEGPz,6.1953125
EEGPz,0.7109375
EEGPz,0.7109375
EEGPz,0.609375
EEGPz,0.7109375
EEGPz,0.9140625
EEGPz,0.609375
EEGPz,1.828125
EEGPz,0.609375
EEGPz,2.1328125
EEGPz,0.7109375
EEGPz,0.7109375
EEGPz,0.609375
EEGPz,2.5390625
EEGPz,1.015625
EEGPz,1.421875
EEGPz,0.8125
EEGPz,0.609375
EEGPz,0.609375
EEGPz,2.84375
EEGPz,0.7109375
EEGPz,0.9140625
EEGPz,1.015625
EEGPz,0.8125
EEGPz,0.8125
EEGPz,0.7109375
EEGPz,1.015625
EEGPz,0.609375
EEGPz,1.828125
EEGPz,1.7265625
EEGPz,0.609375
EEGPz,3.7578125
EEGPz,0.609375
EEGPz,1.015625
EEGPz,1.421875
EEGPz,0.9140625
EEGPz,1.625
EEGPz,4.0625
EEGPz,0.609375
EEGPz,1.7265625
EEGPz,2.7421875
EEGPz,1.015625
EEGPz,0.7109375
EEGPz,0.609375
EEGPz,2.3359375
EEGPz,1.3203125
EEGPz,0.609375
EEGPz,8.0234375
EEGPz,2.4375
EEGPz,0.609375
EEGPz,1.421875
EEGPz,1.9296875
EEGPz,0.7109375
EEGPz,2.1328125
EEGPz,0.609375
EEGPz,0.9140625
EEGPz,0.7109375
EEGPz,0.609375
EEGPz,0.9140625
EEGPz,0.609375
EEGPz,0.7109375
EEGPz,4.0625
EEGPz,0.7109375
EEGPz,0.609375
EEGPz,1.7265625
EEGPz,0.609375
EEGPz,8.125
EEGPz,1.015625
EEGPz,0.8125
EEGPz,3.046875
EEGPz,0.609375
EEGPz,0.609375
EEGPz,1.21875
EEGPz,2.03125
EEGPz,0.8125
EEGPz,0.7109375
EEGPz,1.5234375
EEGPz,1.015625
EEGPz,1.1171875
EEGPz,0.9140625
EEGPz,1.015625
EEGPz,1.21875
EEGPz,0.7109375
EEGPz,0.7109375
EEGPz,0.609375
EEGPz,1.015625
EEGPz,0.8125
EEGPz,0.8125
EEGPz,0.9140625
EEGPz,1.015625
EEGPz,0.7109375
EEGPz,0.9140625
EEGPz,3.453125
EEGPz,0.7109375
EEGPz,0.609375
EEGPz,0.9140625
EEGPz,1.9296875
EEGPz,0.9140625
EEGPz,0.9140625
EEGPz,0.8125
EEGPz,5.890625
EEGPz,0.7109375
EEGPz,6.90625
EEGPz,6.09375
EEGPz,6.1953125
EEGPz,0.8125
EEGPz,0.7109375
EEGPz,4.1640625
EEGPz,0.609375
EEGPz,0.7109375
EEGPz,1.9296875
EEGPz,1.21875
EEGPz,5.9921875
EEGPz,0.7109375
EEGPz,6.09375
EEGPz,4.671875
EEGPz,3.65625
EEGPz,3.9609375
EEGPz,1.1171875
EEGPz,2.640625
EEGPz,0.7109375
EEGPz,0.9140625
EEGPz,0.9140625
EEGPz,4.0625
EEGPz,0.8125
EEGPz,0.7109375
EEGPz,0.7109375
EEGPz,0.7109375
EEGPz,0.8125
EEGP4,2.03125
EEGP4,4.9765625
EEGP4,1.015625
EEGP4,0.7109375
EEGP4,20.921875
EEGP4,0.609375
EEGP4,3.1484375
EEGP4,1.1171875
EEGP4,5.3828125
EEGP4,6.1953125
EEGP4,1.1171875
EEGP4,0.8125
EEGP4,1.7265625
EEGP4,2.640625
EEGP4,4.3671875
EEGP4,2.1328125
EEGP4,0.9140625
EEGP4,3.046875
EEGP4,4.46875
EEGP4,5.28125
EEGP4,3.7578125
EEGP4,3.5546875
EEGP4,0.8125
EEGP4,8.0234375
EEGP4,7.515625
EEGP4,7.8203125
EEGP4,0.9140625
EEGP4,0.609375
EEGP4,0.7109375
EEGP4,3.046875
EEGP4,1.1171875
EEGP4,4.671875
EEGP4,2.234375
EEGP4,1.1171875
EEGP4,0.9140625
EEGP4,1.7265625
EEGP4,16.9609375
EEGP4,3.5546875
EEGP4,3.5546875
EEGP4,10.4609375
EEGP4,7.2109375
EEGP4,3.65625
EEGP4,4.671875
EEGP4,3.7578125
EEGP4,5.9921875
EEGP4,9.8515625
EEGP4,10.8671875
EEGP4,2.84375
EEGP4,14.5234375
EEGP4,4.5703125
EEGP4,1.21875
EEGP4,17.9765625
EEGP4,6.09375
EEGP4,1.421875
EEGP4,1.1171875
EEGP4,4.46875
EEGP4,0.7109375
EEGP4,2.1328125
EEGP4,5.28125
EEGP4,1.015625
EEGP4,7.0078125
EEGP4,7.109375
EEGP4,2.9453125
EEGP4,2.5390625
EEGP4,5.28125
EEGP4,1.1171875
EEGP4,0.8125
EEGP4,0.9140625
EEGP4,2.4375
EEGP4,4.9765625
EEGP4,1.625
EEGP4,4.1640625
EEGP4,2.1328125
EEGP4,2.4375
EEGP4,3.5546875
EEGP4,3.5546875
EEGP4,0.609375
EEGP4,1.7265625
EEGP4,2.640625
EEGP4,4.7734375
EEGP4,3.7578125
EEGP4,1.625
EEGP4,2.3359375
EEGP4,4.7734375
EEGP4,0.7109375
EEGP4,1.7265625
EEGP4,4.3671875
EEGP4,4.7734375
EEGP4,0.609375
EEGP4,1.21875
EEGP4,0.609375
EEGP4,1.828125
EEGP4,2.84375
EEGP4,1.421875
EEGP4,1.3203125
EEGP4,0.9140625
EEGP4,0.609375
EEGP4,0.609375
EEGP4,1.5234375
EEGP4,0.7109375
EEGP4,0.609375
EEGP4,1.625
EEGP4,1.1171875
EEGP4,0.609375
EEGP4,1.625
EEGP4,0.8125
EEGP4,0.8125
EEGP4,1.015625
EEGP4,0.7109375
EEGP4,0.7109375
EEGP4,0.9140625
EEGP4,0.609375
EEGP4,0.609375
EEGP4,0.609375
EEGP4,0.609375
EEGP4,0.609375
EEGP4,0.7109375
EEGP4,0.9140625
EEGP4,1.828125
EEGP4,1.21875
EEGP4,1.9296875
EEGP4,3.1484375
EEGP4,1.828125
EEGP4,1.21875
EEGP4,0.9140625
EEGP4,0.8125
EEGP4,0.7109375
EEGP4,1.3203125
EEGP4,0.9140625
EEGP4,0.609375
EEGP4,0.609375
EEGP4,0.609375
EEGP4,1.015625
EEGP4,0.7109375
EEGP4,0.7109375
EEGP4,1.015625
EEGP4,0.609375
EEGP4,0.7109375
EEGP4,0.9140625
EEGP4,1.1171875
EEGP4,0.609375
EEGP4,0.7109375
EEGP4,0.7109375
EEGP4,0.9140625
EEGP4,0.8125
EEGP4,1.3203125
EEGP4,1.3203125
EEGP4,0.609375
EEGP4,0.609375
EEGP4,1.015625
EEGP4,2.234375
EEGP4,6.3984375
EEGP4,1.828125
EEGP4,0.609375
EEGP4,0.609375
EEGP4,0.9140625
EEGP4,0.609375
EEGP4,1.21875
EEGP4,0.8125
EEGP4,0.8125
EEGP4,0.609375
EEGP4,0.7109375
EEGP4,3.453125
EEGP4,2.03125
EEGP4,1.21875
EEGP4,0.7109375
EEGP4,0.7109375
EEGP4,0.609375
EEGP4,1.21875
EEGP4,0.7109375
EEGP4,1.3203125
EEGP4,4.265625
EEGP4,0.609375
EEGP4,0.7109375
EEGP4,3.3515625
EEGP4,0.7109375
EEGP4,0.609375
EEGP4,0.8125
EEGP4,0.7109375
EEGP4,0.609375
EEGP4,0.8125
EEGP4,0.7109375
EEGP4,0.9140625
EEGP4,0.609375
EEGP4,4.9765625
EEGP4,1.1171875
EEGP4,2.4375
EEGP4,1.5234375
EEGP4,5.7890625
EEGP4,0.8125
EEGP4,1.3203125
EEGP4,1.015625
EEGP4,0.609375
EEGP4,10.359375
EEGP4,1.9296875
EEGP4,0.7109375
EEGP4,0.7109375
EEGP4,1.421875
EEGP4,0.609375
EEGP4,1.421875
EEGP4,1.015625
EEGP4,1.015625
EEGP4,1.1171875
EEGP4,0.7109375
EEGP4,0.609375
EEGP4,0.9140625
EEGP4,1.1171875
EEGP4,0.609375
EEGP4,2.03125
EEGP4,3.65625
EEGP4,0.609375
EEGP4,3.453125
EEGP4,0.8125
EEGP4,0.8125
EEGP4,2.234375
EEGP4,1.625
EEGP4,1.3203125
EEGP4,0.609375
EEGP4,1.828125
EEGP4,1.421875
EEGP4,1.7265625
EEGP4,0.609375
EEGP4,2.1328125
EEGP4,1.015625
EEGP4,0.8125
EEGP4,1.015625
EEGP4,2.9453125
EEGP4,4.265625
EEGP4,1.1171875
EEGP4,4.0625
EEGP4,1.3203125
EEGP4,2.234375
EEGP4,0.7109375
EEGP4,3.9609375
EEGP4,0.609375
EEGP4,0.8125
EEGP4,0.609375
EEGP4,0.7109375
EEGP4,2.1328125
EEGP4,5.890625
EEGP4,0.609375
EEGP4,0.8125
EEGP4,0.9140625
EEGP4,4.1640625
EEGP4,1.5234375
EEGP4,0.609375
EEGP4,0.609375
EEGP4,2.84375
EEGP4,1.015625
EEGP4,0.7109375
EEGP4,6.09375
EEGP4,0.609375
EEGP4,0.609375
EEGP4,4.9765625
EEGP4,1.21875
EEGP4,0.7109375
EEGP4,0.609375
EEGP4,0.609375
EEGP4,1.3203125
EEGP4,1.9296875
EEGP4,1.625
EEGP4,2.3359375
EEGP4,0.7109375
EEGP4,0.7109375
EEGP4,4.0625
EEGP4,0.609375
EEGP4,0.609375
EEGP4,3.3515625
EEGP4,0.8125
EEGP4,0.8125
EEGP4,2.84375
EEGP4,3.7578125
EEGP4,0.7109375
EEGP4,0.609375
EEGP4,2.234375
EEGP4,0.609375
EEGP4,0.8125
EEGP4,2.03125
EEGP4,0.8125
EEGP4,1.7265625
EEGP4,2.3359375
EEGP4,0.7109375
EEGP4,5.078125
EEGP4,1.5234375
EEGP4,0.609375
EEGP4,0.9140625
EEGP4,1.015625
EEGP4,0.609375
EEGP4,1.421875
EEGP4,1.21875
EEGP4,0.9140625
EEGP4,0.609375
EEGP4,1.015625
EEGP4,5.484375
EEGP4,1.3203125
EEGP4,1.421875
EEGP4,2.640625
EEGP4,2.84375
EEGP4,2.1328125
EEGP4,0.609375
EEGP4,0.8125
EEGP4,1.1171875
EEGP4,3.7578125
EEGP4,1.7265625
EEGP4,1.015625
EEGP4,1.5234375
EEGP4,0.609375
EEGP4,0.8125
EEGP4,1.015625
EEGP4,1.1171875
EEGP4,1.421875
EEGP4,0.9140625
EEGP4,0.609375
EEGP4,1.9296875
EEGP4,0.8125
EEGP4,0.7109375
EEGP4,2.5390625
EEGP4,0.8125
EEGP4,1.5234375
EEGP4,1.421875
EEGP4,3.3515625
EEGP4,2.9453125
EEGP4,4.3671875
EEGP4,1.1171875
EEGP4,0.9140625
EEGP4,1.3203125
EEGP4,0.7109375
EEGP4,2.234375
EEGP4,2.9453125
EEGP4,1.9296875
EEGP4,1.625
EEGP4,1.625
EEGP4,0.8125
EEGP4,3.859375
EEGP4,0.8125
EEGP4,2.3359375
EEGP4,0.609375
EEGP4,0.609375
EEGP4,0.7109375
EEGP4,0.9140625
EEGP4,0.7109375
EEGP4,0.9140625
EEGP4,1.421875
EEGP4,0.8125
EEGP4,0.609375
EEGP4,0.7109375
EEGP4,1.625
EEGP4,0.8125
EEGP4,1.21875
EEGP4,1.21875
EEGP4,1.625
EEGP4,1.421875
EEGP4,0.9140625
EEGP4,5.28125
EEGP4,0.609375
EEGP4,0.7109375
EEGP4,1.828125
EEGP4,4.9765625
EEGP4,2.7421875
EEGP4,2.7421875
EEGP4,1.625
EEGP4,8.9375
EEGP4,4.671875
EEGP4,1.421875
EEGP4,0.609375
EEGP4,0.609375
EEGP4,1.21875
EEGP4,7.109375
EEGP4,3.859375
EEGP4,1.828125
EEGP4,3.3515625
EEGP4,2.3359375
EEGP4,14.7265625
EEGP4,6.5
EEGP4,1.015625
EEGP4,5.7890625
EEGP4,3.859375
EEGP4,13.609375
EEGP4,0.9140625
EEGP4,1.7265625
EEGP4,1.21875
EEGP4,1.21875
EEGP4,1.21875
EEGP4,1.625
EEGT6,8.734375
EEGT6,2.640625
EEGT6,0.7109375
EEGT6,0.609375
EEGT6,22.546875
EEGT6,3.1484375
EEGT6,0.9140625
EEGT6,0.8125
EEGT6,3.1484375
EEGT6,1.3203125
EEGT6,8.328125
EEGT6,1.7265625
EEGT6,9.140625
EEGT6,0.609375
EEGT6,13
EEGT6,5.28125
EEGT6,1.828125
EEGT6,7.6171875
EEGT6,6.6015625
EEGT6,4.3671875
EEGT6,3.3515625
EEGT6,0.609375
EEGT6,3.25
EEGT6,9.4453125
EEGT6,13.9140625
EEGT6,6.09375
EEGT6,1.015625
EEGT6,31.6875
EEGT6,10.15625
EEGT6,2.234375
EEGT6,3.1484375
EEGT6,0.7109375
EEGT6,2.234375
EEGT6,5.484375
EEGT6,1.7265625
EEGT6,4.265625
EEGT6,5.484375
EEGT6,5.078125
EEGT6,6.8046875
EEGT6,8.2265625
EEGT6,11.984375
EEGT6,20.3125
EEGT6,3.7578125
EEGT6,0.609375
EEGT6,1.015625
EEGT6,9.2421875
EEGT6,3.046875
EEGT6,2.03125
EEGT6,2.4375
EEGT6,0.8125
EEGT6,2.5390625
EEGT6,1.015625
EEGT6,1.015625
EEGT6,7.109375
EEGT6,0.609375
EEGT6,0.7109375
EEGT6,9.953125
EEGT6,0.609375
EEGT6,0.8125
EEGT6,6.1953125
EEGT6,5.9921875
EEGT6,3.3515625
EEGT6,3.65625
EEGT6,0.9140625
EEGT6,5.484375
EEGT6,5.7890625
EEGT6,2.3359375
EEGT6,1.7265625
EEGT6,6.6015625
EEGT6,1.421875
EEGT6,5.28125
EEGT6,3.65625
EEGT6,1.5234375
EEGT6,3.65625
EEGT6,0.609375
EEGT6,2.03125
EEGT6,1.21875
EEGT6,7.109375
EEGT6,0.7109375
EEGT6,5.3828125
EEGT6,1.625
EEGT6,9.75
EEGT6,1.21875
EEGT6,0.9140625
EEGT6,0.7109375
EEGT6,9.34375
EEGT6,1.21875
EEGT6,7.515625
EEGT6,0.609375
EEGT6,1.625
EEGT6,0.8125
EEGT6,0.7109375
EEGT6,0.8125
EEGT6,1.1171875
EEGT6,2.1328125
EEGT6,0.609375
EEGT6,0.7109375
EEGT6,1.421875
EEGT6,0.8125
EEGT6,0.7109375
EEGT6,0.9140625
EEGT6,2.5390625
EEGT6,0.609375
EEGT6,0.609375
EEGT6,0.8125
EEGT6,0.8125
EEGT6,0.7109375
EEGT6,0.609375
EEGT6,0.7109375
EEGT6,1.21875
EEGT6,0.7109375
EEGT6,1.1171875
EEGT6,6.09375
EEGT6,2.03125
EEGT6,0.7109375
EEGT6,1.015625
EEGT6,0.7109375
EEGT6,0.7109375
EEGT6,0.609375
EEGT6,0.7109375
EEGT6,1.015625
EEGT6,0.8125
EEGT6,0.8125
EEGT6,1.015625
EEGT6,0.8125
EEGT6,0.7109375
EEGT6,0.8125
EEGT6,0.9140625
EEGT6,1.1171875
EEGT6,1.3203125
EEGT6,1.21875
EEGT6,1.015625
EEGT6,1.421875
EEGT6,1.421875
EEGT6,0.609375
EEGT6,0.609375
EEGT6,0.9140625
EEGT6,1.015625
EEGT6,0.609375
EEGT6,1.1171875
EEGT6,0.7109375
EEGT6,0.7109375
EEGT6,0.7109375
EEGT6,1.1171875
EEGT6,0.609375
EEGT6,2.1328125
EEGT6,5.890625
EEGT6,0.8125
EEGT6,0.609375
EEGT6,0.8125
EEGT6,1.21875
EEGT6,1.3203125
EEGT6,1.3203125
EEGT6,0.7109375
EEGT6,1.9296875
EEGT6,0.609375
EEGT6,4.0625
EEGT6,0.609375
EEGT6,0.9140625
EEGT6,1.5234375
EEGT6,1.828125
EEGT6,0.9140625
EEGT6,0.609375
EEGT6,0.609375
EEGT6,2.3359375
EEGT6,0.9140625
EEGT6,7.3125
EEGT6,0.9140625
EEGT6,0.8125
EEGT6,1.015625
EEGT6,14.1171875
EEGT6,2.7421875
EEGT6,0.8125
EEGT6,2.234375
EEGT6,2.3359375
EEGT6,6.296875
EEGT6,1.21875
EEGT6,1.015625
EEGT6,1.21875
EEGT6,1.1171875
EEGT6,0.9140625
EEGT6,2.234375
EEGT6,2.4375
EEGT6,3.25
EEGT6,1.015625
EEGT6,1.21875
EEGT6,3.3515625
EEGT6,0.9140625
EEGT6,1.015625
EEGT6,15.234375
EEGT6,3.859375
EEGT6,11.375
EEGT6,1.1171875
EEGT6,0.8125
EEGT6,0.609375
EEGT6,2.84375
EEGT6,2.234375
EEGT6,3.1484375
EEGT6,1.3203125
EEGT6,3.1484375
EEGT6,1.21875
EEGT6,0.9140625
EEGT6,0.8125
EEGT6,5.890625
EEGT6,0.609375
EEGT6,0.8125
EEGT6,0.7109375
EEGT6,2.03125
EEGT6,0.609375
EEGT6,1.1171875
EEGT6,3.046875
EEGT6,1.1171875
EEGT6,4.0625
EEGT6,1.015625
EEGT6,0.609375
EEGT6,0.609375
EEGT6,1.3203125
EEGT6,0.8125
EEGT6,1.625
EEGT6,0.7109375
EEGT6,0.7109375
EEGT6,6.1953125
EEGT6,1.7265625
EEGT6,1.21875
EEGT6,2.640625
EEGT6,0.9140625
EEGT6,0.609375
EEGT6,1.7265625
EEGT6,4.875
EEGT6,0.8125
EEGT6,0.9140625
EEGT6,1.1171875
EEGT6,0.9140625
EEGT6,0.7109375
EEGT6,1.421875
EEGT6,0.609375
EEGT6,0.609375
EEGT6,0.7109375
EEGT6,4.7734375
EEGT6,0.609375
EEGT6,1.421875
EEGT6,7.6171875
EEGT6,0.7109375
EEGT6,1.1171875
EEGT6,1.1171875
EEGT6,1.3203125
EEGT6,0.8125
EEGT6,0.7109375
EEGT6,2.03125
EEGT6,1.21875
EEGT6,5.078125
EEGT6,0.609375
EEGT6,1.015625
EEGT6,0.8125
EEGT6,0.609375
EEGT6,0.609375
EEGT6,1.5234375
EEGT6,0.8125
EEGT6,0.9140625
EEGT6,0.609375
EEGT6,2.234375
EEGT6,3.1484375
EEGT6,0.8125
EEGT6,0.7109375
EEGT6,2.03125
EEGT6,1.7265625
EEGT6,0.8125
EEGT6,0.609375
EEGT6,0.7109375
EEGT6,0.609375
EEGT6,1.21875
EEGT6,0.7109375
EEGT6,6.8046875
EEGT6,1.421875
EEGT6,4.5703125
EEGT6,1.5234375
EEGT6,2.4375
EEGT6,1.625
EEGT6,1.828125
EEGT6,1.1171875
EEGT6,3.453125
EEGT6,0.7109375
EEGT6,0.609375
EEGT6,4.0625
EEGT6,0.7109375
EEGT6,1.21875
EEGT6,1.015625
EEGT6,5.3828125
EEGT6,1.3203125
EEGT6,0.7109375
EEGT6,0.609375
EEGT6,1.1171875
EEGT6,1.015625
EEGT6,0.609375
EEGT6,0.609375
EEGT6,0.609375
EEGT6,1.7265625
EEGT6,3.046875
EEGT6,1.015625
EEGT6,4.3671875
EEGT6,1.21875
EEGT6,3.7578125
EEGT6,0.7109375
EEGT6,1.3203125
EEGT6,4.671875
EEGT6,2.84375
EEGT6,5.6875
EEGT6,0.8125
EEGT6,1.7265625
EEGT6,5.3828125
EEGT6,8.125
EEGT6,2.9453125
EEGT6,3.9609375
EEGT6,2.9453125
EEGT6,2.3359375
EEGT6,0.8125
EEGT6,0.609375
EEGT6,1.015625
EEGT6,0.7109375
EEGT6,1.3203125
EEGT6,0.8125
EEGT6,1.015625
EEGT6,0.609375
EEGT6,1.9296875
EEGT6,1.21875
EEGT6,1.015625
EEGT6,1.5234375
EEGT6,0.609375
EEGT6,0.8125
EEGT6,3.453125
EEGT6,0.9140625
EEGT6,1.828125
EEGT6,0.609375
EEGT6,4.3671875
EEGT6,4.7734375
EEGT6,2.84375
EEGT6,5.6875
EEGT6,1.9296875
EEGT6,26.1015625
EEGT6,12.4921875
EEGT6,3.25
EEGT6,5.6875
EEGT6,10.359375
EEGT6,6.296875
EEGT6,1.1171875
EEGT6,6.3984375
EEGT6,14.015625
EEGT6,11.4765625
EEGT6,4.7734375
EEGT6,8.4296875
EEGT6,17.0625
EEGT6,9.546875
EEGT6,0.9140625
EEGT6,3.453125
EEGT6,1.828125
EEGT6,0.609375
EEGT6,0.609375
EEGO1,1.3203125
EEGO1,0.7109375
EEGO1,0.609375
EEGO1,5.6875
EEGO1,1.9296875
EEGO1,9.2421875
EEGO1,0.8125
EEGO1,4.9765625
EEGO1,2.03125
EEGO1,2.640625
EEGO1,0.609375
EEGO1,3.25
EEGO1,1.828125
EEGO1,3.046875
EEGO1,1.5234375
EEGO1,4.0625
EEGO1,1.3203125
EEGO1,0.8125
EEGO1,0.9140625
EEGO1,0.8125
EEGO1,2.5390625
EEGO1,1.1171875
EEGO1,3.453125
EEGO1,5.5859375
EEGO1,3.1484375
EEGO1,3.3515625
EEGO1,1.1171875
EEGO1,11.78125
EEGO1,6.8046875
EEGO1,3.046875
EEGO1,2.640625
EEGO1,3.046875
EEGO1,0.7109375
EEGO1,17.1640625
EEGO1,3.7578125
EEGO1,3.25
EEGO1,2.84375
EEGO1,14.5234375
EEGO1,0.609375
EEGO1,1.9296875
EEGO1,0.7109375
EEGO1,0.9140625
EEGO1,4.265625
EEGO1,3.7578125
EEGO1,4.265625
EEGO1,8.4296875
EEGO1,8.8359375
EEGO1,16.7578125
EEGO1,1.828125
EEGO1,5.28125
EEGO1,8.734375
EEGO1,16.046875
EEGO1,3.453125
EEGO1,0.8125
EEGO1,9.0390625
EEGO1,2.5390625
EEGO1,3.859375
EEGO1,2.7421875
EEGO1,0.609375
EEGO1,0.9140625
EEGO1,14.7265625
EEGO1,7.8203125
EEGO1,6.703125
EEGO1,0.9140625
EEGO1,1.828125
EEGO1,6.1953125
EEGO1,10.5625
EEGO1,1.7265625
EEGO1,3.5546875
EEGO1,1.21875
EEGO1,9.75
EEGO1,1.015625
EEGO1,3.453125
EEGO1,0.9140625
EEGO1,3.25
EEGO1,2.4375
EEGO1,2.03125
EEGO1,2.5390625
EEGO1,1.421875
EEGO1,4.3671875
EEGO1,1.625
EEGO1,4.5703125
EEGO1,1.7265625
EEGO1,3.1484375
EEGO1,1.21875
EEGO1,0.9140625
EEGO1,1.5234375
EEGO1,1.1171875
EEGO1,0.609375
EEGO1,7.515625
EEGO1,1.015625
EEGO1,1.7265625
EEGO1,4.46875
EEGO1,1.421875
EEGO1,0.7109375
EEGO1,0.609375
EEGO1,0.8125
EEGO1,0.7109375
EEGO1,0.7109375
EEGO1,1.421875
EEGO1,0.7109375
EEGO1,2.234375
EEGO1,1.1171875
EEGO1,0.609375
EEGO1,0.609375
EEGO1,0.609375
EEGO1,0.609375
EEGO1,4.5703125
EEGO1,1.7265625
EEGO1,0.8125
EEGO1,0.9140625
EEGO1,0.609375
EEGO1,0.609375
EEGO1,0.7109375
EEGO1,0.609375
EEGO1,0.8125
EEGO1,1.1171875
EEGO1,0.9140625
EEGO1,1.015625
EEGO1,0.7109375
EEGO1,0.9140625
EEGO1,0.7109375
EEGO1,0.8125
EEGO1,0.8125
EEGO1,0.609375
EEGO1,0.8125
EEGO1,0.609375
EEGO1,1.21875
EEGO1,1.828125
EEGO1,1.9296875
EEGO1,1.625
EEGO1,0.7109375
EEGO1,1.015625
EEGO1,2.640625
EEGO1,1.015625
EEGO1,0.7109375
EEGO1,0.9140625
EEGO1,3.3515625
EEGO1,0.8125
EEGO1,0.7109375
EEGO1,1.3203125
EEGO1,1.3203125
EEGO1,0.7109375
EEGO1,0.7109375
EEGO1,0.9140625
EEGO1,3.25
EEGO1,2.640625
EEGO1,0.609375
EEGO1,0.609375
EEGO1,0.7109375
EEGO1,0.609375
EEGO1,10.6640625
EEGO1,1.3203125
EEGO1,4.671875
EEGO1,1.015625
EEGO1,0.609375
EEGO1,1.21875
EEGO1,6.8046875
EEGO1,2.84375
EEGO1,1.015625
EEGO1,2.4375
EEGO1,0.609375
EEGO1,1.1171875
EEGO1,1.015625
EEGO1,16.453125
EEGO1,0.609375
EEGO1,2.234375
EEGO1,0.609375
EEGO1,6.1953125
EEGO1,1.421875
EEGO1,1.3203125
EEGO1,0.9140625
EEGO1,0.8125
EEGO1,1.7265625
EEGO1,0.7109375
EEGO1,8.6328125
EEGO1,1.625
EEGO1,0.7109375
EEGO1,0.8125
EEGO1,7.8203125
EEGO1,2.1328125
EEGO1,0.7109375
EEGO1,3.9609375
EEGO1,0.609375
EEGO1,1.828125
EEGO1,0.609375
EEGO1,0.9140625
EEGO1,0.8125
EEGO1,3.65625
EEGO1,0.609375
EEGO1,0.8125
EEGO1,1.1171875
EEGO1,0.8125
EEGO1,0.8125
EEGO1,4.0625
EEGO1,8.125
EEGO1,2.03125
EEGO1,0.8125
EEGO1,1.3203125
EEGO1,2.1328125
EEGO1,2.3359375
EEGO1,0.8125
EEGO1,0.7109375
EEGO1,1.3203125
EEGO1,0.609375
EEGO1,0.8125
EEGO1,0.8125
EEGO1,4.1640625
EEGO1,0.7109375
EEGO1,0.9140625
EEGO1,4.5703125
EEGO1,2.03125
EEGO1,0.609375
EEGO1,0.7109375
EEGO1,1.015625
EEGO1,0.609375
EEGO1,0.609375
EEGO1,1.21875
EEGO1,0.8125
EEGO1,1.015625
EEGO1,0.7109375
EEGO1,1.3203125
EEGO1,0.9140625
EEGO1,2.03125
EEGO1,0.7109375
EEGO1,1.21875
EEGO1,1.015625
EEGO1,0.9140625
EEGO1,0.609375
EEGO1,0.8125
EEGO1,0.609375
EEGO1,2.5390625
EEGO1,2.84375
EEGO1,1.5234375
EEGO1,0.8125
EEGO1,0.609375
EEGO1,2.3359375
EEGO1,0.8125
EEGO1,0.7109375
EEGO1,8.125
EEGO1,3.3515625
EEGO1,0.9140625
EEGO1,1.9296875
EEGO1,3.65625
EEGO1,0.7109375
EEGO1,6.8046875
EEGO1,0.9140625
EEGO1,4.3671875
EEGO1,1.1171875
EEGO1,0.9140625
EEGO1,1.015625
EEGO1,2.640625
EEGO1,0.8125
EEGO1,1.625
EEGO1,0.609375
EEGO1,0.9140625
EEGO1,4.265625
EEGO1,1.1171875
EEGO1,0.609375
EEGO1,0.8125
EEGO1,1.828125
EEGO1,1.1171875
EEGO1,1.1171875
EEGO1,1.1171875
EEGO1,0.9140625
EEGO1,0.8125
EEGO1,5.5859375
EEGO1,0.8125
EEGO1,2.3359375
EEGO1,1.421875
EEGO1,1.421875
EEGO1,0.7109375
EEGO1,2.03125
EEGO1,1.828125
EEGO1,1.7265625
EEGO1,0.7109375
EEGO1,4.3671875
EEGO1,3.9609375
EEGO1,3.25
EEGO1,4.671875
EEGO1,1.3203125
EEGO1,3.9609375
EEGO1,1.625
EEGO1,1.015625
EEGO1,1.7265625
EEGO1,0.609375
EEGO1,1.421875
EEGO1,0.609375
EEGO1,1.3203125
EEGO1,0.9140625
EEGO1,1.3203125
EEGO1,0.7109375
EEGO1,0.609375
EEGO1,0.609375
EEGO1,0.7109375
EEGO1,1.015625
EEGO1,0.7109375
EEGO1,2.4375
EEGO1,0.7109375
EEGO1,1.1171875
EEGO1,0.609375
EEGO1,3.046875
EEGO1,1.9296875
EEGO1,1.7265625
EEGO1,0.609375
EEGO1,0.609375
EEGO1,0.7109375
EEGO1,0.7109375
EEGO1,1.015625
EEGO1,0.609375
EEGO1,0.9140625
EEGO1,1.7265625
EEGO1,0.9140625
EEGO1,1.1171875
EEGO1,1.9296875
EEGO1,2.03125
EEGO1,2.03125
EEGO1,2.7421875
EEGO1,1.21875
EEGO1,1.5234375
EEGO1,3.65625
EEGO1,1.828125
EEGO1,1.015625
EEGO1,1.828125
EEGO1,1.015625
EEGO1,0.609375
EEGO1,2.3359375
EEGO1,1.7265625
EEGO1,4.3671875
EEGO1,1.625
EEGO1,1.5234375
EEGO1,1.828125
EEGO1,2.640625
EEGO1,9.34375
EEGO1,9.4453125
EEGO1,2.234375
EEGO1,2.234375
EEGO1,0.8125
EEGO1,4.3671875
EEGO1,2.1328125
EEGO1,0.609375
EEGO1,3.7578125
EEGO1,5.1796875
EEGO1,5.28125
EEGO1,2.4375
EEGO1,8.53125
EEGO1,14.421875
EEGO1,5.5859375
EEGO1,0.609375
EEGO1,0.7109375
EEGO1,1.21875
EEGO1,1.015625
EEGO1,1.015625
EEGO1,3.5546875
EEGO1,0.7109375
EEGO2,1.3203125
EEGO2,2.9453125
EEGO2,0.7109375
EEGO2,20.2109375
EEGO2,1.9296875
EEGO2,0.9140625
EEGO2,0.7109375
EEGO2,2.9453125
EEGO2,3.5546875
EEGO2,12.390625
EEGO2,4.3671875
EEGO2,2.1328125
EEGO2,1.015625
EEGO2,0.8125
EEGO2,1.625
EEGO2,0.609375
EEGO2,1.21875
EEGO2,5.28125
EEGO2,0.7109375
EEGO2,0.7109375
EEGO2,0.609375
EEGO2,5.890625
EEGO2,4.0625
EEGO2,3.1484375
EEGO2,1.5234375
EEGO2,1.7265625
EEGO2,1.1171875
EEGO2,0.9140625
EEGO2,6.703125
EEGO2,2.03125
EEGO2,1.7265625
EEGO2,2.03125
EEGO2,3.3515625
EEGO2,10.0546875
EEGO2,2.84375
EEGO2,1.3203125
EEGO2,2.3359375
EEGO2,2.7421875
EEGO2,1.015625
EEGO2,0.7109375
EEGO2,2.4375
EEGO2,1.1171875
EEGO2,2.640625
EEGO2,4.46875
EEGO2,0.7109375
EEGO2,1.7265625
EEGO2,1.421875
EEGO2,0.9140625
EEGO2,1.625
EEGO2,11.6796875
EEGO2,2.1328125
EEGO2,0.8125
EEGO2,10.8671875
EEGO2,2.5390625
EEGO2,12.0859375
EEGO2,7.515625
EEGO2,11.578125
EEGO2,3.859375
EEGO2,0.609375
EEGO2,2.3359375
EEGO2,0.8125
EEGO2,2.640625
EEGO2,2.7421875
EEGO2,3.3515625
EEGO2,11.6796875
EEGO2,1.21875
EEGO2,2.1328125
EEGO2,2.03125
EEGO2,3.3515625
EEGO2,5.484375
EEGO2,2.9453125
EEGO2,4.7734375
EEGO2,1.828125
EEGO2,1.7265625
EEGO2,4.9765625
EEGO2,1.3203125
EEGO2,2.1328125
EEGO2,6.1953125
EEGO2,0.8125
EEGO2,2.03125
EEGO2,0.7109375
EEGO2,1.21875
EEGO2,2.3359375
EEGO2,3.25
EEGO2,1.21875
EEGO2,2.640625
EEGO2,8.0234375
EEGO2,2.3359375
EEGO2,1.3203125
EEGO2,0.609375
EEGO2,7.3125
EEGO2,0.609375
EEGO2,1.21875
EEGO2,1.1171875
EEGO2,0.7109375
EEGO2,3.5546875
EEGO2,1.625
EEGO2,2.9453125
EEGO2,0.8125
EEGO2,1.21875
EEGO2,7.921875
EEGO2,0.609375
EEGO2,0.609375
EEGO2,0.609375
EEGO2,0.8125
EEGO2,0.7109375
EEGO2,0.8125
EEGO2,1.1171875
EEGO2,0.609375
EEGO2,0.7109375
EEGO2,1.625
EEGO2,0.7109375
EEGO2,0.8125
EEGO2,1.015625
EEGO2,0.7109375
EEGO2,1.3203125
EEGO2,1.015625
EEGO2,0.7109375
EEGO2,0.8125
EEGO2,6.09375
EEGO2,6.90625
EEGO2,0.609375
EEGO2,1.421875
EEGO2,0.609375
EEGO2,0.609375
EEGO2,0.8125
EEGO2,1.1171875
EEGO2,1.1171875
EEGO2,0.7109375
EEGO2,0.7109375
EEGO2,1.625
EEGO2,0.609375
EEGO2,0.609375
EEGO2,2.3359375
EEGO2,0.609375
EEGO2,3.9609375
EEGO2,3.1484375
EEGO2,0.609375
EEGO2,0.609375
EEGO2,0.609375
EEGO2,0.7109375
EEGO2,0.609375
EEGO2,1.421875
EEGO2,0.8125
EEGO2,0.9140625
EEGO2,2.234375
EEGO2,0.8125
EEGO2,0.609375
EEGO2,5.9921875
EEGO2,0.8125
EEGO2,0.609375
EEGO2,0.7109375
EEGO2,1.1171875
EEGO2,0.609375
EEGO2,2.9453125
EEGO2,2.03125
EEGO2,1.21875
EEGO2,1.1171875
EEGO2,0.9140625
EEGO2,1.015625
EEGO2,0.7109375
EEGO2,0.7109375
EEGO2,6.296875
EEGO2,2.640625
EEGO2,0.8125
EEGO2,0.609375
EEGO2,2.03125
EEGO2,3.046875
EEGO2,2.4375
EEGO2,0.7109375
EEGO2,1.015625
EEGO2,12.0859375
EEGO2,2.5390625
EEGO2,1.7265625
EEGO2,0.609375
EEGO2,3.859375
EEGO2,2.9453125
EEGO2,1.828125
EEGO2,0.609375
EEGO2,1.421875
EEGO2,6.6015625
EEGO2,2.234375
EEGO2,2.640625
EEGO2,5.9921875
EEGO2,2.84375
EEGO2,1.21875
EEGO2,0.609375
EEGO2,0.7109375
EEGO2,3.046875
EEGO2,2.5390625
EEGO2,2.7421875
EEGO2,4.265625
EEGO2,1.21875
EEGO2,1.015625
EEGO2,2.1328125
EEGO2,1.3203125
EEGO2,6.5
EEGO2,0.609375
EEGO2,0.9140625
EEGO2,8.125
EEGO2,0.9140625
EEGO2,0.9140625
EEGO2,0.609375
EEGO2,1.5234375
EEGO2,0.609375
EEGO2,3.5546875
EEGO2,0.609375
EEGO2,0.8125
EEGO2,6.703125
EEGO2,1.625
EEGO2,0.7109375
EEGO2,0.9140625
EEGO2,1.015625
EEGO2,0.609375
EEGO2,3.1484375
EEGO2,0.9140625
EEGO2,0.609375
EEGO2,3.65625
EEGO2,0.609375
EEGO2,0.609375
EEGO2,1.1171875
EEGO2,0.609375
EEGO2,0.609375
EEGO2,0.7109375
EEGO2,1.7265625
EEGO2,0.7109375
EEGO2,2.4375
EEGO2,1.9296875
EEGO2,0.609375
EEGO2,1.5234375
EEGO2,4.5703125
EEGO2,1.3203125
EEGO2,0.609375
EEGO2,2.03125
EEGO2,6.8046875
EEGO2,1.7265625
EEGO2,1.7265625
EEGO2,3.7578125
EEGO2,2.3359375
EEGO2,4.0625
EEGO2,1.015625
EEGO2,0.8125
EEGO2,3.65625
EEGO2,0.9140625
EEGO2,0.8125
EEGO2,0.9140625
EEGO2,6.09375
EEGO2,0.609375
EEGO2,1.21875
EEGO2,0.8125
EEGO2,5.078125
EEGO2,0.609375
EEGO2,0.609375
EEGO2,1.21875
EEGO2,2.234375
EEGO2,0.609375
EEGO2,0.8125
EEGO2,0.609375
EEGO2,0.7109375
EEGO2,1.828125
EEGO2,0.9140625
EEGO2,0.609375
EEGO2,3.25
EEGO2,1.625
EEGO2,3.65625
EEGO2,1.625
EEGO2,3.859375
EEGO2,2.84375
EEGO2,2.9453125
EEGO2,0.8125
EEGO2,3.453125
EEGO2,1.828125
EEGO2,2.4375
EEGO2,2.3359375
EEGO2,0.8125
EEGO2,0.609375
EEGO2,1.421875
EEGO2,2.1328125
EEGO2,0.609375
EEGO2,0.609375
EEGO2,0.8125
EEGO2,2.234375
EEGO2,1.1171875
EEGO2,1.21875
EEGO2,4.265625
EEGO2,1.421875
EEGO2,2.1328125
EEGO2,0.609375
EEGO2,1.421875
EEGO2,1.421875
EEGO2,1.21875
EEGO2,1.3203125
EEGO2,0.609375
EEGO2,0.9140625
EEGO2,1.21875
EEGO2,1.9296875
EEGO2,1.9296875
EEGO2,7.0078125
EEGO2,1.7265625
EEGO2,2.7421875
EEGO2,3.7578125
EEGO2,1.015625
EEGO2,0.7109375
EEGO2,3.453125
EEGO2,0.7109375
EEGO2,0.609375
EEGO2,3.453125
EEGO2,2.84375
EEGO2,0.8125
EEGO2,4.875
EEGO2,1.3203125
EEGO2,2.4375
EEGO2,1.9296875
EEGO2,0.609375
EEGO2,4.3671875
EEGO2,0.9140625
EEGO2,0.7109375
EEGO2,1.015625
EEGO2,3.859375
EEGO2,2.9453125
EEGO2,1.9296875
EEGO2,1.1171875
EEGO2,1.5234375
EEGO2,0.7109375
EEGO2,3.65625
EEGO2,1.5234375
EEGO2,1.9296875
EEGO2,0.8125
EEGO2,4.671875
EEGO2,3.046875
EEGO2,1.3203125
EEGO2,2.7421875
EEGO2,3.65625
EEGO2,1.421875
EEGO2,1.9296875
EEGO2,1.7265625
EEGO2,2.7421875
EEGO2,1.1171875
EEGO2,1.3203125
EEGO2,2.7421875
EEGO2,1.1171875
EEGO2,0.7109375
EEGO2,0.7109375
EEGO2,1.625
EEGO2,1.015625
