Canale,Start_Time(s),End_Time(s)
EEGFp1,32.3046875,32.9140625
EEGFp1,36.875,37.5859375
EEGFp1,49.9765625,50.890625
EEGFp1,126.859375,127.5703125
EEGFp1,199.171875,199.8828125
EEGFp1,235.4296875,236.2421875
EEGFp1,250.2578125,250.8671875
EEGFp1,296.3671875,296.9765625
EEGFp1,327.8515625,328.5625
EEGFp1,376.703125,377.4140625
EEGFp1,398.03125,398.640625
EEGFp1,428.703125,429.4140625
EEGFp1,461.8125,462.7265625
EEGFp1,467.6015625,468.6171875
EEGFp1,472.4765625,473.0859375
EEGFp1,490.453125,491.1640625
EEGFp1,501.21875,501.828125
EEGFp1,526.9140625,527.5234375
EEGFp1,538.796875,540.7265625
EEGFp1,544.890625,545.703125
EEGFp1,548.953125,551.6953125
EEGFp1,554.4375,556.1640625
EEGFp1,567.234375,568.046875
EEGFp1,575.8671875,577.59375
EEGFp1,580.7421875,581.7578125
EEGFp1,585.3125,586.4296875
EEGFp1,595.265625,596.28125
EEGFp1,602.4765625,603.8984375
EEGFp1,621.265625,623.296875
EEGFp1,627.359375,628.8828125
EEGFp1,650.4140625,651.6328125
EEGFp1,659.3515625,660.0625
EEGFp1,669.8125,670.5234375
EEGFp1,678.0390625,678.75
EEGFp1,680.2734375,681.2890625
EEGFp1,686.1640625,687.28125
EEGFp1,704.546875,705.15625
EEGFp1,726.7890625,728.6171875
EEGFp1,735.7265625,737.65625
EEGFp1,740.6015625,742.8359375
EEGFp1,751.875,752.6875
EEGFp1,780.0078125,781.53125
EEGFp1,782.6484375,783.4609375
EEGFp1,785.0859375,786.5078125
EEGFp1,795.140625,797.171875
EEGFp1,800.7265625,801.5390625
EEGFp1,811.59375,812.3046875
EEGFp1,831.5,832.3125
EEGFp1,841.453125,842.265625
EEGFp1,853.5390625,854.3515625
EEGFp1,868.46875,869.890625
EEGFp1,872.734375,874.8671875
EEGFp1,892.4375,893.9609375
EEGFp1,898.0234375,901.375
EEGFp1,910.8203125,911.4296875
EEGFp1,938.8515625,939.96875
EEGFp1,966.578125,968.609375
EEGFp1,971.3515625,972.0625
EEGFp1,979.984375,982.015625
EEGFp1,1006.2890625,1007
EEGFp1,1008.7265625,1009.3359375
EEGFp1,1012.6875,1013.296875
EEGFp1,1018.8828125,1019.6953125
EEGFp1,1025.078125,1027.2109375
EEGFp1,1055.140625,1057.171875
EEGFp1,1063.875,1064.7890625
EEGFp1,1100.9453125,1102.9765625
EEGFp1,1105.8203125,1107.140625
EEGFp1,1121.6640625,1122.375
EEGFp1,1133.8515625,1134.4609375
EEGFp1,1144.6171875,1145.6328125
EEGFp1,1156.1953125,1157.0078125
EEGFp1,1159.0390625,1159.6484375
EEGFp1,1176,1176.609375
EEGFp1,1180.9765625,1182.09375
EEGFp1,1185.34375,1186.2578125
EEGFp1,1242.21875,1243.03125
EEGFp1,1251.8671875,1253.59375
EEGFp1,1314.0234375,1315.4453125
EEGFp1,1319.609375,1320.21875
EEGFp1,1324.5859375,1325.1953125
EEGFp1,1330.6796875,1331.390625
EEGFp1,1371.1015625,1371.9140625
EEGFp1,1394.96875,1395.578125
EEGFp1,1400.046875,1400.7578125
EEGFp1,1402.7890625,1403.3984375
EEGFp1,1407.96875,1408.578125
EEGFp1,1421.375,1422.0859375
EEGFp1,1486.375,1486.984375
EEGFp1,1517.5546875,1518.265625
EEGFp1,1521.0078125,1521.6171875
EEGFp1,1570.46875,1571.28125
EEGFp1,1582.5546875,1583.5703125
EEGFp1,1592.5078125,1593.1171875
EEGFp1,1661.46875,1662.28125
EEGFp1,1706.5625,1708.2890625
EEGFp1,1812.796875,1813.40625
EEGFp1,1820.6171875,1822.4453125
EEGFp1,1825.8984375,1826.8125
EEGFp1,1851.390625,1852.3046875
EEGFp1,1855.046875,1855.9609375
EEGFp1,1892.9296875,1893.7421875
EEGFp1,1917,1917.609375
EEGFp1,1957.421875,1958.1328125
EEGFp1,1962.3984375,1963.2109375
EEGFp1,2026.890625,2027.5
EEGFp1,2083.15625,2084.171875
EEGFp1,2133.4296875,2134.140625
EEGFp1,2160.140625,2160.75
EEGFp1,2243.7265625,2244.4375
EEGFp1,2305.171875,2305.8828125
EEGFp1,2322.234375,2322.84375
EEGFp1,2343.765625,2344.375
EEGFp1,2467.1640625,2467.875
EEGFp1,2512.2578125,2512.8671875
EEGFp1,2519.265625,2519.875
EEGFp1,2525.15625,2525.765625
EEGFp1,2579.390625,2580
EEGFp1,2600.0078125,2600.6171875
EEGFp1,2603.2578125,2604.171875
EEGFp1,2632.609375,2633.3203125
EEGFp1,2635.9609375,2636.5703125
EEGFp1,2642.6640625,2644.0859375
EEGFp1,2651.8046875,2653.8359375
EEGFp1,2661.5546875,2664.6015625
EEGFp1,2668.15625,2669.78125
EEGFp1,2678.2109375,2678.8203125
EEGFp1,2683.796875,2684.5078125
EEGFp1,2695.2734375,2695.8828125
EEGFp1,2698.7265625,2699.4375
EEGFp1,2703.703125,2704.8203125
EEGFp1,2722.2890625,2723.7109375
EEGFp1,2726.65625,2727.5703125
EEGFp1,2736.7109375,2739.1484375
EEGFp1,2741.484375,2744.6328125
EEGFp1,2747.4765625,2750.5234375
EEGFp1,2756.4140625,2758.546875
EEGFp1,2766.9765625,2767.6875
EEGFp1,2776.21875,2778.25
EEGFp1,2791.046875,2791.9609375
EEGFp1,2815.828125,2816.4375
EEGFp1,2834.921875,2835.734375
EEGFp1,2845.6875,2846.3984375
EEGFp1,2848.734375,2849.4453125
EEGFp1,2861.2265625,2861.9375
EEGFp1,2869.7578125,2870.46875
EEGFp1,2874.125,2874.734375
EEGFp1,2919.7265625,2920.3359375
EEGFp1,2968.375,2968.984375
EEGFp1,3007.984375,3009
EEGFp1,3137.171875,3137.8828125
EEGFp1,3161.34375,3162.359375
EEGFp1,3301.90625,3302.515625
EEGFp1,3513.359375,3513.96875
EEGFp1,3541.8984375,3542.609375
EEGFp1,3551.2421875,3552.6640625
EEGFp1,3572.9765625,3573.6875
EEGFp1,3577.546875,3578.5625
EEGFp1,3587.1953125,3587.8046875
EEGFp1,3639.90625,3640.71875
EEGFp1,3650.875,3651.5859375
EEGFp1,3742.078125,3743.5
EEGFp1,3800.171875,3801.0859375
EEGFp1,3823.328125,3824.2421875
EEGFp1,3845.265625,3845.875
EEGFp1,3980.6484375,3981.2578125
EEGFp1,3983.8984375,3984.5078125
EEGFp1,4011.421875,4012.03125
EEGFp1,4082.6171875,4084.8515625
EEGFp1,4103.84375,4104.453125
EEGFp2,10.3671875,11.3828125
EEGFp2,44.390625,45.203125
EEGFp2,49.1640625,49.9765625
EEGFp2,51.09375,52.3125
EEGFp2,65.4140625,66.0234375
EEGFp2,76.3828125,76.9921875
EEGFp2,84.3046875,85.015625
EEGFp2,162.40625,163.015625
EEGFp2,177.640625,178.453125
EEGFp2,180.484375,181.09375
EEGFp2,192.1640625,192.875
EEGFp2,221.0078125,222.2265625
EEGFp2,224.5625,225.2734375
EEGFp2,228.3203125,229.03125
EEGFp2,249.953125,250.765625
EEGFp2,322.875,323.5859375
EEGFp2,358.1171875,359.7421875
EEGFp2,362.9921875,363.703125
EEGFp2,368.984375,369.796875
EEGFp2,371.421875,372.1328125
EEGFp2,424.3359375,425.3515625
EEGFp2,439.3671875,440.6875
EEGFp2,453.890625,455.0078125
EEGFp2,461.8125,462.625
EEGFp2,483.4453125,485.2734375
EEGFp2,503.5546875,504.46875
EEGFp2,519.296875,521.2265625
EEGFp2,533.8203125,535.6484375
EEGFp2,538.8984375,539.9140625
EEGFp2,543.7734375,545.296875
EEGFp2,549.0546875,551.1875
EEGFp2,554.9453125,556.0625
EEGFp2,576.6796875,578.3046875
EEGFp2,580.5390625,582.875
EEGFp2,585.2109375,586.0234375
EEGFp2,594.859375,596.890625
EEGFp2,598.8203125,600.0390625
EEGFp2,602.578125,604.609375
EEGFp2,615.8828125,617
EEGFp2,620.9609375,623.296875
EEGFp2,631.21875,632.9453125
EEGFp2,650.0078125,651.53125
EEGFp2,669.203125,670.5234375
EEGFp2,674.3828125,675.296875
EEGFp2,678.75,681.0859375
EEGFp2,685.453125,687.3828125
EEGFp2,690.9375,692.15625
EEGFp2,704.4453125,705.15625
EEGFp2,706.8828125,709.015625
EEGFp2,722.015625,723.3359375
EEGFp2,726.484375,728.4140625
EEGFp2,731.765625,732.8828125
EEGFp2,739.890625,742.328125
EEGFp2,747.203125,748.9296875
EEGFp2,752.078125,756.0390625
EEGFp2,759.2890625,761.625
EEGFp2,765.28125,766.3984375
EEGFp2,776.046875,778.1796875
EEGFp2,782.140625,783.8671875
EEGFp2,795.140625,796.0546875
EEGFp2,799.9140625,802.453125
EEGFp2,806.4140625,808.546875
EEGFp2,810.6796875,813.21875
EEGFp2,816.671875,817.28125
EEGFp2,821.2421875,822.359375
EEGFp2,841.046875,843.1796875
EEGFp2,849.8828125,851
EEGFp2,869.6875,872.125
EEGFp2,876.390625,877.3046875
EEGFp2,883.296875,884.0078125
EEGFp2,892.1328125,893.1484375
EEGFp2,897.921875,900.4609375
EEGFp2,903,904.015625
EEGFp2,908.6875,910.6171875
EEGFp2,914.8828125,916.9140625
EEGFp2,920.46875,922.1953125
EEGFp2,929.203125,931.234375
EEGFp2,938.140625,939.96875
EEGFp2,942.9140625,944.5390625
EEGFp2,949.921875,950.8359375
EEGFp2,965.2578125,966.984375
EEGFp2,970.234375,972.5703125
EEGFp2,980.8984375,982.21875
EEGFp2,986.28125,986.9921875
EEGFp2,990.140625,990.75
EEGFp2,994.203125,996.234375
EEGFp2,1002.328125,1003.2421875
EEGFp2,1006.2890625,1007.8125
EEGFp2,1011.671875,1012.484375
EEGFp2,1016.75,1018.0703125
EEGFp2,1022.7421875,1023.65625
EEGFp2,1032.6953125,1033.5078125
EEGFp2,1054.2265625,1056.0546875
EEGFp2,1081.6484375,1082.2578125
EEGFp2,1090.890625,1092.515625
EEGFp2,1105.109375,1106.0234375
EEGFp2,1111,1112.3203125
EEGFp2,1115.265625,1116.3828125
EEGFp2,1133.75,1134.359375
EEGFp2,1140.25,1140.859375
EEGFp2,1148.6796875,1149.59375
EEGFp2,1153.3515625,1153.9609375
EEGFp2,1158.53125,1160.4609375
EEGFp2,1176.7109375,1177.421875
EEGFp2,1185.34375,1186.0546875
EEGFp2,1194.28125,1195.6015625
EEGFp2,1199.4609375,1200.0703125
EEGFp2,1206.1640625,1206.875
EEGFp2,1223.125,1223.8359375
EEGFp2,1236.6328125,1237.6484375
EEGFp2,1259.484375,1260.90625
EEGFp2,1276.546875,1277.5625
EEGFp2,1293.203125,1294.015625
EEGFp2,1298.1796875,1299.3984375
EEGFp2,1311.9921875,1313.2109375
EEGFp2,1314.6328125,1315.8515625
EEGFp2,1329.15625,1330.2734375
EEGFp2,1341.75,1343.375
EEGFp2,1383.390625,1384.1015625
EEGFp2,1390.90625,1391.71875
EEGFp2,1395.375,1396.2890625
EEGFp2,1400.046875,1400.65625
EEGFp2,1402.3828125,1403.296875
EEGFp2,1412.03125,1412.640625
EEGFp2,1415.890625,1416.90625
EEGFp2,1421.171875,1422.390625
EEGFp2,1427.5703125,1428.1796875
EEGFp2,1486.2734375,1487.796875
EEGFp2,1502.015625,1502.625
EEGFp2,1506.6875,1507.6015625
EEGFp2,1511.5625,1512.375
EEGFp2,1521.0078125,1522.53125
EEGFp2,1528.5234375,1529.84375
EEGFp2,1547.921875,1549.0390625
EEGFp2,1552.59375,1553.5078125
EEGFp2,1557.3671875,1558.6875
EEGFp2,1564.578125,1567.421875
EEGFp2,1570.5703125,1572.296875
EEGFp2,1581.84375,1583.3671875
EEGFp2,1599.515625,1600.2265625
EEGFp2,1603.0703125,1604.8984375
EEGFp2,1608.25,1608.9609375
EEGFp2,1618.1015625,1618.9140625
EEGFp2,1641.0546875,1642.375
EEGFp2,1661.0625,1662.1796875
EEGFp2,1695.2890625,1697.3203125
EEGFp2,1698.84375,1701.078125
EEGFp2,1704.125,1705.140625
EEGFp2,1708.796875,1711.5390625
EEGFp2,1739.46875,1741.5
EEGFp2,1744.6484375,1746.578125
EEGFp2,1752.9765625,1754.3984375
EEGFp2,1767.5,1768.8203125
EEGFp2,1811.0703125,1812.1875
EEGFp2,1866.1171875,1867.1328125
EEGFp2,1871.5,1872.109375
EEGFp2,1919.4375,1920.5546875
EEGFp2,1931.015625,1931.7265625
EEGFp2,1933.046875,1933.7578125
EEGFp2,1947.875,1948.484375
EEGFp2,1981.1875,1982.40625
EEGFp2,2021,2022.015625
EEGFp2,2026.890625,2027.6015625
EEGFp2,2037.453125,2038.1640625
EEGFp2,2048.015625,2048.625
EEGFp2,2053.09375,2054.109375
EEGFp2,2057.2578125,2058.0703125
EEGFp2,2082.8515625,2083.5625
EEGFp2,2097.171875,2097.984375
EEGFp2,2117.3828125,2118.3984375
EEGFp2,2141.1484375,2141.7578125
EEGFp2,2153.84375,2155.265625
EEGFp2,2169.484375,2170.09375
EEGFp2,2214.8828125,2215.6953125
EEGFp2,2219.859375,2220.671875
EEGFp2,2223.2109375,2223.921875
EEGFp2,2243.9296875,2245.7578125
EEGFp2,2259.1640625,2260.078125
EEGFp2,2263.9375,2264.6484375
EEGFp2,2267.2890625,2268.1015625
EEGFp2,2269.015625,2269.7265625
EEGFp2,2305.171875,2307
EEGFp2,2322.234375,2323.3515625
EEGFp2,2350.1640625,2350.875
EEGFp2,2361.4375,2362.046875
EEGFp2,2373.421875,2374.7421875
EEGFp2,2391.90625,2393.0234375
EEGFp2,2447.0546875,2448.2734375
EEGFp2,2488.4921875,2489.9140625
EEGFp2,2518.859375,2519.671875
EEGFp2,2524.140625,2526.2734375
EEGFp2,2533.28125,2534.5
EEGFp2,2542.9296875,2544.859375
EEGFp2,2579.2890625,2580
EEGFp2,2594.3203125,2595.640625
EEGFp2,2603.359375,2603.96875
EEGFp2,2617.375,2618.796875
EEGFp2,2625.296875,2626.109375
EEGFp2,2635.046875,2636.7734375
EEGFp2,2643.2734375,2643.8828125
EEGFp2,2648.3515625,2649.0625
EEGFp2,2652.3125,2654.546875
EEGFp2,2657.59375,2658.5078125
EEGFp2,2660.03125,2663.1796875
EEGFp2,2666.9375,2668.6640625
EEGFp2,2677.1953125,2678.921875
EEGFp2,2683.796875,2685.3203125
EEGFp2,2694.6640625,2695.78125
EEGFp2,2715.9921875,2716.90625
EEGFp2,2722.6953125,2723.3046875
EEGFp2,2741.3828125,2744.8359375
EEGFp2,2747.2734375,2749.7109375
EEGFp2,2757.125,2758.8515625
EEGFp2,2760.375,2762.3046875
EEGFp2,2766.46875,2768.09375
EEGFp2,2776.1171875,2777.84375
EEGFp2,2782.0078125,2783.9375
EEGFp2,2790.4375,2792.1640625
EEGFp2,2806.9921875,2807.703125
EEGFp2,2812.375,2813.59375
EEGFp2,2834.71875,2835.734375
EEGFp2,2843.65625,2844.265625
EEGFp2,2845.890625,2846.6015625
EEGFp2,2876.4609375,2877.0703125
EEGFp2,2964.8203125,2965.4296875
EEGFp2,3137.375,3137.984375
EEGFp2,3163.375,3164.390625
EEGFp2,3170.1796875,3170.890625
EEGFp2,3244.3203125,3244.9296875
EEGFp2,3282.609375,3283.5234375
EEGFp2,3303.9375,3304.6484375
EEGFp2,3341.8203125,3342.4296875
EEGFp2,3485.0234375,3485.6328125
EEGFp2,3516.40625,3517.5234375
EEGFp2,3536.0078125,3536.921875
EEGFp2,3551.140625,3551.953125
EEGFp2,3557.7421875,3558.3515625
EEGFp2,3565.8671875,3566.578125
EEGFp2,3572.875,3573.890625
EEGFp2,3576.8359375,3578.2578125
EEGFp2,3579.4765625,3580.0859375
EEGFp2,3626.90625,3627.6171875
EEGFp2,3651.078125,3652.296875
EEGFp2,3769.90625,3770.515625
EEGFp2,3823.53125,3824.140625
EEGFp2,3839.984375,3840.8984375
EEGFp2,4083.0234375,4083.734375
EEGFp2,4085.6640625,4087.59375
EEGFp2,4103.5390625,4104.3515625
EEGF7,32.9140625,33.5234375
EEGF7,49.7734375,50.890625
EEGF7,141.9921875,142.703125
EEGF7,164.5390625,165.25
EEGF7,172.359375,173.2734375
EEGF7,176.9296875,177.640625
EEGF7,184.6484375,185.359375
EEGF7,198.6640625,199.375
EEGF7,239.59375,240.40625
EEGF7,268.234375,269.046875
EEGF7,358.625,359.4375
EEGF7,371.625,372.234375
EEGF7,398.1328125,398.9453125
EEGF7,453.7890625,454.5
EEGF7,462.015625,462.828125
EEGF7,483.34375,485.2734375
EEGF7,496.2421875,496.8515625
EEGF7,501.5234375,502.234375
EEGF7,520.515625,521.2265625
EEGF7,523.96875,524.578125
EEGF7,525.796875,526.5078125
EEGF7,534.53125,535.4453125
EEGF7,549.5625,550.578125
EEGF7,554.9453125,556.1640625
EEGF7,560.9375,561.6484375
EEGF7,567.5390625,568.1484375
EEGF7,569.0625,570.078125
EEGF7,575.5625,576.2734375
EEGF7,580.4375,581.859375
EEGF7,585.3125,586.53125
EEGF7,590.796875,591.5078125
EEGF7,594.65625,595.5703125
EEGF7,598.71875,600.140625
EEGF7,602.375,603.2890625
EEGF7,616.0859375,617.1015625
EEGF7,620.65625,623.296875
EEGF7,631.5234375,632.7421875
EEGF7,650.515625,651.734375
EEGF7,674.28125,675.5
EEGF7,677.8359375,681.390625
EEGF7,685.3515625,687.6875
EEGF7,703.4296875,705.8671875
EEGF7,706.8828125,707.4921875
EEGF7,722.5234375,723.5390625
EEGF7,726.9921875,728.6171875
EEGF7,731.5625,733.0859375
EEGF7,739.9921875,740.8046875
EEGF7,746.1875,746.8984375
EEGF7,747.9140625,748.5234375
EEGF7,753.703125,754.71875
EEGF7,758.578125,761.21875
EEGF7,776.7578125,778.1796875
EEGF7,782.75,783.8671875
EEGF7,785.4921875,786.609375
EEGF7,788.640625,789.25
EEGF7,795.0390625,796.4609375
EEGF7,799.8125,802.859375
EEGF7,806.921875,808.4453125
EEGF7,822.0546875,822.765625
EEGF7,826.1171875,826.9296875
EEGF7,841.1484375,842.5703125
EEGF7,868.46875,870.5
EEGF7,872.734375,873.4453125
EEGF7,876.390625,877
EEGF7,892.4375,893.1484375
EEGF7,900.4609375,901.171875
EEGF7,915.390625,916.7109375
EEGF7,930.015625,931.234375
EEGF7,943.3203125,944.3359375
EEGF7,965.4609375,966.0703125
EEGF7,970.9453125,972.7734375
EEGF7,980.6953125,981.9140625
EEGF7,1006.0859375,1006.796875
EEGF7,1008.9296875,1009.7421875
EEGF7,1012.6875,1013.5
EEGF7,1018.8828125,1020.1015625
EEGF7,1026.296875,1027.0078125
EEGF7,1055.140625,1056.359375
EEGF7,1059.609375,1060.421875
EEGF7,1076.671875,1077.7890625
EEGF7,1097.59375,1098.3046875
EEGF7,1101.1484375,1101.9609375
EEGF7,1106.125,1107.140625
EEGF7,1110.1875,1112.421875
EEGF7,1158.6328125,1159.546875
EEGF7,1167.9765625,1168.5859375
EEGF7,1175.8984375,1176.5078125
EEGF7,1187.0703125,1188.2890625
EEGF7,1244.5546875,1245.265625
EEGF7,1247.703125,1248.6171875
EEGF7,1276.75,1277.8671875
EEGF7,1324.6875,1325.296875
EEGF7,1334.640625,1335.25
EEGF7,1342.765625,1343.4765625
EEGF7,1371.1015625,1371.8125
EEGF7,1390.6015625,1391.3125
EEGF7,1394.8671875,1395.984375
EEGF7,1427.0625,1427.671875
EEGF7,1466.5703125,1467.28125
EEGF7,1486.8828125,1487.796875
EEGF7,1495.2109375,1495.921875
EEGF7,1501.203125,1501.8125
EEGF7,1517.5546875,1518.3671875
EEGF7,1543.5546875,1544.46875
EEGF7,1564.578125,1565.1875
EEGF7,1661.7734375,1662.5859375
EEGF7,1686.5546875,1687.46875
EEGF7,1740.7890625,1741.5
EEGF7,1765.46875,1766.078125
EEGF7,1807.2109375,1808.0234375
EEGF7,1836.2578125,1836.8671875
EEGF7,1866.7265625,1867.3359375
EEGF7,1872.0078125,1872.6171875
EEGF7,1916.8984375,1918.015625
EEGF7,1991.546875,1992.15625
EEGF7,2012.46875,2013.078125
EEGF7,2021.40625,2022.21875
EEGF7,2028.0078125,2028.6171875
EEGF7,2032.78125,2033.4921875
EEGF7,2053.6015625,2054.3125
EEGF7,2083.4609375,2084.375
EEGF7,2113.21875,2113.828125
EEGF7,2118.296875,2118.90625
EEGF7,2149.984375,2151.40625
EEGF7,2154.3515625,2154.9609375
EEGF7,2305.6796875,2306.796875
EEGF7,2322.7421875,2323.3515625
EEGF7,2388.1484375,2388.859375
EEGF7,2525.8671875,2526.78125
EEGF7,2544.3515625,2544.9609375
EEGF7,2632.609375,2633.3203125
EEGF7,2641.2421875,2641.8515625
EEGF7,2643.6796875,2644.2890625
EEGF7,2662.5703125,2664.6015625
EEGF7,2669.4765625,2670.1875
EEGF7,2677.09375,2677.90625
EEGF7,2698.015625,2699.1328125
EEGF7,2709.1875,2709.8984375
EEGF7,2722.796875,2723.7109375
EEGF7,2741.5859375,2742.296875
EEGF7,2747.6796875,2750.7265625
EEGF7,2756.4140625,2758.4453125
EEGF7,2761.4921875,2762.1015625
EEGF7,2766.9765625,2767.7890625
EEGF7,2777.1328125,2778.3515625
EEGF7,2779.5703125,2780.3828125
EEGF7,2790.9453125,2791.65625
EEGF7,2812.78125,2813.59375
EEGF7,2861.328125,2862.0390625
EEGF7,2954.359375,2955.0703125
EEGF7,2964.515625,2965.53125
EEGF7,2971.3203125,2971.9296875
EEGF7,2983.40625,2984.015625
EEGF7,3030.8359375,3031.6484375
EEGF7,3050.3359375,3050.9453125
EEGF7,3123.359375,3123.96875
EEGF7,3301.703125,3302.4140625
EEGF7,3320.2890625,3320.8984375
EEGF7,3513.359375,3513.96875
EEGF7,3535.5,3536.4140625
EEGF7,3548.296875,3549.0078125
EEGF7,3551.4453125,3553.171875
EEGF7,3572.7734375,3573.7890625
EEGF7,3577.546875,3578.359375
EEGF7,3587.1953125,3588.0078125
EEGF7,3631.984375,3633.203125
EEGF7,3643.0546875,3643.6640625
EEGF7,3650.9765625,3651.6875
EEGF7,3714.046875,3714.65625
EEGF7,3980.6484375,3981.4609375
EEGF7,4018.8359375,4019.4453125
EEGF7,4042.5,4043.109375
EEGF7,4083.4296875,4084.953125
EEGF7,4103.5390625,4104.1484375
EEGF7,4108.0078125,4108.921875
EEGF3,20.21875,21.1328125
EEGF3,32.609375,33.3203125
EEGF3,172.2578125,173.2734375
EEGF3,174.2890625,175.203125
EEGF3,184.953125,185.6640625
EEGF3,198.6640625,199.578125
EEGF3,217.5546875,218.5703125
EEGF3,224.8671875,225.4765625
EEGF3,236.4453125,237.359375
EEGF3,246.6015625,247.2109375
EEGF3,303.2734375,303.8828125
EEGF3,328.96875,329.6796875
EEGF3,419.359375,420.0703125
EEGF3,422,422.609375
EEGF3,425.65625,426.5703125
EEGF3,453.7890625,454.703125
EEGF3,483.2421875,485.171875
EEGF3,501.421875,502.03125
EEGF3,533.8203125,535.546875
EEGF3,544.1796875,545.6015625
EEGF3,549.2578125,550.2734375
EEGF3,554.4375,556.3671875
EEGF3,561.140625,561.953125
EEGF3,575.5625,576.2734375
EEGF3,581.3515625,582.671875
EEGF3,585.3125,586.53125
EEGF3,590.6953125,591.3046875
EEGF3,599.53125,600.140625
EEGF3,602.4765625,603.1875
EEGF3,621.0625,622.6875
EEGF3,650.4140625,651.53125
EEGF3,669.40625,670.21875
EEGF3,674.484375,675.5
EEGF3,685.859375,687.7890625
EEGF3,691.2421875,691.8515625
EEGF3,704.75,705.359375
EEGF3,706.78125,709.015625
EEGF3,722.3203125,723.3359375
EEGF3,726.484375,728.6171875
EEGF3,731.359375,733.0859375
EEGF3,740.5,741.109375
EEGF3,745.6796875,748.9296875
EEGF3,753.703125,754.8203125
EEGF3,758.8828125,761.1171875
EEGF3,765.078125,766.296875
EEGF3,776.1484375,778.078125
EEGF3,782.140625,782.953125
EEGF3,788.5390625,789.25
EEGF3,795.0390625,796.2578125
EEGF3,800.828125,802.25
EEGF3,806.2109375,808.546875
EEGF3,810.578125,812.7109375
EEGF3,816.46875,818.296875
EEGF3,821.2421875,821.953125
EEGF3,826.015625,827.03125
EEGF3,831.3984375,832.109375
EEGF3,841.25,842.3671875
EEGF3,854.5546875,855.875
EEGF3,870.5,871.109375
EEGF3,876.2890625,877.3046875
EEGF3,882.890625,884.2109375
EEGF3,892.234375,892.9453125
EEGF3,898.4296875,900.2578125
EEGF3,902.8984375,903.9140625
EEGF3,908.890625,909.8046875
EEGF3,915.0859375,915.796875
EEGF3,920.671875,921.3828125
EEGF3,929.609375,931.03125
EEGF3,943.015625,944.03125
EEGF3,965.4609375,966.171875
EEGF3,970.234375,971.453125
EEGF3,981.1015625,982.015625
EEGF3,994.609375,995.828125
EEGF3,1005.984375,1007.609375
EEGF3,1011.46875,1012.5859375
EEGF3,1016.75,1017.6640625
EEGF3,1054.9375,1055.75
EEGF3,1076.5703125,1077.1796875
EEGF3,1081.8515625,1082.4609375
EEGF3,1091.703125,1092.4140625
EEGF3,1097.390625,1098.3046875
EEGF3,1106.53125,1107.2421875
EEGF3,1110.2890625,1112.3203125
EEGF3,1115.46875,1116.28125
EEGF3,1133.546875,1134.765625
EEGF3,1139.84375,1141.0625
EEGF3,1148.171875,1149.2890625
EEGF3,1153.859375,1154.5703125
EEGF3,1158.53125,1159.140625
EEGF3,1167.1640625,1168.890625
EEGF3,1187.0703125,1188.1875
EEGF3,1251.765625,1252.4765625
EEGF3,1259.5859375,1260.8046875
EEGF3,1276.8515625,1277.6640625
EEGF3,1298.6875,1299.3984375
EEGF3,1311.7890625,1312.90625
EEGF3,1342.15625,1343.375
EEGF3,1355.8671875,1356.578125
EEGF3,1361.1484375,1361.859375
EEGF3,1390.6015625,1392.4296875
EEGF3,1402.484375,1403.09375
EEGF3,1427.265625,1427.875
EEGF3,1449,1449.609375
EEGF3,1472.96875,1473.8828125
EEGF3,1502.015625,1502.7265625
EEGF3,1505.875,1506.9921875
EEGF3,1511.15625,1511.765625
EEGF3,1520.8046875,1522.4296875
EEGF3,1557.265625,1558.078125
EEGF3,1564.78125,1566.5078125
EEGF3,1571.28125,1572.296875
EEGF3,1582.046875,1582.859375
EEGF3,1594.4375,1595.7578125
EEGF3,1599.6171875,1600.328125
EEGF3,1618,1619.1171875
EEGF3,1654.0546875,1654.6640625
EEGF3,1661.671875,1662.5859375
EEGF3,1704.0234375,1704.8359375
EEGF3,1739.3671875,1740.484375
EEGF3,1767.296875,1768.0078125
EEGF3,1807.109375,1807.71875
EEGF3,1822.140625,1822.75
EEGF3,1867.1328125,1867.84375
EEGF3,1871.6015625,1872.2109375
EEGF3,1885.6171875,1886.2265625
EEGF3,1932.9453125,1933.7578125
EEGF3,1999.3671875,2000.1796875
EEGF3,2012.3671875,2012.9765625
EEGF3,2021.203125,2022.1171875
EEGF3,2097.4765625,2098.1875
EEGF3,2114.03125,2114.640625
EEGF3,2117.9921875,2118.8046875
EEGF3,2140.1328125,2140.84375
EEGF3,2149.8828125,2150.6953125
EEGF3,2154.25,2155.0625
EEGF3,2251.34375,2252.0546875
EEGF3,2291.0546875,2291.765625
EEGF3,2304.96875,2306.6953125
EEGF3,2321.828125,2322.640625
EEGF3,2335.9453125,2336.859375
EEGF3,2361.4375,2362.1484375
EEGF3,2525.96875,2526.78125
EEGF3,2533.3828125,2533.9921875
EEGF3,2543.1328125,2544.25
EEGF3,2589.953125,2590.5625
EEGF3,2632.609375,2636.3671875
EEGF3,2641.140625,2641.8515625
EEGF3,2643.6796875,2644.4921875
EEGF3,2648.3515625,2649.1640625
EEGF3,2653.9375,2654.6484375
EEGF3,2660.5390625,2661.1484375
EEGF3,2663.7890625,2664.5
EEGF3,2669.0703125,2670.0859375
EEGF3,2676.9921875,2677.6015625
EEGF3,2683.8984375,2685.421875
EEGF3,2694.5625,2695.6796875
EEGF3,2709.2890625,2710
EEGF3,2715.078125,2715.6875
EEGF3,2741.5859375,2743.3125
EEGF3,2750.21875,2751.234375
EEGF3,2756.71875,2758.34375
EEGF3,2760.578125,2762.203125
EEGF3,2766.3671875,2767.6875
EEGF3,2783.53125,2784.140625
EEGF3,2790.84375,2792.0625
EEGF3,2812.984375,2813.59375
EEGF3,2840.8125,2841.421875
EEGF3,2846.09375,2846.703125
EEGF3,2974.671875,2975.484375
EEGF3,3027.078125,3027.6875
EEGF3,3036.21875,3036.828125
EEGF3,3198.71875,3199.6328125
EEGF3,3223.8046875,3224.4140625
EEGF3,3358.6796875,3359.390625
EEGF3,3406.8203125,3407.6328125
EEGF3,3483.6015625,3485.125
EEGF3,3536.109375,3537.2265625
EEGF3,3545.9609375,3546.7734375
EEGF3,3555.8125,3556.421875
EEGF3,3557.7421875,3558.3515625
EEGF3,3573.3828125,3574.09375
EEGF3,3618.375,3618.984375
EEGF3,3640.4140625,3641.0234375
EEGF3,3645.8984375,3646.8125
EEGF3,3734.8671875,3735.578125
EEGF3,3778.5390625,3779.453125
EEGF3,3804.640625,3805.5546875
EEGF3,3888.9375,3889.546875
EEGF3,3924.890625,3925.5
EEGF3,3949.0625,3949.671875
EEGF3,4085.765625,4087.2890625
EEGFz,42.96875,43.78125
EEGFz,127.0625,128.078125
EEGFz,140.265625,140.875
EEGFz,204.3515625,204.9609375
EEGFz,228.015625,228.625
EEGFz,364.3125,365.0234375
EEGFz,453.6875,454.6015625
EEGFz,462.21875,462.828125
EEGFz,483.953125,484.8671875
EEGFz,499.8984375,501.7265625
EEGFz,524.4765625,525.0859375
EEGFz,533.71875,535.75
EEGFz,539,540.9296875
EEGFz,544.3828125,545.1953125
EEGFz,548.8515625,551.4921875
EEGFz,555.25,556.5703125
EEGFz,561.140625,561.75
EEGFz,567.1328125,569.7734375
EEGFz,575.359375,577.4921875
EEGFz,580.640625,581.9609375
EEGFz,586.125,586.734375
EEGFz,590.6953125,591.7109375
EEGFz,594.7578125,596.5859375
EEGFz,598.921875,600.140625
EEGFz,602.984375,603.6953125
EEGFz,617,618.9296875
EEGFz,620.7578125,623.296875
EEGFz,627.15625,628.8828125
EEGFz,631.7265625,633.1484375
EEGFz,650.3125,651.4296875
EEGFz,659.65625,660.46875
EEGFz,669.40625,670.1171875
EEGFz,677.734375,679.4609375
EEGFz,686.0625,687.484375
EEGFz,704.4453125,709.3203125
EEGFz,722.625,723.4375
EEGFz,726.7890625,728.8203125
EEGFz,731.4609375,732.78125
EEGFz,735.5234375,737.1484375
EEGFz,740.296875,742.734375
EEGFz,747.1015625,748.9296875
EEGFz,753.8046875,754.6171875
EEGFz,758.984375,761.625
EEGFz,774.3203125,774.9296875
EEGFz,776.25,778.28125
EEGFz,779.90625,781.4296875
EEGFz,785.2890625,786.3046875
EEGFz,788.5390625,789.25
EEGFz,794.9375,797.6796875
EEGFz,800.21875,802.453125
EEGFz,806.515625,808.546875
EEGFz,810.6796875,812.7109375
EEGFz,821.140625,823.171875
EEGFz,825.7109375,826.828125
EEGFz,841.046875,843.078125
EEGFz,853.84375,855.265625
EEGFz,869.7890625,872.125
EEGFz,873.140625,875.0703125
EEGFz,891.7265625,894.3671875
EEGFz,897.8203125,901.4765625
EEGFz,903.1015625,903.9140625
EEGFz,904.9296875,906.5546875
EEGFz,908.7890625,910.6171875
EEGFz,914.78125,915.8984375
EEGFz,920.7734375,921.6875
EEGFz,929.3046875,931.5390625
EEGFz,937.53125,940.0703125
EEGFz,942.9140625,944.1328125
EEGFz,962.6171875,963.328125
EEGFz,965.765625,968.7109375
EEGFz,970.640625,971.5546875
EEGFz,976.125,977.546875
EEGFz,980.0859375,982.1171875
EEGFz,986.28125,987.296875
EEGFz,992.171875,995.828125
EEGFz,1001.109375,1003.2421875
EEGFz,1005.984375,1007.9140625
EEGFz,1009.234375,1010.25
EEGFz,1011.5703125,1014.8203125
EEGFz,1017.15625,1018.171875
EEGFz,1019.59375,1020.40625
EEGFz,1022.640625,1023.453125
EEGFz,1024.671875,1025.28125
EEGFz,1026.703125,1027.3125
EEGFz,1032.796875,1033.40625
EEGFz,1041.328125,1042.2421875
EEGFz,1055.140625,1056.6640625
EEGFz,1063.0625,1065.1953125
EEGFz,1068.6484375,1070.2734375
EEGFz,1081.140625,1082.5625
EEGFz,1085.40625,1086.1171875
EEGFz,1087.234375,1088.1484375
EEGFz,1091.296875,1092.3125
EEGFz,1096.578125,1098.203125
EEGFz,1101.1484375,1102.3671875
EEGFz,1105.3125,1107.2421875
EEGFz,1110.2890625,1112.3203125
EEGFz,1115.265625,1116.9921875
EEGFz,1133.34375,1134.765625
EEGFz,1139.640625,1141.0625
EEGFz,1148.2734375,1149.2890625
EEGFz,1151.015625,1151.9296875
EEGFz,1153.453125,1154.1640625
EEGFz,1155.9921875,1156.8046875
EEGFz,1158.6328125,1160.5625
EEGFz,1167.3671875,1168.7890625
EEGFz,1176.7109375,1177.9296875
EEGFz,1180.875,1183.109375
EEGFz,1185.34375,1188.1875
EEGFz,1194.28125,1195.703125
EEGFz,1198.75,1199.96875
EEGFz,1206.265625,1206.875
EEGFz,1212.96875,1213.6796875
EEGFz,1223.2265625,1223.8359375
EEGFz,1236.125,1237.8515625
EEGFz,1241.203125,1243.1328125
EEGFz,1246.078125,1246.9921875
EEGFz,1251.359375,1253.6953125
EEGFz,1259.1796875,1260.5
EEGFz,1276.546875,1277.765625
EEGFz,1298.890625,1299.8046875
EEGFz,1312.296875,1315.953125
EEGFz,1319.5078125,1320.7265625
EEGFz,1329.2578125,1331.6953125
EEGFz,1342.359375,1343.2734375
EEGFz,1355.765625,1357.2890625
EEGFz,1370.1875,1372.9296875
EEGFz,1381.15625,1382.171875
EEGFz,1389.7890625,1392.734375
EEGFz,1395.578125,1396.1875
EEGFz,1399.4375,1403.703125
EEGFz,1408.375,1409.1875
EEGFz,1411.015625,1411.625
EEGFz,1420.2578125,1423
EEGFz,1427.265625,1427.9765625
EEGFz,1433.2578125,1434.375
EEGFz,1446.96875,1449.609375
EEGFz,1453.9765625,1454.6875
EEGFz,1472.8671875,1473.6796875
EEGFz,1486.171875,1488.203125
EEGFz,1495.3125,1495.921875
EEGFz,1502.1171875,1502.9296875
EEGFz,1504.859375,1507.703125
EEGFz,1509.734375,1510.8515625
EEGFz,1517.1484375,1518.1640625
EEGFz,1521.0078125,1522.53125
EEGFz,1543.9609375,1544.5703125
EEGFz,1548.328125,1549.140625
EEGFz,1553.1015625,1554.625
EEGFz,1557.5703125,1560.3125
EEGFz,1564.2734375,1567.625
EEGFz,1570.9765625,1571.7890625
EEGFz,1575.4453125,1576.2578125
EEGFz,1581.7421875,1583.5703125
EEGFz,1594.7421875,1595.5546875
EEGFz,1602.15625,1604.390625
EEGFz,1611.09375,1611.703125
EEGFz,1618.1015625,1620.5390625
EEGFz,1624.90625,1625.515625
EEGFz,1640.8515625,1643.390625
EEGFz,1653.8515625,1654.6640625
EEGFz,1660.859375,1662.5859375
EEGFz,1686.1484375,1687.0625
EEGFz,1699.3515625,1700.7734375
EEGFz,1704.328125,1704.9375
EEGFz,1706.2578125,1707.2734375
EEGFz,1721.1875,1721.796875
EEGFz,1739.46875,1741.703125
EEGFz,1743.4296875,1744.140625
EEGFz,1745.96875,1746.578125
EEGFz,1748.1015625,1750.3359375
EEGFz,1753.1796875,1754.8046875
EEGFz,1767.3984375,1768.8203125
EEGFz,1779.484375,1781.109375
EEGFz,1784.6640625,1785.2734375
EEGFz,1786.6953125,1787.3046875
EEGFz,1806.8046875,1807.921875
EEGFz,1820.6171875,1822.34375
EEGFz,1825.390625,1827.5234375
EEGFz,1829.859375,1831.9921875
EEGFz,1835.6484375,1837.0703125
EEGFz,1847.9375,1848.953125
EEGFz,1850.78125,1852.203125
EEGFz,1855.1484375,1856.265625
EEGFz,1862.0546875,1864.4921875
EEGFz,1890.4921875,1892.7265625
EEGFz,1919.4375,1920.046875
EEGFz,1930.203125,1931.1171875
EEGFz,1933.25,1933.859375
EEGFz,1956.3046875,1958.234375
EEGFz,1962.5,1963.6171875
EEGFz,1967.171875,1968.390625
EEGFz,2011.7578125,2013.9921875
EEGFz,2016.4296875,2017.2421875
EEGFz,2020.2890625,2022.21875
EEGFz,2026.484375,2028.3125
EEGFz,2032.375,2033.4921875
EEGFz,2053.296875,2055.4296875
EEGFz,2063.1484375,2064.5703125
EEGFz,2071.6796875,2074.015625
EEGFz,2083.359375,2084.171875
EEGFz,2100.421875,2101.4375
EEGFz,2112.9140625,2113.9296875
EEGFz,2118.296875,2118.90625
EEGFz,2133.328125,2134.140625
EEGFz,2136.0703125,2137.2890625
EEGFz,2140.234375,2140.84375
EEGFz,2144.703125,2145.515625
EEGFz,2148.0546875,2148.96875
EEGFz,2152.015625,2155.265625
EEGFz,2160.0390625,2160.6484375
EEGFz,2173.6484375,2175.4765625
EEGFz,2203.1015625,2203.8125
EEGFz,2214.4765625,2215.1875
EEGFz,2222.8046875,2223.921875
EEGFz,2230.1171875,2231.1328125
EEGFz,2243.828125,2244.640625
EEGFz,2267.0859375,2269.7265625
EEGFz,2291.0546875,2292.0703125
EEGFz,2295.9296875,2297.3515625
EEGFz,2300.3984375,2301.6171875
EEGFz,2304.8671875,2306.796875
EEGFz,2315.6328125,2317.15625
EEGFz,2322.3359375,2323.25
EEGFz,2328.0234375,2328.734375
EEGFz,2335.7421875,2336.5546875
EEGFz,2341.2265625,2341.9375
EEGFz,2343.6640625,2344.578125
EEGFz,2349.046875,2350.0625
EEGFz,2369.0546875,2369.765625
EEGFz,2371.59375,2372.203125
EEGFz,2373.828125,2374.640625
EEGFz,2410.796875,2413.03125
EEGFz,2415.9765625,2417.6015625
EEGFz,2446.75,2447.6640625
EEGFz,2457.71875,2458.53125
EEGFz,2475.2890625,2476
EEGFz,2477.3203125,2478.4375
EEGFz,2488.390625,2489.8125
EEGFz,2508.09375,2508.703125
EEGFz,2518.1484375,2520.6875
EEGFz,2524.34375,2526.2734375
EEGFz,2533.28125,2533.9921875
EEGFz,2542.21875,2546.7890625
EEGFz,2555.828125,2556.7421875
EEGFz,2569.9453125,2570.65625
EEGFz,2579.0859375,2580.7109375
EEGFz,2599.703125,2600.4140625
EEGFz,2603.2578125,2603.96875
EEGFz,2632.609375,2633.21875
EEGFz,2635.046875,2637.1796875
EEGFz,2642.8671875,2644.6953125
EEGFz,2648.25,2648.9609375
EEGFz,2651.90625,2654.0390625
EEGFz,2657.4921875,2658.203125
EEGFz,2660.4375,2664.5
EEGFz,2668.4609375,2670.1875
EEGFz,2676.9921875,2678.8203125
EEGFz,2683.796875,2685.21875
EEGFz,2694.359375,2695.6796875
EEGFz,2704.2109375,2704.8203125
EEGFz,2722.4921875,2725.03125
EEGFz,2732.75,2733.4609375
EEGFz,2737.015625,2738.7421875
EEGFz,2741.3828125,2750.9296875
EEGFz,2756.4140625,2757.9375
EEGFz,2760.375,2761.796875
EEGFz,2766.46875,2768.1953125
EEGFz,2776.21875,2777.84375
EEGFz,2779.9765625,2780.5859375
EEGFz,2782.0078125,2784.140625
EEGFz,2790.7421875,2791.453125
EEGFz,2806.9921875,2808.0078125
EEGFz,2812.2734375,2813.59375
EEGFz,2834.4140625,2836.2421875
EEGFz,2845.7890625,2846.6015625
EEGFz,2856.453125,2857.1640625
EEGFz,3007.8828125,3008.6953125
EEGFz,3023.7265625,3024.3359375
EEGFz,3251.4296875,3252.2421875
EEGFz,3551.0390625,3551.6484375
EEGFz,3573.484375,3574.09375
EEGFz,3609.7421875,3610.453125
EEGFz,3618.171875,3618.8828125
EEGFz,3620.203125,3620.9140625
EEGFz,3632.390625,3633.8125
EEGFz,3641.9375,3642.546875
EEGFz,3650.9765625,3651.5859375
EEGFz,3668.75,3669.96875
EEGFz,3674.640625,3675.65625
EEGFz,3724.9140625,3726.234375
EEGFz,3733.4453125,3734.0546875
EEGFz,3742.1796875,3742.7890625
EEGFz,3845.3671875,3846.078125
EEGFz,4082.515625,4086.984375
EEGF4,9.9609375,10.875
EEGF4,14.734375,15.34375
EEGF4,33.625,34.3359375
EEGF4,43.8828125,44.4921875
EEGF4,81.5625,84.203125
EEGF4,93.140625,93.75
EEGF4,124.421875,125.3359375
EEGF4,126.9609375,127.7734375
EEGF4,141.7890625,142.6015625
EEGF4,149,149.8125
EEGF4,162.40625,163.3203125
EEGF4,193.6875,196.6328125
EEGF4,205.46875,206.1796875
EEGF4,209.4296875,210.0390625
EEGF4,216.84375,217.9609375
EEGF4,245.5859375,246.296875
EEGF4,247.8203125,249.8515625
EEGF4,358.421875,359.3359375
EEGF4,422.3046875,422.9140625
EEGF4,495.9375,496.75
EEGF4,500.5078125,501.5234375
EEGF4,516.65625,517.265625
EEGF4,524.375,525.8984375
EEGF4,533.921875,535.4453125
EEGF4,538.4921875,539.1015625
EEGF4,544.7890625,546.3125
EEGF4,548.953125,551.4921875
EEGF4,554.4375,555.7578125
EEGF4,566.9296875,569.265625
EEGF4,576.0703125,577.59375
EEGF4,580.5390625,581.9609375
EEGF4,585.109375,587.75
EEGF4,594.9609375,595.7734375
EEGF4,602.4765625,604.203125
EEGF4,621.0625,622.7890625
EEGF4,627.8671875,628.8828125
EEGF4,631.828125,633.1484375
EEGF4,650.4140625,651.53125
EEGF4,659.25,660.7734375
EEGF4,668.8984375,669.609375
EEGF4,678.0390625,679.5625
EEGF4,685.9609375,687.3828125
EEGF4,691.0390625,691.953125
EEGF4,704.546875,705.359375
EEGF4,706.578125,709.5234375
EEGF4,722.1171875,723.234375
EEGF4,731.5625,732.8828125
EEGF4,735.1171875,736.3359375
EEGF4,739.6875,742.734375
EEGF4,749.234375,750.1484375
EEGF4,751.7734375,753.09375
EEGF4,774.21875,775.3359375
EEGF4,776.25,778.1796875
EEGF4,780.0078125,781.53125
EEGF4,785.2890625,786.9140625
EEGF4,788.640625,789.7578125
EEGF4,795.140625,797.6796875
EEGF4,800.625,802.046875
EEGF4,807.6328125,808.75
EEGF4,811.0859375,812.40625
EEGF4,821.2421875,822.8671875
EEGF4,841.25,843.078125
EEGF4,853.84375,855.1640625
EEGF4,873.0390625,873.6484375
EEGF4,878.625,879.640625
EEGF4,891.9296875,893.7578125
EEGF4,899.953125,901.375
EEGF4,913.8671875,915.8984375
EEGF4,925.2421875,927.2734375
EEGF4,938.34375,940.171875
EEGF4,950.4296875,951.0390625
EEGF4,955.609375,957.234375
EEGF4,966.0703125,968.8125
EEGF4,971.5546875,972.1640625
EEGF4,975.2109375,976.2265625
EEGF4,979.984375,982.21875
EEGF4,991.8671875,993.0859375
EEGF4,1003.4453125,1004.6640625
EEGF4,1008.5234375,1009.5390625
EEGF4,1011.3671875,1011.9765625
EEGF4,1012.890625,1014.8203125
EEGF4,1019.6953125,1020.609375
EEGF4,1024.5703125,1025.3828125
EEGF4,1032.8984375,1033.7109375
EEGF4,1041.125,1042.4453125
EEGF4,1049.859375,1050.46875
EEGF4,1054.9375,1055.546875
EEGF4,1063.265625,1064.7890625
EEGF4,1086.421875,1087.03125
EEGF4,1091.3984375,1092.109375
EEGF4,1096.6796875,1097.2890625
EEGF4,1102.1640625,1102.875
EEGF4,1115.46875,1117.09375
EEGF4,1140.1484375,1141.265625
EEGF4,1144.0078125,1145.53125
EEGF4,1150.8125,1151.7265625
EEGF4,1153.3515625,1153.9609375
EEGF4,1156.09375,1156.90625
EEGF4,1168.6875,1169.703125
EEGF4,1181.078125,1181.7890625
EEGF4,1185.140625,1187.0703125
EEGF4,1194.7890625,1195.703125
EEGF4,1206.0625,1206.7734375
EEGF4,1241.203125,1242.625
EEGF4,1246.078125,1246.890625
EEGF4,1252.6796875,1253.390625
EEGF4,1276.140625,1276.75
EEGF4,1289.546875,1290.2578125
EEGF4,1311.6875,1312.6015625
EEGF4,1314.6328125,1315.2421875
EEGF4,1324.9921875,1325.6015625
EEGF4,1371.7109375,1372.9296875
EEGF4,1381.8671875,1382.6796875
EEGF4,1389.9921875,1390.8046875
EEGF4,1399.640625,1401.1640625
EEGF4,1407.8671875,1409.0859375
EEGF4,1413.9609375,1414.5703125
EEGF4,1419.8515625,1421.578125
EEGF4,1427.46875,1428.1796875
EEGF4,1433.15625,1434.0703125
EEGF4,1447.578125,1449.5078125
EEGF4,1487.4921875,1488.3046875
EEGF4,1504.7578125,1505.5703125
EEGF4,1509.734375,1510.34375
EEGF4,1557.9765625,1559.6015625
EEGF4,1564.0703125,1566.203125
EEGF4,1571.078125,1572.296875
EEGF4,1575.546875,1576.15625
EEGF4,1581.640625,1582.453125
EEGF4,1610.6875,1611.5
EEGF4,1656.4921875,1657.5078125
EEGF4,1660.65625,1661.46875
EEGF4,1696,1696.7109375
EEGF4,1721.1875,1722.1015625
EEGF4,1737.3359375,1738.046875
EEGF4,1742.71875,1744.2421875
EEGF4,1748.203125,1749.7265625
EEGF4,1759.8828125,1760.6953125
EEGF4,1765.46875,1766.6875
EEGF4,1811.171875,1811.78125
EEGF4,1821.4296875,1822.34375
EEGF4,1827.625,1828.4375
EEGF4,1855.046875,1855.9609375
EEGF4,1858.90625,1860.0234375
EEGF4,1863.4765625,1864.2890625
EEGF4,1865.609375,1867.7421875
EEGF4,1893.640625,1894.5546875
EEGF4,1930.1015625,1931.3203125
EEGF4,1957.21875,1957.9296875
EEGF4,1961.890625,1963.3125
EEGF4,1981.4921875,1982.3046875
EEGF4,1991.6484375,1992.5625
EEGF4,1996.21875,1996.828125
EEGF4,2017.6484375,2018.2578125
EEGF4,2026.890625,2027.5
EEGF4,2083.359375,2085.2890625
EEGF4,2099.8125,2101.1328125
EEGF4,2110.2734375,2110.8828125
EEGF4,2133.53125,2134.8515625
EEGF4,2148.359375,2148.96875
EEGF4,2152.3203125,2153.4375
EEGF4,2175.171875,2175.78125
EEGF4,2212.953125,2213.6640625
EEGF4,2268,2268.7109375
EEGF4,2343.6640625,2344.375
EEGF4,2525.359375,2526.171875
EEGF4,2534.09375,2534.703125
EEGF4,2564.2578125,2565.375
EEGF4,2578.8828125,2580.40625
EEGF4,2635.65625,2636.46875
EEGF4,2642.765625,2644.390625
EEGF4,2652.515625,2653.53125
EEGF4,2656.8828125,2658.1015625
EEGF4,2661.5546875,2664.5
EEGF4,2668.0546875,2669.4765625
EEGF4,2677.703125,2678.8203125
EEGF4,2685.3203125,2686.3359375
EEGF4,2693.6484375,2695.8828125
EEGF4,2704.0078125,2704.8203125
EEGF4,2722.4921875,2724.015625
EEGF4,2726.453125,2727.3671875
EEGF4,2738.1328125,2738.7421875
EEGF4,2742.6015625,2744.6328125
EEGF4,2748.796875,2750.21875
EEGF4,2756.6171875,2757.734375
EEGF4,2776.21875,2777.84375
EEGF4,2790.234375,2793.078125
EEGF4,2815.828125,2816.640625
EEGF4,2834.921875,2836.75
EEGF4,2874.0234375,2874.734375
EEGF4,2888.546875,2889.96875
EEGF4,2922.265625,2922.875
EEGF4,2949.6875,2950.6015625
EEGF4,3037.234375,3037.84375
EEGF4,3100.1015625,3102.4375
EEGF4,3274.7890625,3275.703125
EEGF4,3301.8046875,3302.6171875
EEGF4,3378.9921875,3379.6015625
EEGF4,3480.7578125,3481.7734375
EEGF4,3487.0546875,3487.765625
EEGF4,3526.6640625,3527.2734375
EEGF4,3557.4375,3558.3515625
EEGF4,3565.0546875,3565.765625
EEGF4,3571.1484375,3572.265625
EEGF4,3576.6328125,3577.2421875
EEGF4,3586.078125,3586.6875
EEGF4,3601.6171875,3602.2265625
EEGF4,3618.2734375,3618.8828125
EEGF4,3632.8984375,3634.015625
EEGF4,3759.34375,3760.359375
EEGF4,3821.8046875,3822.8203125
EEGF4,3825.359375,3825.96875
EEGF4,3845.46875,3846.28125
EEGF4,3853.6953125,3854.3046875
EEGF4,3929.765625,3930.6796875
EEGF4,3949.7734375,3950.7890625
EEGF4,3952.3125,3953.0234375
EEGF4,3980.75,3981.5625
EEGF4,4005.328125,4005.9375
EEGF4,4021.78125,4022.390625
EEGF4,4045.4453125,4046.0546875
EEGF4,4048.796875,4049.40625
EEGF4,4082.109375,4084.75
EEGF4,4086.6796875,4087.2890625
EEGF8,21.3359375,21.9453125
EEGF8,51.6015625,52.3125
EEGF8,54.8515625,55.4609375
EEGF8,76.5859375,77.1953125
EEGF8,85.5234375,86.4375
EEGF8,124.5234375,125.4375
EEGF8,140.0625,140.875
EEGF8,179.46875,180.1796875
EEGF8,206.078125,206.890625
EEGF8,218.1640625,219.484375
EEGF8,223.4453125,224.765625
EEGF8,231.0625,231.7734375
EEGF8,234.2109375,234.8203125
EEGF8,249.0390625,249.75
EEGF8,268.4375,269.25
EEGF8,358.625,359.234375
EEGF8,371.421875,372.1328125
EEGF8,427.9921875,428.6015625
EEGF8,500,501.015625
EEGF8,524.984375,525.59375
EEGF8,534.0234375,536.6640625
EEGF8,545.09375,546.4140625
EEGF8,548.953125,550.0703125
EEGF8,554.5390625,556.3671875
EEGF8,566.9296875,567.7421875
EEGF8,576.0703125,577.4921875
EEGF8,581.25,581.859375
EEGF8,583.078125,583.6875
EEGF8,594.9609375,595.5703125
EEGF8,602.578125,603.796875
EEGF8,621.0625,623.296875
EEGF8,631.3203125,632.9453125
EEGF8,650.4140625,651.6328125
EEGF8,677.9375,679.359375
EEGF8,685.9609375,686.9765625
EEGF8,690.9375,692.15625
EEGF8,704.4453125,705.0546875
EEGF8,707.0859375,709.3203125
EEGF8,727.1953125,728.0078125
EEGF8,731.6640625,732.578125
EEGF8,735.1171875,736.03125
EEGF8,751.9765625,754.8203125
EEGF8,759.8984375,761.7265625
EEGF8,776.453125,778.28125
EEGF8,782.8515625,783.8671875
EEGF8,788.5390625,789.859375
EEGF8,795.140625,797.0703125
EEGF8,800.421875,802.453125
EEGF8,807.8359375,808.8515625
EEGF8,841.046875,843.078125
EEGF8,850.0859375,850.6953125
EEGF8,853.84375,855.0625
EEGF8,892.234375,893.453125
EEGF8,899.953125,901.0703125
EEGF8,908.7890625,911.734375
EEGF8,914.78125,915.8984375
EEGF8,925.2421875,925.953125
EEGF8,937.6328125,940.0703125
EEGF8,962.2109375,962.921875
EEGF8,966.0703125,967.1875
EEGF8,971.1484375,972.1640625
EEGF8,979.984375,982.21875
EEGF8,1003.75,1004.359375
EEGF8,1012.7890625,1013.703125
EEGF8,1017.4609375,1018.0703125
EEGF8,1041.6328125,1042.2421875
EEGF8,1054.734375,1055.34375
EEGF8,1063.7734375,1064.9921875
EEGF8,1101.25,1102.1640625
EEGF8,1111.40625,1112.421875
EEGF8,1133.4453125,1134.359375
EEGF8,1140.453125,1141.1640625
EEGF8,1158.53125,1159.546875
EEGF8,1185.34375,1185.953125
EEGF8,1187.0703125,1188.2890625
EEGF8,1195.09375,1195.703125
EEGF8,1206.0625,1206.7734375
EEGF8,1213.6796875,1214.390625
EEGF8,1222.921875,1223.8359375
EEGF8,1241.8125,1242.421875
EEGF8,1252.6796875,1253.2890625
EEGF8,1293.1015625,1293.8125
EEGF8,1298.6875,1299.3984375
EEGF8,1312.8046875,1313.6171875
EEGF8,1324.5859375,1325.3984375
EEGF8,1389.9921875,1390.8046875
EEGF8,1427.671875,1428.28125
EEGF8,1433.359375,1433.96875
EEGF8,1448.2890625,1449.40625
EEGF8,1487.390625,1488.1015625
EEGF8,1505.0625,1505.671875
EEGF8,1517.5546875,1518.265625
EEGF8,1565.59375,1566.203125
EEGF8,1581.640625,1582.453125
EEGF8,1599.71875,1600.328125
EEGF8,1656.59375,1657.3046875
EEGF8,1661.265625,1662.078125
EEGF8,1704.328125,1704.9375
EEGF8,1745.0546875,1745.765625
EEGF8,1890.0859375,1890.6953125
EEGF8,1893.7421875,1894.5546875
EEGF8,1933.046875,1933.7578125
EEGF8,1957.3203125,1958.03125
EEGF8,1962.3984375,1963.3125
EEGF8,1992.765625,1993.4765625
EEGF8,2011.5546875,2012.1640625
EEGF8,2100.1171875,2101.3359375
EEGF8,2145.4140625,2146.125
EEGF8,2152.9296875,2153.5390625
EEGF8,2175.171875,2176.0859375
EEGF8,2203.3046875,2203.9140625
EEGF8,2305.578125,2306.8984375
EEGF8,2322.4375,2323.25
EEGF8,2525.359375,2525.96875
EEGF8,2563.8515625,2564.5625
EEGF8,2579.59375,2580.5078125
EEGF8,2635.65625,2636.5703125
EEGF8,2643.4765625,2644.390625
EEGF8,2657.2890625,2658
EEGF8,2659.9296875,2664.703125
EEGF8,2668.0546875,2668.765625
EEGF8,2684.9140625,2685.7265625
EEGF8,2694.765625,2695.78125
EEGF8,2724.3203125,2724.9296875
EEGF8,2726.65625,2727.3671875
EEGF8,2741.28125,2743.8203125
EEGF8,2747.4765625,2749.40625
EEGF8,2760.375,2761.0859375
EEGF8,2782.2109375,2782.8203125
EEGF8,2790.7421875,2792.5703125
EEGF8,2812.4765625,2813.1875
EEGF8,2835.125,2836.6484375
EEGF8,2964.515625,2965.4296875
EEGF8,2983.40625,2984.015625
EEGF8,3020.375,3021.0859375
EEGF8,3175.0546875,3175.96875
EEGF8,3435.2578125,3435.8671875
EEGF8,3440.7421875,3441.453125
EEGF8,3456.7890625,3457.703125
EEGF8,3480.65625,3482.078125
EEGF8,3485.2265625,3487.765625
EEGF8,3495.9921875,3496.8046875
EEGF8,3537.53125,3538.140625
EEGF8,3573.078125,3573.6875
EEGF8,3576.9375,3578.2578125
EEGF8,3610.7578125,3611.671875
EEGF8,3651.078125,3651.6875
EEGF8,3673.7265625,3674.4375
EEGF8,3711.5078125,3712.21875
EEGF8,3765.7421875,3766.3515625
EEGF8,3771.4296875,3772.0390625
EEGF8,3840.1875,3840.8984375
EEGF8,3845.875,3846.484375
EEGF8,3863.75,3864.765625
EEGF8,3878.0703125,3878.6796875
EEGF8,3981.0546875,3981.8671875
EEGF8,4075.203125,4076.015625
EEGF8,4082.8203125,4087.0859375
EEGT3,107.6640625,108.2734375
EEGT3,119.2421875,120.359375
EEGT3,167.1796875,167.890625
EEGT3,182.2109375,182.8203125
EEGT3,231.671875,232.3828125
EEGT3,249.546875,250.5625
EEGT3,322.671875,324.3984375
EEGT3,358.828125,359.4375
EEGT3,360.859375,361.5703125
EEGT3,365.0234375,365.6328125
EEGT3,371.5234375,372.234375
EEGT3,462.015625,462.625
EEGT3,483.953125,484.5625
EEGT3,499.6953125,500.9140625
EEGT3,504.1640625,504.7734375
EEGT3,520.3125,521.4296875
EEGT3,523.96875,526.5078125
EEGT3,533.0078125,535.4453125
EEGT3,540.1171875,540.7265625
EEGT3,544.7890625,545.8046875
EEGT3,548.75,550.578125
EEGT3,555.5546875,556.265625
EEGT3,567.03125,568.046875
EEGT3,568.9609375,569.9765625
EEGT3,575.6640625,577.4921875
EEGT3,580.5390625,582.875
EEGT3,584.09375,586.0234375
EEGT3,594.65625,596.484375
EEGT3,598.71875,600.140625
EEGT3,603.1875,603.8984375
EEGT3,609.3828125,610.296875
EEGT3,616.1875,617.3046875
EEGT3,620.7578125,623.3984375
EEGT3,626.8515625,628.375
EEGT3,631.015625,632.84375
EEGT3,650.2109375,651.6328125
EEGT3,659.7578125,660.875
EEGT3,669.3046875,670.015625
EEGT3,678.75,681.6953125
EEGT3,684.9453125,687.484375
EEGT3,691.0390625,692.15625
EEGT3,704.4453125,705.0546875
EEGT3,708.40625,709.1171875
EEGT3,722.625,723.4375
EEGT3,727.6015625,728.8203125
EEGT3,731.6640625,732.78125
EEGT3,735.21875,735.828125
EEGT3,747.5078125,748.5234375
EEGT3,753.8046875,754.515625
EEGT3,755.53125,756.2421875
EEGT3,759.8984375,761.21875
EEGT3,776.859375,778.1796875
EEGT3,780.0078125,780.71875
EEGT3,782.953125,783.8671875
EEGT3,785.59375,786.3046875
EEGT3,795.0390625,798.0859375
EEGT3,800.3203125,802.7578125
EEGT3,803.9765625,804.6875
EEGT3,807.2265625,808.140625
EEGT3,821.8515625,822.765625
EEGT3,826.015625,826.7265625
EEGT3,841.046875,843.078125
EEGT3,853.640625,855.3671875
EEGT3,868.46875,869.484375
EEGT3,870.8046875,871.6171875
EEGT3,873.0390625,873.6484375
EEGT3,876.2890625,877.1015625
EEGT3,878.421875,879.234375
EEGT3,891.828125,893.3515625
EEGT3,898.2265625,901.0703125
EEGT3,915.390625,916.1015625
EEGT3,929.8125,930.9296875
EEGT3,937.6328125,939.4609375
EEGT3,943.3203125,944.3359375
EEGT3,965.359375,966.375
EEGT3,968.40625,969.1171875
EEGT3,971.046875,971.9609375
EEGT3,979.8828125,982.015625
EEGT3,997.453125,998.0625
EEGT3,1006.2890625,1009.84375
EEGT3,1010.9609375,1013.6015625
EEGT3,1016.953125,1020.1015625
EEGT3,1041.2265625,1042.6484375
EEGT3,1054.9375,1056.4609375
EEGT3,1064.078125,1064.7890625
EEGT3,1069.0546875,1070.0703125
EEGT3,1076.7734375,1077.890625
EEGT3,1096.8828125,1098.40625
EEGT3,1105.71875,1107.140625
EEGT3,1110.1875,1112.625
EEGT3,1115.46875,1116.078125
EEGT3,1133.2421875,1134.4609375
EEGT3,1140.453125,1141.0625
EEGT3,1142.7890625,1143.3984375
EEGT3,1153.5546875,1154.3671875
EEGT3,1158.53125,1159.6484375
EEGT3,1168.078125,1168.6875
EEGT3,1181.5859375,1183.109375
EEGT3,1186.359375,1188.390625
EEGT3,1194.6875,1195.8046875
EEGT3,1204.9453125,1206.875
EEGT3,1213.78125,1214.4921875
EEGT3,1221.703125,1222.3125
EEGT3,1244.65625,1245.265625
EEGT3,1246.484375,1247.5
EEGT3,1253.6953125,1254.3046875
EEGT3,1257.3515625,1258.0625
EEGT3,1268.5234375,1269.3359375
EEGT3,1276.75,1277.6640625
EEGT3,1289.34375,1290.0546875
EEGT3,1329.6640625,1330.2734375
EEGT3,1334.5390625,1335.25
EEGT3,1342.6640625,1343.4765625
EEGT3,1370.796875,1371.8125
EEGT3,1383.1875,1383.8984375
EEGT3,1391.921875,1392.734375
EEGT3,1394.96875,1395.8828125
EEGT3,1401.1640625,1403.6015625
EEGT3,1421.78125,1422.59375
EEGT3,1447.78125,1449.5078125
EEGT3,1472.8671875,1473.4765625
EEGT3,1486.8828125,1488.1015625
EEGT3,1495.2109375,1496.0234375
EEGT3,1501.203125,1502.3203125
EEGT3,1517.1484375,1518.0625
EEGT3,1543.5546875,1544.3671875
EEGT3,1553.5078125,1554.21875
EEGT3,1564.4765625,1565.0859375
EEGT3,1571.078125,1571.7890625
EEGT3,1581.7421875,1583.5703125
EEGT3,1599.515625,1600.328125
EEGT3,1640.75,1643.6953125
EEGT3,1656.59375,1657.203125
EEGT3,1661.0625,1662.5859375
EEGT3,1686.1484375,1687.5703125
EEGT3,1695.1875,1696.1015625
EEGT3,1722.1015625,1722.7109375
EEGT3,1740.6875,1741.296875
EEGT3,1744.546875,1745.15625
EEGT3,1747.796875,1748.609375
EEGT3,1772.2734375,1772.8828125
EEGT3,1775.21875,1776.234375
EEGT3,1786.6953125,1787.3046875
EEGT3,1807.3125,1808.125
EEGT3,1811.78125,1812.390625
EEGT3,1826.609375,1827.625
EEGT3,1830.3671875,1830.9765625
EEGT3,1841.234375,1842.046875
EEGT3,1851.6953125,1852.3046875
EEGT3,1863.984375,1864.59375
EEGT3,1866.7265625,1867.3359375
EEGT3,1877.0859375,1877.796875
EEGT3,1956.609375,1957.21875
EEGT3,1991.6484375,1992.359375
EEGT3,2013.6875,2014.296875
EEGT3,2021.3046875,2022.5234375
EEGT3,2038.0625,2038.7734375
EEGT3,2083.359375,2083.96875
EEGT3,2133.328125,2134.34375
EEGT3,2153.3359375,2153.9453125
EEGT3,2160.2421875,2160.8515625
EEGT3,2168.875,2169.484375
EEGT3,2203.3046875,2203.9140625
EEGT3,2267.6953125,2268.9140625
EEGT3,2296.3359375,2297.3515625
EEGT3,2305.4765625,2306.1875
EEGT3,2322.9453125,2323.5546875
EEGT3,2344.2734375,2345.0859375
EEGT3,2348.9453125,2351.078125
EEGT3,2383.171875,2383.78125
EEGT3,2409.984375,2410.59375
EEGT3,2434.5625,2435.6796875
EEGT3,2478.84375,2479.453125
EEGT3,2518.9609375,2519.9765625
EEGT3,2525.15625,2526.578125
EEGT3,2544.25,2545.0625
EEGT3,2564.8671875,2565.6796875
EEGT3,2579.1875,2580.7109375
EEGT3,2632.609375,2633.7265625
EEGT3,2635.9609375,2636.671875
EEGT3,2643.578125,2644.2890625
EEGT3,2662.5703125,2664.703125
EEGT3,2668.0546875,2670.1875
EEGT3,2677.1953125,2677.8046875
EEGT3,2698.21875,2699.1328125
EEGT3,2708.984375,2710
EEGT3,2723,2725.03125
EEGT3,2732.953125,2733.8671875
EEGT3,2738.03125,2738.640625
EEGT3,2741.484375,2743.515625
EEGT3,2748.8984375,2750.7265625
EEGT3,2756.71875,2757.4296875
EEGT3,2767.078125,2767.6875
EEGT3,2777.234375,2778.1484375
EEGT3,2779.671875,2780.28125
EEGT3,2789.5234375,2791.65625
EEGT3,2812.8828125,2813.59375
EEGT3,2814.8125,2816.4375
EEGT3,2871.28125,2872.09375
EEGT3,2948.3671875,2948.9765625
EEGT3,2964.6171875,2965.4296875
EEGT3,3007.8828125,3008.4921875
EEGT3,3301.703125,3302.4140625
EEGT3,3351.671875,3352.28125
EEGT3,3456.5859375,3457.1953125
EEGT3,3480.859375,3481.671875
EEGT3,3488.984375,3489.6953125
EEGT3,3494.5703125,3495.3828125
EEGT3,3535.296875,3536.4140625
EEGT3,3573.078125,3574.09375
EEGT3,3577.6484375,3578.4609375
EEGT3,3618.171875,3620.5078125
EEGT3,3632.390625,3633
EEGT3,3635.03125,3635.640625
EEGT3,3636.9609375,3638.1796875
EEGT3,3642.2421875,3643.5625
EEGT3,3650.9765625,3652.09375
EEGT3,3734.2578125,3734.8671875
EEGT3,3742.1796875,3742.7890625
EEGT3,3856.7421875,3857.3515625
EEGT3,3885.5859375,3886.1953125
EEGT3,3980.75,3981.359375
EEGT3,4004.4140625,4005.2265625
EEGT3,4057.6328125,4058.2421875
EEGT3,4075.609375,4076.5234375
EEGT3,4082.921875,4087.390625
EEGT3,4103.4375,4104.1484375
EEGC3,25.09375,25.8046875
EEGC3,68.765625,69.6796875
EEGC3,169.515625,170.328125
EEGC3,172.359375,173.0703125
EEGC3,177.3359375,177.9453125
EEGC3,179.5703125,181.09375
EEGC3,189.421875,191.046875
EEGC3,196.8359375,197.953125
EEGC3,232.890625,233.5
EEGC3,236.2421875,237.6640625
EEGC3,375.7890625,376.5
EEGC3,453.890625,454.6015625
EEGC3,483.34375,484.5625
EEGC3,496.34375,497.0546875
EEGC3,499.8984375,500.8125
EEGC3,520.4140625,521.4296875
EEGC3,525.390625,526.203125
EEGC3,534.125,535.4453125
EEGC3,540.015625,541.640625
EEGC3,544.5859375,545.1953125
EEGC3,548.75,550.171875
EEGC3,555.65625,556.5703125
EEGC3,568.9609375,569.7734375
EEGC3,576.8828125,577.4921875
EEGC3,580.5390625,582.875
EEGC3,586.0234375,586.8359375
EEGC3,594.859375,596.078125
EEGC3,598.71875,600.2421875
EEGC3,620.9609375,622.3828125
EEGC3,632.03125,633.046875
EEGC3,650.3125,651.53125
EEGC3,659.7578125,660.9765625
EEGC3,674.078125,674.6875
EEGC3,678.2421875,679.359375
EEGC3,685.1484375,687.484375
EEGC3,691.140625,692.2578125
EEGC3,706.4765625,709.015625
EEGC3,727.6015625,728.921875
EEGC3,731.6640625,732.78125
EEGC3,746.4921875,749.84375
EEGC3,759.8984375,761.015625
EEGC3,776.7578125,778.1796875
EEGC3,779.8046875,780.6171875
EEGC3,782.140625,782.75
EEGC3,785.4921875,786.203125
EEGC3,787.421875,788.1328125
EEGC3,795.140625,796.6640625
EEGC3,800.625,802.65625
EEGC3,803.875,805.5
EEGC3,807.2265625,807.8359375
EEGC3,821.140625,821.953125
EEGC3,825.9140625,827.1328125
EEGC3,841.046875,843.078125
EEGC3,853.84375,854.7578125
EEGC3,892.4375,894.1640625
EEGC3,897.921875,901.171875
EEGC3,929.5078125,931.3359375
EEGC3,938.75,939.5625
EEGC3,943.421875,944.1328125
EEGC3,970.7421875,972.7734375
EEGC3,981.40625,982.1171875
EEGC3,992.578125,993.1875
EEGC3,995.015625,995.7265625
EEGC3,997.453125,998.0625
EEGC3,1006.1875,1006.796875
EEGC3,1011.265625,1013.703125
EEGC3,1016.75,1019.8984375
EEGC3,1041.328125,1041.9375
EEGC3,1055.0390625,1055.75
EEGC3,1064.1796875,1065.09375
EEGC3,1069.6640625,1070.2734375
EEGC3,1076.671875,1077.28125
EEGC3,1097.4921875,1098.203125
EEGC3,1105.4140625,1106.2265625
EEGC3,1110.2890625,1112.21875
EEGC3,1115.46875,1116.6875
EEGC3,1133.34375,1134.6640625
EEGC3,1140.453125,1141.0625
EEGC3,1158.4296875,1160.15625
EEGC3,1186.15625,1188.2890625
EEGC3,1194.6875,1195.6015625
EEGC3,1206.265625,1206.875
EEGC3,1213.0703125,1214.2890625
EEGC3,1236.734375,1237.953125
EEGC3,1245.1640625,1245.7734375
EEGC3,1288.328125,1289.0390625
EEGC3,1312.1953125,1313.0078125
EEGC3,1314.53125,1315.2421875
EEGC3,1342.765625,1343.4765625
EEGC3,1355.6640625,1357.2890625
EEGC3,1401.1640625,1401.9765625
EEGC3,1411.1171875,1411.7265625
EEGC3,1420.4609375,1422.4921875
EEGC3,1449,1449.609375
EEGC3,1517.5546875,1518.1640625
EEGC3,1528.21875,1528.828125
EEGC3,1551.8828125,1552.6953125
EEGC3,1553.609375,1554.828125
EEGC3,1564.4765625,1565.1875
EEGC3,1567.1171875,1567.7265625
EEGC3,1581.640625,1583.671875
EEGC3,1594.640625,1595.859375
EEGC3,1640.8515625,1641.765625
EEGC3,1661.3671875,1662.5859375
EEGC3,1686.046875,1687.46875
EEGC3,1690.515625,1691.125
EEGC3,1739.9765625,1741.8046875
EEGC3,1744.4453125,1746.578125
EEGC3,1749.625,1750.234375
EEGC3,1781.3125,1782.125
EEGC3,1806.703125,1808.0234375
EEGC3,1820.71875,1821.4296875
EEGC3,1826.609375,1827.5234375
EEGC3,1836.15625,1837.0703125
EEGC3,1893.5390625,1894.25
EEGC3,1933.3515625,1933.9609375
EEGC3,1989.71875,1990.4296875
EEGC3,1999.265625,1999.9765625
EEGC3,2021.609375,2022.3203125
EEGC3,2032.375,2033.4921875
EEGC3,2038.265625,2038.875
EEGC3,2063.453125,2064.265625
EEGC3,2071.578125,2072.1875
EEGC3,2083.4609375,2084.2734375
EEGC3,2203.203125,2203.9140625
EEGC3,2219.25,2219.859375
EEGC3,2268.3046875,2268.9140625
EEGC3,2290.953125,2291.5625
EEGC3,2305.171875,2306.1875
EEGC3,2322.9453125,2323.5546875
EEGC3,2350.3671875,2351.1796875
EEGC3,2393.9375,2394.546875
EEGC3,2519.0625,2519.7734375
EEGC3,2525.765625,2526.578125
EEGC3,2545.46875,2546.5859375
EEGC3,2556.234375,2556.84375
EEGC3,2579.2890625,2580.7109375
EEGC3,2632.7109375,2633.625
EEGC3,2635.859375,2636.671875
EEGC3,2643.78125,2644.4921875
EEGC3,2662.7734375,2664.3984375
EEGC3,2669.375,2670.1875
EEGC3,2677.1953125,2678.0078125
EEGC3,2683.796875,2684.5078125
EEGC3,2724.421875,2725.03125
EEGC3,2733.15625,2733.765625
EEGC3,2738.03125,2738.640625
EEGC3,2741.5859375,2743.6171875
EEGC3,2747.8828125,2749.3046875
EEGC3,2757.0234375,2757.9375
EEGC3,2760.578125,2761.8984375
EEGC3,2766.9765625,2768.90625
EEGC3,2776.5234375,2777.7421875
EEGC3,2789.1171875,2789.7265625
EEGC3,2807.3984375,2808.0078125
EEGC3,2814.9140625,2815.7265625
EEGC3,3243.609375,3244.21875
EEGC3,3483.6015625,3485.53125
EEGC3,3533.0625,3533.671875
EEGC3,3536.71875,3537.328125
EEGC3,3557.7421875,3559.671875
EEGC3,3581.9140625,3583.3359375
EEGC3,3584.25,3584.859375
EEGC3,3587.3984375,3588.109375
EEGC3,3618.375,3619.0859375
EEGC3,3628.125,3628.9375
EEGC3,3657.984375,3658.59375
EEGC3,3674.5390625,3675.453125
EEGC3,3679.6171875,3680.4296875
EEGC3,3703.078125,3704.09375
EEGC3,3707.140625,3707.8515625
EEGC3,3742.28125,3742.9921875
EEGC3,3757.4140625,3758.125
EEGC3,3799.4609375,3800.0703125
EEGC3,3803.21875,3803.9296875
EEGC3,3817.1328125,3818.65625
EEGC3,3821.703125,3822.71875
EEGC3,3823.9375,3824.546875
EEGC3,3831.859375,3833.7890625
EEGC3,3862.0234375,3862.734375
EEGC3,3882.03125,3883.3515625
EEGC3,3884.9765625,3885.6875
EEGC3,3894.015625,3894.7265625
EEGC3,3980.6484375,3981.359375
EEGC3,4082.8203125,4087.390625
EEGCz,24.7890625,25.703125
EEGCz,45.9140625,46.5234375
EEGCz,51.296875,52.109375
EEGCz,59.9296875,60.5390625
EEGCz,166.1640625,166.7734375
EEGCz,180.078125,180.9921875
EEGCz,236.546875,237.765625
EEGCz,462.21875,462.9296875
EEGCz,484.0546875,484.6640625
EEGCz,520.6171875,521.4296875
EEGCz,533.921875,535.4453125
EEGCz,540.21875,541.4375
EEGCz,544.3828125,545.09375
EEGCz,549.0546875,550.984375
EEGCz,555.7578125,556.3671875
EEGCz,567.1328125,569.671875
EEGCz,576.78125,577.390625
EEGCz,580.5390625,583.078125
EEGCz,586.125,586.734375
EEGCz,594.65625,596.484375
EEGCz,599.0234375,599.8359375
EEGCz,602.6796875,603.59375
EEGCz,621.0625,622.5859375
EEGCz,627.2578125,628.0703125
EEGCz,631.828125,633.1484375
EEGCz,650.3125,651.8359375
EEGCz,673.875,674.484375
EEGCz,677.9375,679.6640625
EEGCz,684.9453125,686.875
EEGCz,691.140625,691.8515625
EEGCz,703.4296875,705.0546875
EEGCz,706.4765625,709.1171875
EEGCz,727.6015625,728.4140625
EEGCz,731.6640625,732.8828125
EEGCz,736.03125,736.7421875
EEGCz,741.515625,742.6328125
EEGCz,747.3046875,748.5234375
EEGCz,755.2265625,756.140625
EEGCz,759.8984375,761.015625
EEGCz,776.7578125,778.1796875
EEGCz,779.90625,780.6171875
EEGCz,785.1875,786.203125
EEGCz,795.140625,798.0859375
EEGCz,800.625,802.65625
EEGCz,803.9765625,804.6875
EEGCz,806.71875,807.53125
EEGCz,811.1875,811.796875
EEGCz,821.140625,823.171875
EEGCz,840.9453125,843.078125
EEGCz,853.9453125,854.7578125
EEGCz,868.671875,870.296875
EEGCz,874.0546875,874.765625
EEGCz,892.4375,894.3671875
EEGCz,897.921875,901.2734375
EEGCz,909.90625,910.71875
EEGCz,915.0859375,916
EEGCz,930.015625,931.03125
EEGCz,938.0390625,939.5625
EEGCz,943.015625,944.1328125
EEGCz,954.1875,955.40625
EEGCz,962.3125,963.0234375
EEGCz,970.7421875,971.5546875
EEGCz,980.2890625,982.015625
EEGCz,994.609375,995.828125
EEGCz,1001.6171875,1002.2265625
EEGCz,1006.0859375,1007.8125
EEGCz,1011.671875,1013.5
EEGCz,1016.953125,1017.96875
EEGCz,1018.984375,1020.3046875
EEGCz,1032.6953125,1033.609375
EEGCz,1041.328125,1041.9375
EEGCz,1049.65625,1050.46875
EEGCz,1055.0390625,1055.75
EEGCz,1063.3671875,1065.09375
EEGCz,1068.6484375,1070.2734375
EEGCz,1081.75,1082.4609375
EEGCz,1097.390625,1098.1015625
EEGCz,1101.25,1101.9609375
EEGCz,1105.3125,1107.2421875
EEGCz,1110.2890625,1112.625
EEGCz,1115.265625,1116.7890625
EEGCz,1127.65625,1128.5703125
EEGCz,1133.34375,1134.5625
EEGCz,1140.453125,1141.0625
EEGCz,1153.453125,1154.0625
EEGCz,1158.53125,1159.140625
EEGCz,1167.3671875,1167.9765625
EEGCz,1180.3671875,1183.109375
EEGCz,1185.546875,1188.2890625
EEGCz,1194.5859375,1195.6015625
EEGCz,1198.75,1199.359375
EEGCz,1206.265625,1206.875
EEGCz,1213.4765625,1214.390625
EEGCz,1236.8359375,1237.8515625
EEGCz,1241.203125,1242.828125
EEGCz,1245.265625,1245.875
EEGCz,1252.578125,1253.4921875
EEGCz,1276.546875,1277.6640625
EEGCz,1286.5,1287.109375
EEGCz,1288.4296875,1289.0390625
EEGCz,1298.9921875,1301.2265625
EEGCz,1314.328125,1316.0546875
EEGCz,1341.75,1343.375
EEGCz,1345,1345.7109375
EEGCz,1355.8671875,1356.8828125
EEGCz,1390.5,1392.8359375
EEGCz,1399.4375,1403.6015625
EEGCz,1415.5859375,1416.1953125
EEGCz,1420.8671875,1422.59375
EEGCz,1447.4765625,1448.59375
EEGCz,1468.3984375,1469.0078125
EEGCz,1472.96875,1473.578125
EEGCz,1487.1875,1488.3046875
EEGCz,1495.3125,1495.921875
EEGCz,1502.21875,1503.03125
EEGCz,1505.3671875,1506.890625
EEGCz,1509.4296875,1510.0390625
EEGCz,1517.046875,1518.1640625
EEGCz,1557.7734375,1558.484375
EEGCz,1563.96875,1566.203125
EEGCz,1570.7734375,1571.5859375
EEGCz,1575.4453125,1576.15625
EEGCz,1581.640625,1583.5703125
EEGCz,1594.7421875,1596.46875
EEGCz,1603.171875,1604.390625
EEGCz,1618.203125,1618.9140625
EEGCz,1640.8515625,1641.765625
EEGCz,1656.796875,1657.40625
EEGCz,1659.640625,1662.5859375
EEGCz,1665.0234375,1665.6328125
EEGCz,1686.1484375,1687.46875
EEGCz,1690.6171875,1691.2265625
EEGCz,1695.796875,1696.609375
EEGCz,1706.15625,1708.390625
EEGCz,1739.875,1740.484375
EEGCz,1743.734375,1745.15625
EEGCz,1775.1171875,1775.7265625
EEGCz,1779.6875,1780.703125
EEGCz,1786.6953125,1787.3046875
EEGCz,1806.8046875,1808.0234375
EEGCz,1820.71875,1822.75
EEGCz,1825.6953125,1827.421875
EEGCz,1830.46875,1831.1796875
EEGCz,1835.75,1836.8671875
EEGCz,1841.5390625,1842.25
EEGCz,1851.390625,1852.203125
EEGCz,1855.3515625,1857.6875
EEGCz,1858.90625,1859.515625
EEGCz,1867.03125,1867.640625
EEGCz,1876.8828125,1877.4921875
EEGCz,1893.5390625,1894.25
EEGCz,1930,1930.609375
EEGCz,1933.3515625,1934.265625
EEGCz,1956.40625,1958.03125
EEGCz,1962.5,1963.2109375
EEGCz,1991.6484375,1992.4609375
EEGCz,2012.46875,2014.1953125
EEGCz,2021.609375,2022.3203125
EEGCz,2038.5703125,2039.1796875
EEGCz,2048.015625,2048.9296875
EEGCz,2054.4140625,2055.2265625
EEGCz,2071.78125,2072.390625
EEGCz,2083.4609375,2084.6796875
EEGCz,2117.28125,2118.8046875
EEGCz,2127.640625,2128.25
EEGCz,2133.2265625,2134.0390625
EEGCz,2148.15625,2148.96875
EEGCz,2152.7265625,2153.5390625
EEGCz,2155.5703125,2156.3828125
EEGCz,2200.15625,2200.8671875
EEGCz,2203,2203.8125
EEGCz,2219.1484375,2219.859375
EEGCz,2244.1328125,2244.7421875
EEGCz,2267.0859375,2268.9140625
EEGCz,2295.9296875,2297.453125
EEGCz,2305.375,2306.6953125
EEGCz,2348.84375,2349.5546875
EEGCz,2350.46875,2351.1796875
EEGCz,2411,2411.8125
EEGCz,2416.28125,2416.890625
EEGCz,2457.4140625,2458.2265625
EEGCz,2519.0625,2520.078125
EEGCz,2525.765625,2526.578125
EEGCz,2533.5859375,2534.296875
EEGCz,2542.3203125,2546.078125
EEGCz,2579.0859375,2580.203125
EEGCz,2595.4375,2596.046875
EEGCz,2632.7109375,2636.5703125
EEGCz,2643.0703125,2644.4921875
EEGCz,2662.7734375,2664.296875
EEGCz,2668.4609375,2670.0859375
EEGCz,2676.9921875,2678.71875
EEGCz,2724.3203125,2725.03125
EEGCz,2733.0546875,2733.6640625
EEGCz,2738.03125,2738.640625
EEGCz,2741.484375,2745.4453125
EEGCz,2747.78125,2749.40625
EEGCz,2760.375,2761.6953125
EEGCz,2766.875,2767.7890625
EEGCz,2776.5234375,2777.7421875
EEGCz,2807.09375,2807.90625
EEGCz,2919.7265625,2920.640625
EEGCz,3447.8515625,3448.4609375
EEGCz,3522.1953125,3522.90625
EEGCz,3557.7421875,3559.671875
EEGCz,3577.4453125,3578.0546875
EEGCz,3632.390625,3633
EEGCz,3668.4453125,3669.0546875
EEGCz,3679.71875,3680.4296875
EEGCz,3714.65625,3715.265625
EEGCz,3720.34375,3720.953125
EEGCz,3742.078125,3742.890625
EEGCz,3757.6171875,3758.328125
EEGCz,3806.265625,3806.9765625
EEGCz,3816.828125,3817.7421875
EEGCz,3862.734375,3863.4453125
EEGCz,3929.96875,3930.8828125
EEGCz,3980.6484375,3981.6640625
EEGCz,4004.4140625,4005.125
EEGCz,4082.8203125,4086.2734375
EEGC4,10.265625,11.078125
EEGC4,24.9921875,25.8046875
EEGC4,27.8359375,28.546875
EEGC4,33.5234375,34.1328125
EEGC4,41.6484375,42.4609375
EEGC4,63.078125,63.7890625
EEGC4,83.8984375,86.234375
EEGC4,126.7578125,127.3671875
EEGC4,180.078125,180.7890625
EEGC4,235.125,235.734375
EEGC4,237.8671875,238.4765625
EEGC4,323.5859375,324.1953125
EEGC4,375.890625,376.6015625
EEGC4,453.890625,454.5
EEGC4,520.4140625,521.125
EEGC4,524.984375,525.59375
EEGC4,534.2265625,535.4453125
EEGC4,540.21875,541.3359375
EEGC4,548.953125,550.0703125
EEGC4,555.1484375,556.3671875
EEGC4,567.1328125,567.7421875
EEGC4,576.171875,577.390625
EEGC4,580.5390625,583.078125
EEGC4,594.7578125,596.078125
EEGC4,599.0234375,599.8359375
EEGC4,602.4765625,603.6953125
EEGC4,613.8515625,614.4609375
EEGC4,621.0625,623.3984375
EEGC4,627.2578125,628.984375
EEGC4,631.828125,632.7421875
EEGC4,650.4140625,652.0390625
EEGC4,678.6484375,679.96875
EEGC4,685.7578125,686.875
EEGC4,691.0390625,691.8515625
EEGC4,704.546875,709.1171875
EEGC4,731.6640625,732.578125
EEGC4,736.1328125,736.84375
EEGC4,741.109375,742.53125
EEGC4,747.3046875,748.421875
EEGC4,759.8984375,761.7265625
EEGC4,775.640625,778.078125
EEGC4,785.0859375,786.203125
EEGC4,795.0390625,795.953125
EEGC4,797.2734375,797.984375
EEGC4,800.7265625,802.65625
EEGC4,807.4296875,808.140625
EEGC4,821.140625,822.8671875
EEGC4,840.9453125,843.078125
EEGC4,853.9453125,855.265625
EEGC4,868.46875,869.1796875
EEGC4,892.4375,894.0625
EEGC4,899.75,901.0703125
EEGC4,914.8828125,915.8984375
EEGC4,929.203125,931.3359375
EEGC4,934.1796875,934.7890625
EEGC4,937.125,939.5625
EEGC4,943.421875,944.1328125
EEGC4,962.2109375,963.125
EEGC4,967.2890625,968.3046875
EEGC4,970.640625,972.5703125
EEGC4,980.2890625,982.1171875
EEGC4,994.8125,996.3359375
EEGC4,1003.4453125,1004.4609375
EEGC4,1006.2890625,1008.625
EEGC4,1012.6875,1013.6015625
EEGC4,1016.75,1018.171875
EEGC4,1019.390625,1020.1015625
EEGC4,1041.328125,1042.140625
EEGC4,1055.0390625,1056.2578125
EEGC4,1063.46875,1064.9921875
EEGC4,1068.75,1069.4609375
EEGC4,1081.6484375,1082.4609375
EEGC4,1097.59375,1098.203125
EEGC4,1101.25,1101.859375
EEGC4,1105.515625,1107.0390625
EEGC4,1110.2890625,1112.1171875
EEGC4,1115.3671875,1117.09375
EEGC4,1133.34375,1134.6640625
EEGC4,1139.5390625,1141.1640625
EEGC4,1158.4296875,1159.140625
EEGC4,1177.421875,1178.03125
EEGC4,1181.5859375,1182.296875
EEGC4,1185.34375,1188.2890625
EEGC4,1194.5859375,1195.8046875
EEGC4,1206.265625,1206.875
EEGC4,1213.375,1214.4921875
EEGC4,1221.1953125,1222.2109375
EEGC4,1236.9375,1237.546875
EEGC4,1242.1171875,1242.828125
EEGC4,1245.3671875,1245.9765625
EEGC4,1252.6796875,1253.390625
EEGC4,1276.2421875,1277.2578125
EEGC4,1312.8046875,1313.71875
EEGC4,1316.765625,1317.6796875
EEGC4,1342.6640625,1343.578125
EEGC4,1389.9921875,1391.2109375
EEGC4,1399.4375,1400.859375
EEGC4,1402.5859375,1403.703125
EEGC4,1408.0703125,1408.8828125
EEGC4,1420.96875,1422.59375
EEGC4,1433.5625,1434.4765625
EEGC4,1447.8828125,1449.609375
EEGC4,1487.390625,1488.203125
EEGC4,1490.640625,1491.3515625
EEGC4,1505.3671875,1507.3984375
EEGC4,1517.25,1517.859375
EEGC4,1521.515625,1522.4296875
EEGC4,1543.859375,1544.46875
EEGC4,1557.7734375,1558.5859375
EEGC4,1563.8671875,1566.3046875
EEGC4,1570.875,1571.6875
EEGC4,1575.4453125,1576.0546875
EEGC4,1581.640625,1584.3828125
EEGC4,1594.4375,1595.046875
EEGC4,1600.0234375,1600.734375
EEGC4,1603.4765625,1604.390625
EEGC4,1610.7890625,1611.5
EEGC4,1618.203125,1618.8125
EEGC4,1640.8515625,1642.984375
EEGC4,1656.59375,1657.40625
EEGC4,1660.65625,1662.5859375
EEGC4,1664.921875,1665.53125
EEGC4,1684.3203125,1685.03125
EEGC4,1686.1484375,1687.0625
EEGC4,1695.59375,1696.7109375
EEGC4,1699.65625,1700.265625
EEGC4,1706.2578125,1707.171875
EEGC4,1743.53125,1744.2421875
EEGC4,1748,1748.8125
EEGC4,1779.484375,1780.09375
EEGC4,1806.90625,1808.125
EEGC4,1821.53125,1822.4453125
EEGC4,1826.5078125,1828.03125
EEGC4,1835.953125,1836.765625
EEGC4,1847.9375,1848.546875
EEGC4,1858.703125,1859.6171875
EEGC4,1876.8828125,1877.4921875
EEGC4,1890.59375,1891.609375
EEGC4,1893.640625,1894.3515625
EEGC4,1930.1015625,1931.1171875
EEGC4,1957.015625,1958.234375
EEGC4,1962.3984375,1963.3125
EEGC4,1991.6484375,1992.5625
EEGC4,2012.5703125,2013.890625
EEGC4,2026.3828125,2027.1953125
EEGC4,2047.9140625,2049.5390625
EEGC4,2054.71875,2055.328125
EEGC4,2065.1796875,2065.7890625
EEGC4,2083.4609375,2084.6796875
EEGC4,2100.5234375,2101.3359375
EEGC4,2148.15625,2149.0703125
EEGC4,2152.828125,2153.5390625
EEGC4,2203,2203.7109375
EEGC4,2219.25,2220.265625
EEGC4,2267.2890625,2268.9140625
EEGC4,2296.03125,2296.84375
EEGC4,2300.8046875,2301.515625
EEGC4,2330.359375,2330.96875
EEGC4,2350.265625,2351.078125
EEGC4,2368.34375,2368.953125
EEGC4,2411,2411.8125
EEGC4,2416.28125,2416.9921875
EEGC4,2519.0625,2519.9765625
EEGC4,2525.4609375,2526.0703125
EEGC4,2543.5390625,2546.3828125
EEGC4,2563.8515625,2565.0703125
EEGC4,2579.0859375,2580.609375
EEGC4,2632.7109375,2636.5703125
EEGC4,2642.96875,2644.390625
EEGC4,2657.1875,2658
EEGC4,2662.7734375,2664.703125
EEGC4,2668.15625,2670.0859375
EEGC4,2677.1953125,2678.8203125
EEGC4,2685.625,2686.234375
EEGC4,2724.3203125,2725.1328125
EEGC4,2738.1328125,2738.7421875
EEGC4,2741.6875,2744.9375
EEGC4,2747.78125,2748.390625
EEGC4,2757.2265625,2757.9375
EEGC4,2760.375,2761.390625
EEGC4,2776.7265625,2777.640625
EEGC4,2806.9921875,2808.0078125
EEGC4,2919.7265625,2920.4375
EEGC4,2964.515625,2965.125
EEGC4,3150.8828125,3151.4921875
EEGC4,3295.609375,3296.421875
EEGC4,3499.0390625,3501.2734375
EEGC4,3529.1015625,3530.421875
EEGC4,3557.640625,3559.671875
EEGC4,3759.4453125,3760.0546875
EEGC4,3768.5859375,3769.1953125
EEGC4,3784.4296875,3785.0390625
EEGC4,3822.515625,3823.2265625
EEGC4,3827.6953125,3828.40625
EEGC4,3836.734375,3837.546875
EEGC4,3839.78125,3840.59375
EEGC4,3845.3671875,3846.078125
EEGC4,3858.0625,3858.671875
EEGC4,3980.6484375,3981.5625
EEGC4,4082.71875,4087.0859375
EEGT4,10.265625,11.078125
EEGT4,24.890625,25.703125
EEGT4,85.421875,86.1328125
EEGT4,161.8984375,163.625
EEGT4,217.859375,219.3828125
EEGT4,223.6484375,224.4609375
EEGT4,231.46875,232.078125
EEGT4,249.2421875,249.8515625
EEGT4,323.5859375,324.296875
EEGT4,362.484375,363.09375
EEGT4,419.6640625,420.375
EEGT4,424.5390625,425.1484375
EEGT4,465.3671875,465.9765625
EEGT4,484.359375,485.0703125
EEGT4,520.3125,521.0234375
EEGT4,534.2265625,535.4453125
EEGT4,545.5,546.4140625
EEGT4,548.953125,549.96875
EEGT4,555.046875,556.3671875
EEGT4,560.8359375,561.546875
EEGT4,566.9296875,567.7421875
EEGT4,569.0625,569.671875
EEGT4,576.78125,577.390625
EEGT4,581.25,582.875
EEGT4,586.0234375,586.734375
EEGT4,594.9609375,595.9765625
EEGT4,599.125,599.8359375
EEGT4,602.578125,603.796875
EEGT4,609.6875,610.296875
EEGT4,621.1640625,623.296875
EEGT4,631.828125,632.640625
EEGT4,650.3125,651.734375
EEGT4,669.203125,669.8125
EEGT4,677.9375,679.5625
EEGT4,680.4765625,681.1875
EEGT4,685.7578125,686.875
EEGT4,690.9375,691.6484375
EEGT4,704.4453125,706.0703125
EEGT4,706.984375,707.6953125
EEGT4,731.6640625,732.578125
EEGT4,736.03125,736.7421875
EEGT4,741.109375,742.0234375
EEGT4,747.3046875,748.421875
EEGT4,759.8984375,761.7265625
EEGT4,776.7578125,778.078125
EEGT4,780.921875,781.53125
EEGT4,783.359375,783.96875
EEGT4,788.5390625,789.25
EEGT4,795.0390625,795.953125
EEGT4,800.421875,802.5546875
EEGT4,804.1796875,804.890625
EEGT4,806.8203125,808.140625
EEGT4,826.015625,826.7265625
EEGT4,840.9453125,843.078125
EEGT4,854.25,855.1640625
EEGT4,892.4375,893.1484375
EEGT4,899.6484375,900.359375
EEGT4,914.8828125,916
EEGT4,920.46875,921.1796875
EEGT4,929.3046875,930.9296875
EEGT4,937.0234375,937.6328125
EEGT4,943.5234375,944.234375
EEGT4,967.4921875,968.203125
EEGT4,970.9453125,972.0625
EEGT4,980.796875,982.1171875
EEGT4,1003.8515625,1004.4609375
EEGT4,1006.1875,1008.015625
EEGT4,1012.6875,1013.6015625
EEGT4,1016.953125,1017.6640625
EEGT4,1019.2890625,1020.1015625
EEGT4,1055.140625,1055.953125
EEGT4,1064.1796875,1064.890625
EEGT4,1069.765625,1070.375
EEGT4,1076.671875,1077.28125
EEGT4,1105.6171875,1106.328125
EEGT4,1110.0859375,1112.1171875
EEGT4,1115.265625,1116.1796875
EEGT4,1117.6015625,1118.2109375
EEGT4,1133.34375,1134.4609375
EEGT4,1140.453125,1141.265625
EEGT4,1158.4296875,1159.6484375
EEGT4,1185.4453125,1188.390625
EEGT4,1194.7890625,1195.703125
EEGT4,1213.6796875,1214.59375
EEGT4,1220.9921875,1221.703125
EEGT4,1236.9375,1237.75
EEGT4,1252.6796875,1253.390625
EEGT4,1257.25,1257.9609375
EEGT4,1276.953125,1277.8671875
EEGT4,1288.328125,1288.9375
EEGT4,1298.484375,1299.296875
EEGT4,1312.90625,1313.6171875
EEGT4,1342.6640625,1343.4765625
EEGT4,1370.8984375,1371.5078125
EEGT4,1389.9921875,1391.4140625
EEGT4,1396.796875,1397.40625
EEGT4,1402.28125,1403.5
EEGT4,1421.8828125,1422.59375
EEGT4,1448.4921875,1449.7109375
EEGT4,1487.390625,1488.1015625
EEGT4,1505.1640625,1506.1796875
EEGT4,1517.453125,1518.265625
EEGT4,1520.90625,1521.921875
EEGT4,1543.5546875,1544.3671875
EEGT4,1554.9296875,1555.5390625
EEGT4,1557.875,1558.7890625
EEGT4,1570.9765625,1571.6875
EEGT4,1581.640625,1583.875
EEGT4,1641.359375,1642.171875
EEGT4,1656.59375,1657.3046875
EEGT4,1660.9609375,1662.5859375
EEGT4,1686.046875,1687.46875
EEGT4,1704.328125,1705.4453125
EEGT4,1706.8671875,1708.2890625
EEGT4,1807.4140625,1808.0234375
EEGT4,1826.5078125,1827.625
EEGT4,1835.6484375,1836.359375
EEGT4,1854.9453125,1855.859375
EEGT4,1866.7265625,1867.3359375
EEGT4,1893.7421875,1894.453125
EEGT4,1922.890625,1923.5
EEGT4,1930.1015625,1930.8125
EEGT4,1933.1484375,1933.7578125
EEGT4,1956.9140625,1957.9296875
EEGT4,1962.6015625,1963.515625
EEGT4,1996.3203125,1996.9296875
EEGT4,2012.5703125,2013.9921875
EEGT4,2047.9140625,2048.625
EEGT4,2083.359375,2083.96875
EEGT4,2100.5234375,2101.3359375
EEGT4,2133.2265625,2134.0390625
EEGT4,2175.171875,2176.0859375
EEGT4,2203.1015625,2203.8125
EEGT4,2219.25,2219.9609375
EEGT4,2241.1875,2241.8984375
EEGT4,2267.390625,2268.203125
EEGT4,2322.3359375,2323.25
EEGT4,2344.375,2345.0859375
EEGT4,2350.3671875,2350.9765625
EEGT4,2412.015625,2412.7265625
EEGT4,2482.90625,2483.515625
EEGT4,2518.859375,2519.7734375
EEGT4,2525.2578125,2525.8671875
EEGT4,2544.25,2545.265625
EEGT4,2563.8515625,2564.5625
EEGT4,2579.1875,2580.3046875
EEGT4,2603.359375,2604.0703125
EEGT4,2634.1328125,2636.5703125
EEGT4,2643.4765625,2644.0859375
EEGT4,2661.453125,2664.703125
EEGT4,2669.171875,2669.984375
EEGT4,2677.09375,2677.8046875
EEGT4,2709.2890625,2709.8984375
EEGT4,2723.1015625,2725.03125
EEGT4,2741.28125,2744.0234375
EEGT4,2760.4765625,2761.1875
EEGT4,2777.3359375,2778.046875
EEGT4,2782.109375,2782.921875
EEGT4,2790.640625,2791.453125
EEGT4,2806.7890625,2807.90625
EEGT4,2812.578125,2813.59375
EEGT4,2815.1171875,2816.5390625
EEGT4,2835.0234375,2835.6328125
EEGT4,2861.2265625,2861.8359375
EEGT4,2869.65625,2870.265625
EEGT4,2919.7265625,2920.3359375
EEGT4,2964.71875,2965.328125
EEGT4,3020.8828125,3021.59375
EEGT4,3456.9921875,3457.703125
EEGT4,3480.7578125,3482.6875
EEGT4,3485.2265625,3486.140625
EEGT4,3489.6953125,3490.609375
EEGT4,3537.8359375,3538.75
EEGT4,3572.9765625,3574.09375
EEGT4,3599.3828125,3599.9921875
EEGT4,3618.375,3619.0859375
EEGT4,3650.875,3651.6875
EEGT4,3745.125,3746.140625
EEGT4,3757.3125,3758.125
EEGT4,3980.6484375,3981.4609375
EEGT4,4084.2421875,4087.0859375
EEGT4,4103.234375,4104.046875
EEGT5,9.25,9.859375
EEGT5,24.9921875,25.90625
EEGT5,33.5234375,34.234375
EEGT5,50.3828125,52.0078125
EEGT5,59.9296875,60.5390625
EEGT5,85.7265625,86.3359375
EEGT5,107.4609375,108.0703125
EEGT5,119.2421875,120.15625
EEGT5,126.5546875,127.46875
EEGT5,139.65625,140.3671875
EEGT5,143.515625,144.6328125
EEGT5,166.3671875,168.1953125
EEGT5,172.2578125,173.0703125
EEGT5,176.9296875,178.3515625
EEGT5,183.0234375,183.8359375
EEGT5,188.3046875,189.5234375
EEGT5,231.7734375,232.3828125
EEGT5,242.9453125,243.5546875
EEGT5,315.8671875,316.578125
EEGT5,322.875,324.3984375
EEGT5,358.625,360.25
EEGT5,364.921875,365.6328125
EEGT5,366.953125,367.765625
EEGT5,371.625,372.3359375
EEGT5,375.890625,376.5
EEGT5,400.1640625,401.1796875
EEGT5,414.7890625,415.5
EEGT5,427.5859375,428.1953125
EEGT5,441.09375,441.90625
EEGT5,462.015625,463.03125
EEGT5,465.46875,466.1796875
EEGT5,468.921875,469.53125
EEGT5,474.40625,475.1171875
EEGT5,483.34375,484.4609375
EEGT5,496.34375,496.953125
EEGT5,499.796875,501.1171875
EEGT5,515.84375,517.265625
EEGT5,520.2109375,521.4296875
EEGT5,524.78125,526.5078125
EEGT5,528.9453125,529.65625
EEGT5,534.0234375,535.34375
EEGT5,540.015625,541.4375
EEGT5,544.7890625,546.3125
EEGT5,548.75,550.578125
EEGT5,555.5546875,556.265625
EEGT5,568.9609375,570.078125
EEGT5,575.5625,577.4921875
EEGT5,580.5390625,582.875
EEGT5,584.09375,585.0078125
EEGT5,586.0234375,586.734375
EEGT5,587.6484375,588.359375
EEGT5,595.1640625,596.5859375
EEGT5,598.8203125,601.0546875
EEGT5,602.4765625,603.796875
EEGT5,609.3828125,610.5
EEGT5,616.2890625,617.40625
EEGT5,621.0625,622.3828125
EEGT5,626.953125,627.765625
EEGT5,631.9296875,632.9453125
EEGT5,650.109375,651.0234375
EEGT5,656.7109375,657.3203125
EEGT5,659.65625,660.7734375
EEGT5,669.203125,670.015625
EEGT5,676.71875,677.328125
EEGT5,678.8515625,679.6640625
EEGT5,680.578125,681.4921875
EEGT5,685.65625,687.484375
EEGT5,690.9375,692.15625
EEGT5,703.8359375,706.171875
EEGT5,707.0859375,709.015625
EEGT5,722.7265625,723.5390625
EEGT5,726.6875,729.328125
EEGT5,731.6640625,732.78125
EEGT5,736.234375,736.84375
EEGT5,747.609375,748.625
EEGT5,753.8046875,756.34375
EEGT5,759.796875,761.828125
EEGT5,775.234375,775.84375
EEGT5,776.9609375,778.1796875
EEGT5,780.2109375,780.8203125
EEGT5,782.8515625,783.8671875
EEGT5,785.59375,786.203125
EEGT5,795.140625,798.4921875
EEGT5,799.8125,802.5546875
EEGT5,803.875,804.7890625
EEGT5,825.9140625,828.046875
EEGT5,841.1484375,843.078125
EEGT5,849.8828125,850.59375
EEGT5,853.5390625,855.3671875
EEGT5,868.5703125,869.1796875
EEGT5,870.703125,872.328125
EEGT5,892.4375,893.453125
EEGT5,898.6328125,900.96875
EEGT5,910.515625,911.125
EEGT5,915.4921875,916.609375
EEGT5,929.8125,930.421875
EEGT5,937.6328125,939.4609375
EEGT5,942.5078125,944.5390625
EEGT5,965.359375,966.375
EEGT5,968.40625,969.1171875
EEGT5,971.046875,972.7734375
EEGT5,980.796875,982.015625
EEGT5,997.453125,998.0625
EEGT5,1006.2890625,1009.7421875
EEGT5,1011.265625,1013.6015625
EEGT5,1016.75,1020.1015625
EEGT5,1026.1953125,1026.8046875
EEGT5,1041.2265625,1041.9375
EEGT5,1055.0390625,1055.953125
EEGT5,1063.9765625,1064.890625
EEGT5,1069.0546875,1070.171875
EEGT5,1076.7734375,1077.7890625
EEGT5,1097.6953125,1098.5078125
EEGT5,1102.265625,1103.3828125
EEGT5,1105.6171875,1107.0390625
EEGT5,1110.1875,1112.625
EEGT5,1115.46875,1116.1796875
EEGT5,1121.6640625,1122.6796875
EEGT5,1127.65625,1128.671875
EEGT5,1133.34375,1134.4609375
EEGT5,1158.328125,1159.4453125
EEGT5,1175.4921875,1176.203125
EEGT5,1181.6875,1183.2109375
EEGT5,1186.2578125,1188.4921875
EEGT5,1194.6875,1195.90625
EEGT5,1199.8671875,1200.78125
EEGT5,1206.1640625,1206.875
EEGT5,1213.6796875,1214.4921875
EEGT5,1221.09375,1222.3125
EEGT5,1235.921875,1236.53125
EEGT5,1244.5546875,1245.1640625
EEGT5,1246.5859375,1247.296875
EEGT5,1257.1484375,1257.7578125
EEGT5,1276.953125,1277.765625
EEGT5,1389.9921875,1391.2109375
EEGT5,1394.765625,1395.8828125
EEGT5,1401.0625,1403.1953125
EEGT5,1421.984375,1422.8984375
EEGT5,1449,1449.609375
EEGT5,1472.4609375,1473.375
EEGT5,1487.4921875,1488.203125
EEGT5,1495.2109375,1495.921875
EEGT5,1517.046875,1518.875
EEGT5,1520.90625,1523.140625
EEGT5,1528.3203125,1528.9296875
EEGT5,1553.609375,1554.7265625
EEGT5,1564.2734375,1565.2890625
EEGT5,1581.7421875,1583.5703125
EEGT5,1599.515625,1600.2265625
EEGT5,1603.375,1603.984375
EEGT5,1624.296875,1625.3125
EEGT5,1640.75,1642.4765625
EEGT5,1654.5625,1655.171875
EEGT5,1660.9609375,1662.5859375
EEGT5,1673.3515625,1674.46875
EEGT5,1686.1484375,1687.5703125
EEGT5,1689.8046875,1690.4140625
EEGT5,1695.1875,1696.3046875
EEGT5,1706.4609375,1707.375
EEGT5,1710.828125,1711.5390625
EEGT5,1740.6875,1741.8046875
EEGT5,1747.796875,1749.828125
EEGT5,1786.59375,1787.3046875
EEGT5,1811.6796875,1812.4921875
EEGT5,1821.8359375,1822.546875
EEGT5,1826.609375,1827.5234375
EEGT5,1847.9375,1848.546875
EEGT5,1851.59375,1852.40625
EEGT5,1866.7265625,1867.4375
EEGT5,1893.5390625,1894.453125
EEGT5,1906.640625,1907.5546875
EEGT5,1934.1640625,1935.078125
EEGT5,1968.6953125,1969.3046875
EEGT5,1991.546875,1992.359375
EEGT5,2013.28125,2013.9921875
EEGT5,2021.40625,2022.5234375
EEGT5,2037.9609375,2038.7734375
EEGT5,2083.359375,2084.0703125
EEGT5,2118.296875,2118.90625
EEGT5,2150.0859375,2150.6953125
EEGT5,2159.734375,2160.75
EEGT5,2203.203125,2203.9140625
EEGT5,2243.5234375,2244.1328125
EEGT5,2267.6953125,2268.9140625
EEGT5,2322.9453125,2323.5546875
EEGT5,2348.9453125,2349.5546875
EEGT5,2350.46875,2351.078125
EEGT5,2357.4765625,2358.0859375
EEGT5,2371.796875,2372.609375
EEGT5,2418.0078125,2418.71875
EEGT5,2466.9609375,2467.5703125
EEGT5,2518.9609375,2519.875
EEGT5,2525.5625,2526.6796875
EEGT5,2544.453125,2545.1640625
EEGT5,2579.1875,2580.609375
EEGT5,2632.609375,2633.421875
EEGT5,2635.7578125,2636.875
EEGT5,2643.4765625,2644.1875
EEGT5,2662.671875,2664.5
EEGT5,2668.2578125,2670.1875
EEGT5,2677.1953125,2677.8046875
EEGT5,2698.3203125,2699.234375
EEGT5,2703.3984375,2705.0234375
EEGT5,2708.8828125,2709.6953125
EEGT5,2723,2725.03125
EEGT5,2732.75,2733.765625
EEGT5,2738.03125,2738.640625
EEGT5,2741.3828125,2743.515625
EEGT5,2749.5078125,2750.21875
EEGT5,2757.125,2757.734375
EEGT5,2760.8828125,2762.9140625
EEGT5,2767.078125,2768.09375
EEGT5,2780.1796875,2780.7890625
EEGT5,2789.421875,2790.03125
EEGT5,2812.8828125,2815.7265625
EEGT5,2827.203125,2827.9140625
EEGT5,2867.1171875,2867.7265625
EEGT5,2949.5859375,2950.1953125
EEGT5,2954.359375,2954.96875
EEGT5,2964.6171875,2965.328125
EEGT5,3007.78125,3008.4921875
EEGT5,3058.0546875,3058.765625
EEGT5,3278.0390625,3278.6484375
EEGT5,3479.3359375,3480.1484375
EEGT5,3523.109375,3523.71875
EEGT5,3536.71875,3537.53125
EEGT5,3557.5390625,3558.3515625
EEGT5,3573.1796875,3573.9921875
EEGT5,3577.546875,3578.15625
EEGT5,3586.078125,3586.7890625
EEGT5,3617.8671875,3618.984375
EEGT5,3628.734375,3629.4453125
EEGT5,3634.9296875,3635.5390625
EEGT5,3642.6484375,3643.359375
EEGT5,3650.9765625,3651.6875
EEGT5,3668.4453125,3669.15625
EEGT5,3692.2109375,3692.8203125
EEGT5,3702.875,3703.6875
EEGT5,3722.171875,3722.78125
EEGT5,3734.0546875,3734.96875
EEGT5,3740.453125,3741.0625
EEGT5,3742.3828125,3743.09375
EEGT5,3759.8515625,3760.5625
EEGT5,3807.484375,3808.703125
EEGT5,3856.84375,3857.5546875
EEGT5,3894.3203125,3894.9296875
EEGT5,3927.8359375,3928.546875
EEGT5,3949.265625,3950.078125
EEGT5,3980.6484375,3981.2578125
EEGT5,4004.515625,4005.125
EEGT5,4075.40625,4076.7265625
EEGT5,4082.2109375,4087.4921875
EEGP3,15.0390625,16.2578125
EEGP3,25.09375,26.109375
EEGP3,33.421875,34.1328125
EEGP3,44.390625,46.625
EEGP3,50.484375,51.1953125
EEGP3,61.1484375,62.265625
EEGP3,152.3515625,153.1640625
EEGP3,173.4765625,174.1875
EEGP3,180.1796875,180.9921875
EEGP3,189.828125,190.5390625
EEGP3,236.34375,237.0546875
EEGP3,242.84375,243.5546875
EEGP3,323.6875,324.3984375
EEGP3,336.078125,336.6875
EEGP3,375.7890625,376.6015625
EEGP3,396.1015625,396.7109375
EEGP3,399.7578125,400.671875
EEGP3,414.890625,415.6015625
EEGP3,453.890625,454.6015625
EEGP3,462.21875,462.9296875
EEGP3,499.8984375,500.8125
EEGP3,520.2109375,521.53125
EEGP3,534.2265625,535.4453125
EEGP3,540.1171875,541.640625
EEGP3,545.8046875,546.4140625
EEGP3,548.75,550.578125
EEGP3,555.7578125,556.3671875
EEGP3,569.0625,569.671875
EEGP3,580.4375,582.875
EEGP3,586.0234375,586.8359375
EEGP3,594.9609375,596.9921875
EEGP3,598.921875,600.140625
EEGP3,609.28125,609.890625
EEGP3,621.1640625,622.3828125
EEGP3,627.15625,628.4765625
EEGP3,631.9296875,633.1484375
EEGP3,650.4140625,651.125
EEGP3,659.7578125,660.875
EEGP3,678.6484375,679.4609375
EEGP3,680.4765625,681.0859375
EEGP3,685.1484375,687.484375
EEGP3,691.140625,692.2578125
EEGP3,703.8359375,705.0546875
EEGP3,707.0859375,709.015625
EEGP3,727.6015625,728.921875
EEGP3,731.6640625,732.78125
EEGP3,747.40625,749.1328125
EEGP3,759.8984375,761.7265625
EEGP3,775.3359375,778.1796875
EEGP3,780.109375,781.53125
EEGP3,783.2578125,783.96875
EEGP3,795.140625,798.390625
EEGP3,800.421875,802.5546875
EEGP3,803.9765625,805.90625
EEGP3,807.2265625,807.9375
EEGP3,821.140625,822.0546875
EEGP3,826.015625,827.03125
EEGP3,841.046875,843.078125
EEGP3,861.4609375,862.375
EEGP3,868.5703125,869.28125
EEGP3,870.8046875,871.6171875
EEGP3,874.0546875,874.6640625
EEGP3,892.4375,893.5546875
EEGP3,899.8515625,900.6640625
EEGP3,915.390625,916
EEGP3,929.40625,931.03125
EEGP3,938.75,939.4609375
EEGP3,943.3203125,944.234375
EEGP3,963.125,963.734375
EEGP3,970.640625,972.671875
EEGP3,980.390625,982.1171875
EEGP3,995.015625,995.7265625
EEGP3,997.3515625,998.0625
EEGP3,1012.3828125,1013.6015625
EEGP3,1016.6484375,1020
EEGP3,1041.328125,1041.9375
EEGP3,1064.1796875,1064.890625
EEGP3,1081.6484375,1082.4609375
EEGP3,1097.6953125,1098.3046875
EEGP3,1110.2890625,1112.625
EEGP3,1115.5703125,1116.1796875
EEGP3,1133.34375,1134.4609375
EEGP3,1140.453125,1141.0625
EEGP3,1158.53125,1159.75
EEGP3,1177.3203125,1177.9296875
EEGP3,1181.5859375,1182.703125
EEGP3,1186.2578125,1188.390625
EEGP3,1194.6875,1196.0078125
EEGP3,1206.1640625,1206.9765625
EEGP3,1213.6796875,1214.4921875
EEGP3,1246.5859375,1247.296875
EEGP3,1276.8515625,1277.6640625
EEGP3,1300.4140625,1301.125
EEGP3,1342.8671875,1343.4765625
EEGP3,1401.0625,1401.7734375
EEGP3,1421.8828125,1422.6953125
EEGP3,1449,1449.609375
EEGP3,1472.8671875,1473.4765625
EEGP3,1487.1875,1487.796875
EEGP3,1495.3125,1496.0234375
EEGP3,1501.609375,1502.3203125
EEGP3,1517.5546875,1518.1640625
EEGP3,1553.609375,1554.21875
EEGP3,1564.4765625,1566.203125
EEGP3,1570.9765625,1571.7890625
EEGP3,1581.640625,1584.28125
EEGP3,1594.640625,1596.5703125
EEGP3,1603.2734375,1604.1875
EEGP3,1656.59375,1657.40625
EEGP3,1660.9609375,1662.5859375
EEGP3,1686.046875,1687.46875
EEGP3,1689.8046875,1691.125
EEGP3,1695.0859375,1696.7109375
EEGP3,1706.4609375,1707.375
EEGP3,1740.6875,1741.703125
EEGP3,1744.4453125,1746.6796875
EEGP3,1786.6953125,1787.3046875
EEGP3,1807.2109375,1808.0234375
EEGP3,1822.0390625,1822.8515625
EEGP3,1826.609375,1827.3203125
EEGP3,1866.828125,1867.4375
EEGP3,1893.5390625,1894.25
EEGP3,1991.6484375,1992.2578125
EEGP3,2021.609375,2022.5234375
EEGP3,2050.046875,2050.859375
EEGP3,2083.359375,2084.578125
EEGP3,2118.1953125,2118.90625
EEGP3,2155.5703125,2156.28125
EEGP3,2200.0546875,2200.6640625
EEGP3,2203.1015625,2203.9140625
EEGP3,2219.25,2219.859375
EEGP3,2230.1171875,2230.7265625
EEGP3,2268.3046875,2268.9140625
EEGP3,2322.9453125,2323.7578125
EEGP3,2350.3671875,2351.1796875
EEGP3,2371.6953125,2372.40625
EEGP3,2519.1640625,2519.7734375
EEGP3,2525.6640625,2526.578125
EEGP3,2544.453125,2545.1640625
EEGP3,2556.234375,2556.84375
EEGP3,2579.1875,2580.609375
EEGP3,2632.609375,2633.7265625
EEGP3,2635.859375,2636.7734375
EEGP3,2643.578125,2644.390625
EEGP3,2662.671875,2664.296875
EEGP3,2669.375,2670.2890625
EEGP3,2677.09375,2677.703125
EEGP3,2698.1171875,2699.1328125
EEGP3,2708.8828125,2709.8984375
EEGP3,2732.6484375,2733.765625
EEGP3,2741.28125,2743.6171875
EEGP3,2749.5078125,2750.1171875
EEGP3,2756.921875,2757.53125
EEGP3,2761.1875,2762.609375
EEGP3,2767.078125,2767.7890625
EEGP3,2776.9296875,2777.7421875
EEGP3,2789.21875,2790.3359375
EEGP3,2812.984375,2813.59375
EEGP3,2815.1171875,2815.7265625
EEGP3,3522.09375,3522.8046875
EEGP3,3540.171875,3541.2890625
EEGP3,3549.8203125,3550.4296875
EEGP3,3557.9453125,3559.5703125
EEGP3,3573.28125,3574.09375
EEGP3,3604.2578125,3604.8671875
EEGP3,3644.2734375,3645.1875
EEGP3,3646.609375,3647.7265625
EEGP3,3674.5390625,3675.1484375
EEGP3,3703.1796875,3704.09375
EEGP3,3722.171875,3722.78125
EEGP3,3733.953125,3734.8671875
EEGP3,3742.3828125,3744.0078125
EEGP3,3759.75,3760.5625
EEGP3,3765.1328125,3765.7421875
EEGP3,3803.015625,3803.625
EEGP3,3806.265625,3808.6015625
EEGP3,3809.515625,3810.6328125
EEGP3,3814.8984375,3815.5078125
EEGP3,3833.1796875,3833.890625
EEGP3,3839.171875,3839.8828125
EEGP3,3846.6875,3847.3984375
EEGP3,3885.28125,3886.09375
EEGP3,3929.96875,3931.0859375
EEGP3,3949.1640625,3949.7734375
EEGP3,3980.75,3981.6640625
EEGP3,4004.3125,4005.2265625
EEGP3,4082.8203125,4087.390625
EEGPz,20.828125,21.5390625
EEGPz,24.9921875,25.8046875
EEGPz,125.3359375,125.9453125
EEGPz,180.078125,180.7890625
EEGPz,234.71875,235.6328125
EEGPz,396.1015625,397.015625
EEGPz,453.9921875,454.6015625
EEGPz,462.7265625,463.5390625
EEGPz,520.3125,521.2265625
EEGPz,534.2265625,535.4453125
EEGPz,540.1171875,541.234375
EEGPz,548.953125,549.5625
EEGPz,553.7265625,554.84375
EEGPz,576.0703125,577.390625
EEGPz,580.5390625,582.875
EEGPz,587.140625,587.8515625
EEGPz,591.40625,592.3203125
EEGPz,595.0625,596.6875
EEGPz,598.71875,599.8359375
EEGPz,609.28125,610.09375
EEGPz,621.1640625,622.484375
EEGPz,631.828125,632.84375
EEGPz,650.4140625,651.125
EEGPz,659.7578125,660.875
EEGPz,678.6484375,679.359375
EEGPz,680.4765625,681.2890625
EEGPz,685.7578125,686.875
EEGPz,707.0859375,709.015625
EEGPz,731.6640625,732.78125
EEGPz,736.1328125,736.7421875
EEGPz,740.6015625,742.6328125
EEGPz,748.625,749.234375
EEGPz,759.8984375,761.7265625
EEGPz,776.859375,778.078125
EEGPz,782.953125,783.96875
EEGPz,794.328125,796.0546875
EEGPz,797.375,798.0859375
EEGPz,800.5234375,802.5546875
EEGPz,804.078125,804.6875
EEGPz,806.921875,808.140625
EEGPz,821.140625,822.4609375
EEGPz,840.9453125,843.078125
EEGPz,870.8046875,871.6171875
EEGPz,874.0546875,874.765625
EEGPz,876.8984375,877.609375
EEGPz,892.4375,893.5546875
EEGPz,898.734375,900.765625
EEGPz,937.734375,939.4609375
EEGPz,943.3203125,944.3359375
EEGPz,955.609375,956.3203125
EEGPz,968.5078125,969.21875
EEGPz,970.5390625,971.65625
EEGPz,980.390625,981.203125
EEGPz,1007.203125,1008.625
EEGPz,1012.3828125,1013.6015625
EEGPz,1016.34375,1017.6640625
EEGPz,1018.984375,1020.8125
EEGPz,1081.6484375,1082.2578125
EEGPz,1097.6953125,1098.3046875
EEGPz,1110.2890625,1112.625
EEGPz,1115.46875,1116.078125
EEGPz,1133.34375,1134.4609375
EEGPz,1140.453125,1141.0625
EEGPz,1145.125,1145.734375
EEGPz,1158.734375,1159.75
EEGPz,1181.5859375,1184.0234375
EEGPz,1186.15625,1188.59375
EEGPz,1194.7890625,1195.703125
EEGPz,1206.265625,1206.875
EEGPz,1213.78125,1214.4921875
EEGPz,1241.40625,1242.7265625
EEGPz,1252.578125,1253.390625
EEGPz,1276.953125,1277.5625
EEGPz,1334.4375,1335.1484375
EEGPz,1341.8515625,1343.578125
EEGPz,1394.96875,1395.578125
EEGPz,1401.1640625,1401.7734375
EEGPz,1416.5,1417.109375
EEGPz,1422.0859375,1422.6953125
EEGPz,1449,1449.609375
EEGPz,1509.4296875,1510.140625
EEGPz,1557.875,1558.5859375
EEGPz,1571.078125,1571.7890625
EEGPz,1581.640625,1582.453125
EEGPz,1603.375,1604.1875
EEGPz,1640.75,1641.765625
EEGPz,1660.7578125,1662.484375
EEGPz,1686.7578125,1687.46875
EEGPz,1695.6953125,1696.5078125
EEGPz,1748.203125,1748.8125
EEGPz,1786.6953125,1787.3046875
EEGPz,1807.3125,1808.0234375
EEGPz,1816.3515625,1817.0625
EEGPz,1836.0546875,1836.8671875
EEGPz,1866.7265625,1867.4375
EEGPz,1893.640625,1894.25
EEGPz,1951.734375,1952.4453125
EEGPz,1991.75,1992.4609375
EEGPz,2021.7109375,2022.421875
EEGPz,2083.2578125,2084.578125
EEGPz,2219.3515625,2220.1640625
EEGPz,2267.2890625,2269.7265625
EEGPz,2371.6953125,2372.3046875
EEGPz,2525.6640625,2526.578125
EEGPz,2544.1484375,2545.265625
EEGPz,2632.609375,2633.7265625
EEGPz,2635.7578125,2636.46875
EEGPz,2642.96875,2644.2890625
EEGPz,2661.25,2664.296875
EEGPz,2698.625,2699.234375
EEGPz,2709.1875,2710
EEGPz,2732.6484375,2733.2578125
EEGPz,2741.078125,2743.515625
EEGPz,2762,2762.609375
EEGPz,2777.3359375,2777.9453125
EEGPz,2779.9765625,2780.5859375
EEGPz,3634.9296875,3635.5390625
EEGPz,3674.5390625,3675.1484375
EEGPz,3809.71875,3810.53125
EEGPz,3890.0546875,3890.6640625
EEGPz,3944.796875,3945.40625
EEGPz,3980.75,3981.4609375
EEGPz,4082.921875,4086.4765625
EEGP4,16.765625,17.4765625
EEGP4,18.59375,19.40625
EEGP4,20.7265625,22.7578125
EEGP4,24.9921875,26.0078125
EEGP4,27.9375,28.75
EEGP4,85.421875,86.234375
EEGP4,154.078125,154.7890625
EEGP4,193.484375,194.09375
EEGP4,218.5703125,219.28125
EEGP4,233.5,235.734375
EEGP4,237.6640625,239.6953125
EEGP4,250.0546875,250.8671875
EEGP4,323.5859375,324.296875
EEGP4,358.21875,359.03125
EEGP4,375.5859375,376.6015625
EEGP4,396.203125,397.1171875
EEGP4,424.5390625,425.1484375
EEGP4,453.890625,454.5
EEGP4,463.234375,463.84375
EEGP4,500.40625,501.21875
EEGP4,505.6875,506.3984375
EEGP4,520.4140625,521.734375
EEGP4,534.125,535.4453125
EEGP4,540.21875,541.3359375
EEGP4,548.953125,549.5625
EEGP4,556.875,557.484375
EEGP4,576.171875,577.390625
EEGP4,580.5390625,583.078125
EEGP4,587.140625,587.75
EEGP4,591.40625,592.3203125
EEGP4,594.7578125,596.078125
EEGP4,598.8203125,599.9375
EEGP4,602.4765625,603.796875
EEGP4,609.484375,610.296875
EEGP4,616.1875,617.3046875
EEGP4,621.1640625,623.296875
EEGP4,628.171875,628.78125
EEGP4,631.828125,632.640625
EEGP4,650.3125,651.734375
EEGP4,678.546875,681.4921875
EEGP4,685.7578125,687.890625
EEGP4,691.0390625,691.75
EEGP4,705.359375,706.0703125
EEGP4,707.0859375,709.1171875
EEGP4,731.765625,732.78125
EEGP4,736.1328125,736.84375
EEGP4,741.109375,742.53125
EEGP4,747.203125,748.625
EEGP4,752.28125,752.890625
EEGP4,759.8984375,761.7265625
EEGP4,776.7578125,778.078125
EEGP4,783.359375,784.0703125
EEGP4,788.640625,789.25
EEGP4,795.140625,796.0546875
EEGP4,797.2734375,798.1875
EEGP4,799.9140625,802.5546875
EEGP4,804.1796875,804.7890625
EEGP4,807.0234375,808.8515625
EEGP4,821.140625,822.4609375
EEGP4,826.21875,826.828125
EEGP4,840.9453125,843.078125
EEGP4,870.703125,871.3125
EEGP4,879.03125,879.640625
EEGP4,891.625,893.453125
EEGP4,898.734375,900.765625
EEGP4,929.203125,930.9296875
EEGP4,937.125,939.4609375
EEGP4,943.5234375,944.3359375
EEGP4,955.609375,956.3203125
EEGP4,970.640625,971.9609375
EEGP4,980.390625,982.1171875
EEGP4,994.9140625,995.625
EEGP4,1007,1008.015625
EEGP4,1012.6875,1013.6015625
EEGP4,1016.4453125,1017.6640625
EEGP4,1019.390625,1020.7109375
EEGP4,1022.5390625,1023.1484375
EEGP4,1064.1796875,1064.890625
EEGP4,1068.75,1069.4609375
EEGP4,1076.671875,1077.28125
EEGP4,1081.75,1082.359375
EEGP4,1097.59375,1098.40625
EEGP4,1105.6171875,1107.0390625
EEGP4,1110.2890625,1112.3203125
EEGP4,1115.265625,1116.9921875
EEGP4,1127.7578125,1128.5703125
EEGP4,1133.34375,1134.6640625
EEGP4,1140.453125,1141.0625
EEGP4,1158.4296875,1160.0546875
EEGP4,1181.484375,1182.296875
EEGP4,1185.75,1188.390625
EEGP4,1194.5859375,1196.109375
EEGP4,1213.78125,1214.59375
EEGP4,1221.09375,1221.90625
EEGP4,1237.140625,1238.359375
EEGP4,1241.9140625,1242.7265625
EEGP4,1246.5859375,1247.1953125
EEGP4,1252.6796875,1253.390625
EEGP4,1259.484375,1260.09375
EEGP4,1276.8515625,1277.6640625
EEGP4,1312.1953125,1313.6171875
EEGP4,1342.8671875,1343.578125
EEGP4,1383.1875,1383.796875
EEGP4,1394.96875,1395.78125
EEGP4,1399.234375,1399.9453125
EEGP4,1401.0625,1403.6015625
EEGP4,1421.984375,1422.796875
EEGP4,1433.6640625,1434.4765625
EEGP4,1494.5,1495.2109375
EEGP4,1521.0078125,1522.53125
EEGP4,1528.015625,1528.7265625
EEGP4,1558.078125,1558.6875
EEGP4,1564.4765625,1566.203125
EEGP4,1570.9765625,1571.7890625
EEGP4,1581.7421875,1582.5546875
EEGP4,1603.4765625,1604.0859375
EEGP4,1640.953125,1641.765625
EEGP4,1656.59375,1657.203125
EEGP4,1660.65625,1662.5859375
EEGP4,1684.3203125,1684.9296875
EEGP4,1686.1484375,1687.46875
EEGP4,1695.6953125,1696.609375
EEGP4,1748.203125,1748.8125
EEGP4,1784.765625,1785.375
EEGP4,1807.4140625,1808.0234375
EEGP4,1826.609375,1827.3203125
EEGP4,1865.5078125,1866.21875
EEGP4,1893.7421875,1894.3515625
EEGP4,1957.3203125,1957.9296875
EEGP4,1991.6484375,1992.359375
EEGP4,2012.46875,2013.9921875
EEGP4,2038.0625,2038.875
EEGP4,2048.015625,2048.625
EEGP4,2083.2578125,2084.6796875
EEGP4,2113.21875,2113.828125
EEGP4,2148.2578125,2148.96875
EEGP4,2203.203125,2203.8125
EEGP4,2219.3515625,2220.265625
EEGP4,2223.109375,2223.71875
EEGP4,2267.390625,2268.8125
EEGP4,2327.0078125,2327.6171875
EEGP4,2350.3671875,2351.1796875
EEGP4,2412.015625,2412.625
EEGP4,2543.5390625,2545.265625
EEGP4,2581.421875,2582.03125
EEGP4,2603.359375,2604.0703125
EEGP4,2632.609375,2633.7265625
EEGP4,2635.859375,2637.28125
EEGP4,2642.96875,2644.4921875
EEGP4,2661.3515625,2664.5
EEGP4,2698.625,2699.234375
EEGP4,2708.78125,2710
EEGP4,2723.1015625,2725.03125
EEGP4,2738.1328125,2738.7421875
EEGP4,2741.078125,2743.6171875
EEGP4,2748.8984375,2749.5078125
EEGP4,2761.8984375,2762.609375
EEGP4,2780.078125,2780.6875
EEGP4,2807.3984375,2808.0078125
EEGP4,2812.8828125,2813.59375
EEGP4,2873.6171875,2874.2265625
EEGP4,2919.7265625,2920.3359375
EEGP4,3100.609375,3101.21875
EEGP4,3353.703125,3354.4140625
EEGP4,3447.75,3448.359375
EEGP4,3497.0078125,3497.71875
EEGP4,3557.7421875,3559.671875
EEGP4,3573.1796875,3573.9921875
EEGP4,3604.15625,3604.8671875
EEGP4,3608.421875,3609.3359375
EEGP4,3650.875,3651.6875
EEGP4,3720.2421875,3720.953125
EEGP4,3728.3671875,3728.9765625
EEGP4,3734.2578125,3737.3046875
EEGP4,3742.28125,3742.890625
EEGP4,3766.7578125,3767.3671875
EEGP4,3806.265625,3806.875
EEGP4,3808.1953125,3808.8046875
EEGP4,3868.3203125,3868.9296875
EEGP4,3980.6484375,3981.4609375
EEGP4,4045.6484375,4046.4609375
EEGP4,4057.734375,4058.6484375
EEGP4,4082.0078125,4087.0859375
EEGP4,4103.4375,4104.046875
EEGT6,22.25,22.859375
EEGT6,24.9921875,25.90625
EEGT6,27.4296875,28.140625
EEGT6,85.421875,86.1328125
EEGT6,125.9453125,127.5703125
EEGT6,153.1640625,154.6875
EEGT6,167.28125,167.890625
EEGT6,180.890625,181.703125
EEGT6,192.9765625,194.3984375
EEGT6,206.1796875,206.7890625
EEGT6,213.8984375,214.609375
EEGT6,218.265625,219.1796875
EEGT6,223.34375,224.15625
EEGT6,323.5859375,324.296875
EEGT6,396.203125,396.8125
EEGT6,414.5859375,415.296875
EEGT6,476.7421875,477.5546875
EEGT6,484.4609375,485.171875
EEGT6,494.3125,495.2265625
EEGT6,500.40625,501.21875
EEGT6,505.6875,506.296875
EEGT6,520.3125,521.125
EEGT6,524.8828125,525.6953125
EEGT6,534.125,535.4453125
EEGT6,548.953125,549.96875
EEGT6,553.5234375,554.1328125
EEGT6,555.5546875,557.5859375
EEGT6,560.8359375,561.4453125
EEGT6,569.0625,569.671875
EEGT6,576.171875,578.3046875
EEGT6,581.3515625,582.875
EEGT6,587.140625,587.75
EEGT6,591.1015625,591.7109375
EEGT6,594.9609375,596.078125
EEGT6,598.921875,600.953125
EEGT6,602.4765625,603.796875
EEGT6,609.5859375,610.1953125
EEGT6,616.1875,616.8984375
EEGT6,621.0625,623.3984375
EEGT6,628.171875,628.78125
EEGT6,631.7265625,632.640625
EEGT6,650.4140625,651.8359375
EEGT6,669.203125,669.9140625
EEGT6,678.6484375,681.4921875
EEGT6,685.7578125,687.6875
EEGT6,690.9375,692.359375
EEGT6,704.546875,705.96875
EEGT6,707.0859375,709.1171875
EEGT6,722.5234375,723.640625
EEGT6,731.8671875,732.78125
EEGT6,735.9296875,736.84375
EEGT6,738.1640625,738.7734375
EEGT6,741.2109375,742.125
EEGT6,747.3046875,747.9140625
EEGT6,753.8046875,754.921875
EEGT6,759.796875,761.7265625
EEGT6,776.1484375,778.078125
EEGT6,782.953125,784.0703125
EEGT6,788.640625,789.25
EEGT6,800.21875,802.453125
EEGT6,807.0234375,809.15625
EEGT6,821.8515625,822.4609375
EEGT6,826.015625,826.7265625
EEGT6,840.9453125,843.078125
EEGT6,866.5390625,867.7578125
EEGT6,870.703125,871.921875
EEGT6,878.9296875,879.640625
EEGT6,892.4375,893.453125
EEGT6,898.734375,900.359375
EEGT6,915.2890625,916
EEGT6,929.203125,930.9296875
EEGT6,936.8203125,939.4609375
EEGT6,943.21875,944.640625
EEGT6,970.5390625,971.859375
EEGT6,981.40625,982.1171875
EEGT6,1006.0859375,1007.8125
EEGT6,1012.6875,1013.6015625
EEGT6,1016.2421875,1017.5625
EEGT6,1026.703125,1027.3125
EEGT6,1055.0390625,1055.953125
EEGT6,1064.078125,1064.890625
EEGT6,1068.8515625,1069.4609375
EEGT6,1076.671875,1077.28125
EEGT6,1081.75,1082.359375
EEGT6,1097.6953125,1098.3046875
EEGT6,1105.109375,1107.0390625
EEGT6,1111.3046875,1112.21875
EEGT6,1114.859375,1116.078125
EEGT6,1133.4453125,1134.5625
EEGT6,1140.453125,1141.3671875
EEGT6,1158.53125,1159.6484375
EEGT6,1186.15625,1188.390625
EEGT6,1194.6875,1195.703125
EEGT6,1206.265625,1206.875
EEGT6,1213.6796875,1214.6953125
EEGT6,1221.1953125,1223.2265625
EEGT6,1230.9453125,1231.5546875
EEGT6,1237.140625,1237.8515625
EEGT6,1241.8125,1242.828125
EEGT6,1246.5859375,1247.1953125
EEGT6,1252.78125,1253.390625
EEGT6,1257.3515625,1257.9609375
EEGT6,1259.5859375,1260.1953125
EEGT6,1298.484375,1299.3984375
EEGT6,1312.8046875,1313.6171875
EEGT6,1342.4609375,1343.4765625
EEGT6,1370.796875,1371.40625
EEGT6,1394.8671875,1395.6796875
EEGT6,1401.0625,1401.671875
EEGT6,1402.6875,1403.5
EEGT6,1421.984375,1422.796875
EEGT6,1433.8671875,1434.4765625
EEGT6,1448.8984375,1449.609375
EEGT6,1490.640625,1491.3515625
EEGT6,1494.6015625,1495.2109375
EEGT6,1521.0078125,1522.4296875
EEGT6,1528.1171875,1528.7265625
EEGT6,1540.8125,1541.5234375
EEGT6,1543.5546875,1544.46875
EEGT6,1558.078125,1558.7890625
EEGT6,1563.96875,1564.984375
EEGT6,1570.9765625,1571.7890625
EEGT6,1581.640625,1582.5546875
EEGT6,1603.6796875,1604.390625
EEGT6,1660.859375,1662.5859375
EEGT6,1686.5546875,1687.46875
EEGT6,1722.3046875,1723.015625
EEGT6,1744.4453125,1745.15625
EEGT6,1747.796875,1748.609375
EEGT6,1785.0703125,1786.0859375
EEGT6,1807.4140625,1808.0234375
EEGT6,1826.5078125,1827.421875
EEGT6,1862.0546875,1862.6640625
EEGT6,1872.0078125,1872.6171875
EEGT6,1893.7421875,1894.3515625
EEGT6,1933.1484375,1933.859375
EEGT6,1951.9375,1952.6484375
EEGT6,1957.21875,1957.9296875
EEGT6,1992.765625,1993.8828125
EEGT6,1996.421875,1997.03125
EEGT6,2012.46875,2013.9921875
EEGT6,2037.9609375,2038.5703125
EEGT6,2082.8515625,2084.171875
EEGT6,2106.0078125,2106.71875
EEGT6,2148.4609375,2149.0703125
EEGT6,2150.0859375,2150.6953125
EEGT6,2203.203125,2203.8125
EEGT6,2219.3515625,2220.0625
EEGT6,2267.390625,2269.015625
EEGT6,2287.3984375,2288.0078125
EEGT6,2350.265625,2350.9765625
EEGT6,2412.015625,2412.9296875
EEGT6,2489.3046875,2489.9140625
EEGT6,2518.9609375,2519.671875
EEGT6,2543.5390625,2545.265625
EEGT6,2579.8984375,2580.8125
EEGT6,2603.4609375,2604.171875
EEGT6,2632.609375,2633.3203125
EEGT6,2635.7578125,2636.5703125
EEGT6,2643.578125,2644.390625
EEGT6,2661.3515625,2664.6015625
EEGT6,2669.0703125,2669.6796875
EEGT6,2698.625,2699.3359375
EEGT6,2708.78125,2710
EEGT6,2723.1015625,2725.03125
EEGT6,2741.078125,2743.515625
EEGT6,2747.78125,2748.4921875
EEGT6,2756.71875,2757.4296875
EEGT6,2760.375,2763.015625
EEGT6,2767.1796875,2767.7890625
EEGT6,2789.7265625,2791.3515625
EEGT6,2812.8828125,2813.59375
EEGT6,3121.2265625,3121.8359375
EEGT6,3558.859375,3559.671875
EEGT6,3573.078125,3573.9921875
EEGT6,3601.0078125,3601.71875
EEGT6,3605.6796875,3606.2890625
EEGT6,3610.3515625,3611.875
EEGT6,3650.7734375,3652.6015625
EEGT6,3670.984375,3671.6953125
EEGT6,3713.9453125,3714.7578125
EEGT6,3719.4296875,3720.6484375
EEGT6,3722.171875,3722.78125
EEGT6,3734.0546875,3735.78125
EEGT6,3736.796875,3737.40625
EEGT6,3742.1796875,3742.890625
EEGT6,3808.5,3809.2109375
EEGT6,3814.4921875,3815.1015625
EEGT6,3822.71875,3823.4296875
EEGT6,3856.640625,3857.25
EEGT6,3878.8828125,3879.4921875
EEGT6,3980.6484375,3981.2578125
EEGT6,4038.234375,4039.1484375
EEGT6,4057.8359375,4058.4453125
EEGT6,4084.2421875,4087.0859375
EEGT6,4103.4375,4104.1484375
EEGT6,4106.5859375,4107.5
EEGO1,11.1796875,13.109375
EEGO1,17.2734375,18.390625
EEGO1,24.9921875,26.2109375
EEGO1,33.421875,34.234375
EEGO1,44.6953125,45.5078125
EEGO1,60.4375,61.453125
EEGO1,77.703125,78.6171875
EEGO1,88.46875,89.078125
EEGO1,91.3125,91.921875
EEGO1,125.5390625,127.9765625
EEGO1,153.7734375,154.9921875
EEGO1,159.5625,160.8828125
EEGO1,167.1796875,167.7890625
EEGO1,173.171875,175.609375
EEGO1,176.5234375,177.4375
EEGO1,179.5703125,180.7890625
EEGO1,187.8984375,188.8125
EEGO1,191.65625,192.265625
EEGO1,204.5546875,205.7734375
EEGO1,211.765625,212.375
EEGO1,213.796875,214.8125
EEGO1,221.109375,221.921875
EEGO1,224.2578125,226.390625
EEGO1,231.875,233.296875
EEGO1,234.71875,235.734375
EEGO1,240.7109375,243.5546875
EEGO1,251.78125,252.59375
EEGO1,259.09375,259.90625
EEGO1,267.015625,268.1328125
EEGO1,304.6953125,305.3046875
EEGO1,315.765625,316.4765625
EEGO1,323.7890625,324.3984375
EEGO1,350.8046875,351.921875
EEGO1,358.21875,360.25
EEGO1,366.953125,367.765625
EEGO1,371.7265625,372.3359375
EEGO1,396.1015625,397.1171875
EEGO1,400.1640625,401.1796875
EEGO1,414.7890625,415.5
EEGO1,462.015625,462.625
EEGO1,483.34375,484.4609375
EEGO1,489.84375,490.453125
EEGO1,496.2421875,497.15625
EEGO1,499.796875,500.9140625
EEGO1,520.3125,521.328125
EEGO1,524.78125,525.796875
EEGO1,534.0234375,535.4453125
EEGO1,539.9140625,541.234375
EEGO1,544.890625,546.4140625
EEGO1,548.953125,550.6796875
EEGO1,555.5546875,556.265625
EEGO1,557.1796875,557.9921875
EEGO1,575.96875,577.4921875
EEGO1,580.4375,582.1640625
EEGO1,583.9921875,584.90625
EEGO1,586.2265625,587.953125
EEGO1,591.8125,592.421875
EEGO1,594.859375,596.1796875
EEGO1,598.8203125,600.140625
EEGO1,602.78125,603.796875
EEGO1,607.046875,607.65625
EEGO1,609.1796875,610.296875
EEGO1,616.390625,617.40625
EEGO1,620.7578125,623.296875
EEGO1,625.0234375,625.6328125
EEGO1,626.953125,627.5625
EEGO1,631.421875,632.9453125
EEGO1,634.5703125,635.1796875
EEGO1,650.3125,651.0234375
EEGO1,654.6796875,655.2890625
EEGO1,659.65625,660.875
EEGO1,669.1015625,669.8125
EEGO1,678.6484375,679.5625
EEGO1,680.4765625,681.4921875
EEGO1,685.5546875,687.484375
EEGO1,690.8359375,692.359375
EEGO1,704.4453125,706.2734375
EEGO1,708.40625,709.015625
EEGO1,722.625,723.5390625
EEGO1,726.6875,728.8203125
EEGO1,731.8671875,732.8828125
EEGO1,738.1640625,738.7734375
EEGO1,739.7890625,742.0234375
EEGO1,747.40625,748.625
EEGO1,753.8046875,754.6171875
EEGO1,759.6953125,761.7265625
EEGO1,776.7578125,777.7734375
EEGO1,782.75,784.0703125
EEGO1,788.640625,789.859375
EEGO1,796.4609375,798.0859375
EEGO1,800.3203125,802.5546875
EEGO1,803.875,804.6875
EEGO1,806.921875,808.8515625
EEGO1,812.5078125,813.1171875
EEGO1,821.2421875,822.8671875
EEGO1,826.3203125,827.03125
EEGO1,830.7890625,831.5
EEGO1,841.046875,843.078125
EEGO1,849.6796875,850.4921875
EEGO1,854.3515625,855.3671875
EEGO1,870.703125,873.75
EEGO1,892.3359375,893.5546875
EEGO1,899.8515625,900.96875
EEGO1,903.3046875,903.9140625
EEGO1,910.2109375,910.8203125
EEGO1,915.4921875,916.8125
EEGO1,937.734375,939.5625
EEGO1,942.609375,944.640625
EEGO1,950.0234375,950.734375
EEGO1,968.3046875,969.21875
EEGO1,970.4375,971.859375
EEGO1,993.0859375,993.796875
EEGO1,997.25,998.0625
EEGO1,1007.203125,1009.640625
EEGO1,1011.265625,1013.6015625
EEGO1,1016.546875,1020.203125
EEGO1,1059.609375,1060.21875
EEGO1,1063.9765625,1064.890625
EEGO1,1081.6484375,1082.2578125
EEGO1,1097.6953125,1098.5078125
EEGO1,1101.1484375,1101.859375
EEGO1,1106.328125,1106.9375
EEGO1,1110.1875,1112.625
EEGO1,1114.9609375,1116.078125
EEGO1,1121.359375,1122.8828125
EEGO1,1133.34375,1134.359375
EEGO1,1145.2265625,1145.8359375
EEGO1,1158.734375,1159.75
EEGO1,1181.6875,1183.4140625
EEGO1,1186.2578125,1188.59375
EEGO1,1194.7890625,1195.8046875
EEGO1,1205.9609375,1206.9765625
EEGO1,1213.8828125,1214.4921875
EEGO1,1221.09375,1221.90625
EEGO1,1235.4140625,1236.0234375
EEGO1,1241.9140625,1243.7421875
EEGO1,1246.5859375,1247.296875
EEGO1,1252.578125,1253.390625
EEGO1,1257.1484375,1257.9609375
EEGO1,1268.625,1269.234375
EEGO1,1276.8515625,1277.6640625
EEGO1,1312.8046875,1313.4140625
EEGO1,1315.4453125,1316.0546875
EEGO1,1330.78125,1332
EEGO1,1334.5390625,1335.1484375
EEGO1,1341.75,1343.4765625
EEGO1,1370.8984375,1371.8125
EEGO1,1390.09375,1391.2109375
EEGO1,1394.765625,1395.6796875
EEGO1,1402.5859375,1403.5
EEGO1,1416.5,1417.2109375
EEGO1,1447.8828125,1449.5078125
EEGO1,1487.0859375,1487.8984375
EEGO1,1517.046875,1518.0625
EEGO1,1522.0234375,1523.140625
EEGO1,1528.21875,1528.828125
EEGO1,1554.9296875,1555.5390625
EEGO1,1563.8671875,1565.0859375
EEGO1,1581.640625,1584.28125
EEGO1,1595.9609375,1596.5703125
EEGO1,1603.2734375,1604.2890625
EEGO1,1640.6484375,1641.765625
EEGO1,1646.3359375,1646.9453125
EEGO1,1660.9609375,1662.5859375
EEGO1,1665.0234375,1665.6328125
EEGO1,1686.1484375,1687.5703125
EEGO1,1689.8046875,1690.4140625
EEGO1,1695.1875,1696.40625
EEGO1,1700.7734375,1701.3828125
EEGO1,1721.4921875,1722.609375
EEGO1,1740.9921875,1741.8046875
EEGO1,1748,1748.7109375
EEGO1,1772.171875,1772.78125
EEGO1,1779.9921875,1780.703125
EEGO1,1786.59375,1788.3203125
EEGO1,1811.578125,1812.2890625
EEGO1,1866.7265625,1867.5390625
EEGO1,1872.0078125,1872.6171875
EEGO1,1889.984375,1890.6953125
EEGO1,1893.640625,1894.25
EEGO1,1906.640625,1907.25
EEGO1,1930.203125,1931.1171875
EEGO1,1934.1640625,1935.484375
EEGO1,1991.6484375,1993.4765625
EEGO1,2012.46875,2013.9921875
EEGO1,2021.609375,2022.21875
EEGO1,2037.9609375,2038.875
EEGO1,2083.15625,2084.0703125
EEGO1,2100.421875,2101.3359375
EEGO1,2113.3203125,2114.640625
EEGO1,2118.296875,2118.90625
EEGO1,2132.8203125,2133.53125
EEGO1,2203.1015625,2203.9140625
EEGO1,2213.5625,2214.2734375
EEGO1,2230.21875,2231.03125
EEGO1,2267.6953125,2268.9140625
EEGO1,2322.9453125,2323.5546875
EEGO1,2350.1640625,2350.875
EEGO1,2388.1484375,2388.7578125
EEGO1,2412.1171875,2412.7265625
EEGO1,2518.9609375,2519.671875
EEGO1,2525.2578125,2526.6796875
EEGO1,2544.25,2545.265625
EEGO1,2579.390625,2580.8125
EEGO1,2635.3515625,2636.9765625
EEGO1,2643.578125,2644.1875
EEGO1,2662.5703125,2664.296875
EEGO1,2669.375,2670.1875
EEGO1,2698.1171875,2699.3359375
EEGO1,2704.2109375,2704.8203125
EEGO1,2708.78125,2710
EEGO1,2723.1015625,2725.03125
EEGO1,2732.8515625,2733.4609375
EEGO1,2738.03125,2738.640625
EEGO1,2741.28125,2743.515625
EEGO1,2749.5078125,2750.21875
EEGO1,2762,2762.7109375
EEGO1,2766.9765625,2767.890625
EEGO1,2777.3359375,2778.3515625
EEGO1,2789.828125,2790.4375
EEGO1,2812.8828125,2813.4921875
EEGO1,2814.9140625,2816.7421875
EEGO1,2827.3046875,2827.9140625
EEGO1,2891.1875,2891.8984375
EEGO1,2949.7890625,2950.3984375
EEGO1,3019.96875,3020.578125
EEGO1,3277.734375,3278.4453125
EEGO1,3522.5,3523.3125
EEGO1,3540.4765625,3541.2890625
EEGO1,3573.1796875,3574.90625
EEGO1,3604.2578125,3604.8671875
EEGO1,3634.828125,3635.4375
EEGO1,3638.6875,3639.5
EEGO1,3650.9765625,3651.6875
EEGO1,3653.71875,3654.328125
EEGO1,3661.03125,3661.640625
EEGO1,3665.90625,3666.71875
EEGO1,3668.546875,3669.15625
EEGO1,3674.5390625,3675.5546875
EEGO1,3679.4140625,3680.0234375
EEGO1,3702.875,3703.6875
EEGO1,3716.890625,3717.8046875
EEGO1,3722.171875,3722.984375
EEGO1,3734.15625,3734.765625
EEGO1,3741.46875,3742.078125
EEGO1,3756.296875,3756.90625
EEGO1,3759.8515625,3760.4609375
EEGO1,3766.7578125,3767.3671875
EEGO1,3775.8984375,3776.5078125
EEGO1,3780.265625,3780.9765625
EEGO1,3802.9140625,3803.5234375
EEGO1,3804.7421875,3805.65625
EEGO1,3809.6171875,3810.6328125
EEGO1,3812.15625,3812.8671875
EEGO1,3826.0703125,3826.8828125
EEGO1,3829.5234375,3830.3359375
EEGO1,3838.8671875,3839.578125
EEGO1,3878.8828125,3879.796875
EEGO1,3888.4296875,3889.0390625
EEGO1,4013.046875,4013.65625
EEGO1,4057.9375,4058.546875
EEGO1,4063.7265625,4064.640625
EEGO1,4071.34375,4071.953125
EEGO1,4082.921875,4087.2890625
EEGO1,4103.4375,4104.25
EEGO2,11.5859375,13.3125
EEGO2,16.8671875,17.4765625
EEGO2,19.5078125,20.3203125
EEGO2,24.9921875,25.90625
EEGO2,50.3828125,52.515625
EEGO2,60.4375,61.3515625
EEGO2,125.5390625,129.1953125
EEGO2,149.5078125,150.828125
EEGO2,152.25,155.3984375
EEGO2,159.0546875,160.984375
EEGO2,162.609375,163.3203125
EEGO2,165.65625,166.875
EEGO2,173.2734375,177.4375
EEGO2,178.65625,181.8046875
EEGO2,186.78125,187.4921875
EEGO2,190.4375,194.8046875
EEGO2,196.734375,201.5078125
EEGO2,204.453125,206.7890625
EEGO2,208.6171875,211.2578125
EEGO2,213.796875,214.609375
EEGO2,221.109375,222.0234375
EEGO2,223.140625,223.8515625
EEGO2,231.7734375,235.8359375
EEGO2,240.3046875,241.21875
EEGO2,242.234375,242.84375
EEGO2,248.53125,249.140625
EEGO2,251.984375,252.59375
EEGO2,267.625,269.859375
EEGO2,325.8203125,328.15625
EEGO2,356.2890625,356.8984375
EEGO2,358.421875,359.03125
EEGO2,388.1796875,388.7890625
EEGO2,396.203125,397.1171875
EEGO2,398.03125,398.640625
EEGO2,400.46875,401.1796875
EEGO2,414.6875,415.5
EEGO2,424.3359375,425.046875
EEGO2,426.671875,427.3828125
EEGO2,462.9296875,463.5390625
EEGO2,476.9453125,477.7578125
EEGO2,483.34375,484.15625
EEGO2,499.8984375,500.9140625
EEGO2,520.4140625,521.2265625
EEGO2,525.0859375,525.796875
EEGO2,534.125,536.2578125
EEGO2,540.1171875,541.234375
EEGO2,544.7890625,545.6015625
EEGO2,548.953125,550.0703125
EEGO2,555.5546875,556.265625
EEGO2,557.1796875,558.09375
EEGO2,560.8359375,561.4453125
EEGO2,570.3828125,571.1953125
EEGO2,576.171875,578.3046875
EEGO2,581.25,582.1640625
EEGO2,584.1953125,584.90625
EEGO2,590.796875,592.3203125
EEGO2,594.859375,596.078125
EEGO2,598.8203125,600.0390625
EEGO2,602.78125,603.796875
EEGO2,616.1875,616.8984375
EEGO2,620.7578125,623.3984375
EEGO2,628.4765625,629.0859375
EEGO2,631.5234375,632.640625
EEGO2,650.515625,651.8359375
EEGO2,660.265625,660.875
EEGO2,669.203125,669.8125
EEGO2,678.6484375,679.5625
EEGO2,680.4765625,681.4921875
EEGO2,685.65625,686.9765625
EEGO2,690.734375,691.75
EEGO2,704.4453125,706.0703125
EEGO2,722.9296875,723.5390625
EEGO2,726.6875,728.6171875
EEGO2,731.8671875,732.78125
EEGO2,735.3203125,736.7421875
EEGO2,737.9609375,738.7734375
EEGO2,740.8046875,742.0234375
EEGO2,747.3046875,749.234375
EEGO2,753.90625,755.9375
EEGO2,759.6953125,761.7265625
EEGO2,776.5546875,777.7734375
EEGO2,780.8203125,781.4296875
EEGO2,782.75,784.0703125
EEGO2,788.640625,789.25
EEGO2,797.2734375,798.0859375
EEGO2,800.3203125,802.5546875
EEGO2,804.078125,804.6875
EEGO2,806.921875,809.2578125
EEGO2,821.8515625,822.765625
EEGO2,825.9140625,826.7265625
EEGO2,828.9609375,829.5703125
EEGO2,840.9453125,843.1796875
EEGO2,868.7734375,869.3828125
EEGO2,870.6015625,872.0234375
EEGO2,872.9375,874.5625
EEGO2,879.03125,879.9453125
EEGO2,891.625,893.453125
EEGO2,903.3046875,903.9140625
EEGO2,910.2109375,910.921875
EEGO2,915.390625,916.8125
EEGO2,922.90625,923.515625
EEGO2,929.203125,930.828125
EEGO2,937.8359375,939.5625
EEGO2,943.1171875,944.5390625
EEGO2,968.40625,969.1171875
EEGO2,970.5390625,971.9609375
EEGO2,976.125,976.734375
EEGO2,981.5078125,982.1171875
EEGO2,1007,1008.015625
EEGO2,1012.9921875,1013.6015625
EEGO2,1016.2421875,1017.6640625
EEGO2,1019.59375,1020.7109375
EEGO2,1026.3984375,1027.3125
EEGO2,1063.9765625,1064.7890625
EEGO2,1076.671875,1077.6875
EEGO2,1081.6484375,1082.2578125
EEGO2,1097.796875,1098.40625
EEGO2,1101.25,1101.859375
EEGO2,1105.921875,1106.734375
EEGO2,1111.40625,1112.1171875
EEGO2,1115.1640625,1116.078125
EEGO2,1133.4453125,1134.4609375
EEGO2,1140.453125,1141.0625
EEGO2,1145.2265625,1145.8359375
EEGO2,1158.4296875,1159.6484375
EEGO2,1186.2578125,1188.59375
EEGO2,1194.6875,1195.703125
EEGO2,1206.1640625,1206.9765625
EEGO2,1213.8828125,1214.59375
EEGO2,1216.421875,1217.03125
EEGO2,1221.296875,1222.3125
EEGO2,1237.140625,1237.8515625
EEGO2,1241.9140625,1242.9296875
EEGO2,1246.5859375,1247.296875
EEGO2,1252.578125,1253.2890625
EEGO2,1257.1484375,1258.0625
EEGO2,1259.5859375,1260.1953125
EEGO2,1276.6484375,1277.2578125
EEGO2,1314.734375,1315.34375
EEGO2,1321.5390625,1322.1484375
EEGO2,1330.8828125,1331.8984375
EEGO2,1334.4375,1335.046875
EEGO2,1341.75,1342.4609375
EEGO2,1348.1484375,1349.0625
EEGO2,1370.796875,1371.40625
EEGO2,1383.2890625,1383.8984375
EEGO2,1390.6015625,1391.3125
EEGO2,1394.8671875,1395.6796875
EEGO2,1400.65625,1401.875
EEGO2,1402.7890625,1403.5
EEGO2,1433.6640625,1434.375
EEGO2,1437.1171875,1437.7265625
EEGO2,1505.1640625,1505.9765625
EEGO2,1517.25,1517.9609375
EEGO2,1521.0078125,1522.9375
EEGO2,1528.1171875,1528.7265625
EEGO2,1554.9296875,1555.5390625
EEGO2,1558.078125,1558.890625
EEGO2,1564.0703125,1564.984375
EEGO2,1570.0625,1571.7890625
EEGO2,1575.546875,1576.15625
EEGO2,1581.7421875,1582.5546875
EEGO2,1603.578125,1604.2890625
EEGO2,1640.75,1641.359375
EEGO2,1660.65625,1662.484375
EEGO2,1686.7578125,1687.5703125
EEGO2,1740.9921875,1741.703125
EEGO2,1745.8671875,1746.4765625
EEGO2,1748,1749.9296875
EEGO2,1786.6953125,1787.3046875
EEGO2,1807.3125,1807.921875
EEGO2,1862.0546875,1862.6640625
EEGO2,1866.5234375,1867.5390625
EEGO2,1872.0078125,1872.6171875
EEGO2,1930.203125,1931.015625
EEGO2,1933.046875,1933.859375
EEGO2,1957.21875,1958.03125
EEGO2,1968.0859375,1969
EEGO2,1991.75,1993.78125
EEGO2,1996.5234375,1997.234375
EEGO2,1998.7578125,1999.3671875
EEGO2,2012.46875,2013.890625
EEGO2,2021.5078125,2022.421875
EEGO2,2048.3203125,2049.03125
EEGO2,2080.71875,2081.4296875
EEGO2,2083.15625,2084.171875
EEGO2,2097.171875,2097.78125
EEGO2,2113.21875,2114.03125
EEGO2,2153.3359375,2153.9453125
EEGO2,2203.1015625,2203.8125
EEGO2,2219.3515625,2220.0625
EEGO2,2267.390625,2268.9140625
EEGO2,2411.1015625,2412.828125
EEGO2,2519.0625,2519.671875
EEGO2,2525.15625,2526.2734375
EEGO2,2544.1484375,2545.265625
EEGO2,2633.1171875,2633.828125
EEGO2,2635.046875,2636.5703125
EEGO2,2643.578125,2644.1875
EEGO2,2657.0859375,2657.6953125
EEGO2,2661.3515625,2664.3984375
EEGO2,2698.7265625,2699.3359375
EEGO2,2708.78125,2710
EEGO2,2732.6484375,2733.2578125
EEGO2,2741.28125,2743.4140625
EEGO2,2761.8984375,2762.609375
EEGO2,2765.453125,2766.0625
EEGO2,2766.9765625,2767.9921875
EEGO2,2777.5390625,2778.3515625
EEGO2,2807.3984375,2808.2109375
EEGO2,2815.1171875,2816.7421875
EEGO2,2827,2827.609375
EEGO2,2891.0859375,2891.6953125
EEGO2,2964.71875,2965.328125
EEGO2,3347.1015625,3347.7109375
EEGO2,3513.359375,3513.96875
EEGO2,3522.1953125,3523.0078125
EEGO2,3558.859375,3559.46875
EEGO2,3600.703125,3601.6171875
EEGO2,3611.46875,3612.28125
EEGO2,3627.6171875,3628.2265625
EEGO2,3644.2734375,3644.984375
EEGO2,3651.1796875,3651.7890625
EEGO2,3671.390625,3672
EEGO2,3674.5390625,3675.3515625
EEGO2,3679.4140625,3680.53125
EEGO2,3698,3698.609375
EEGO2,3700.3359375,3701.453125
EEGO2,3703.3828125,3704.09375
EEGO2,3708.4609375,3710.1875
EEGO2,3724,3724.609375
EEGO2,3728.0625,3728.7734375
EEGO2,3734.0546875,3735.171875
EEGO2,3750.203125,3751.1171875
EEGO2,3766.65625,3767.3671875
EEGO2,3778.03125,3778.9453125
EEGO2,3786.765625,3787.6796875
EEGO2,3802.8125,3805.65625
EEGO2,3808.5,3810.6328125
EEGO2,3812.2578125,3815.40625
EEGO2,3825.96875,3827.1875
EEGO2,3829.21875,3830.1328125
EEGO2,3836.328125,3836.9375
EEGO2,3878.6796875,3881.21875
EEGO2,3897.1640625,3897.9765625
EEGO2,4057.734375,4058.4453125
EEGO2,4082.921875,4087.2890625
