Canale,Start_Time(s),End_Time(s)
EEGFp1,12.8046875,13.4140625
EEGFp1,19,19.8125
EEGFp1,22.046875,23.9765625
EEGFp1,32.203125,33.3203125
EEGFp1,35.3515625,36.0625
EEGFp1,40.53125,43.4765625
EEGFp1,45.9140625,47.03125
EEGFp1,51.3984375,52.2109375
EEGFp1,67.546875,71.8125
EEGFp1,74.046875,75.9765625
EEGFp1,79.8359375,81.4609375
EEGFp1,94.4609375,95.2734375
EEGFp1,106.8515625,107.4609375
EEGFp1,113.859375,114.671875
EEGFp1,122.0859375,123.1015625
EEGFp1,127.0625,130.109375
EEGFp1,134.578125,135.4921875
EEGFp1,137.9296875,138.7421875
EEGFp1,143.515625,144.6328125
EEGFp1,150.421875,152.3515625
EEGFp1,156.3125,157.4296875
EEGFp1,162.9140625,165.046875
EEGFp1,166.875,167.5859375
EEGFp1,172.2578125,173.578125
EEGFp1,175.609375,177.3359375
EEGFp1,182.8203125,183.6328125
EEGFp1,192.1640625,192.9765625
EEGFp1,198.4609375,199.2734375
EEGFp1,210.75,211.6640625
EEGFp1,231.5703125,232.890625
EEGFp1,243.046875,244.3671875
EEGFp1,258.9921875,259.90625
EEGFp1,269.859375,270.5703125
EEGFp1,280.421875,281.03125
EEGFp1,287.328125,290.375
EEGFp1,293.5234375,294.1328125
EEGFp1,295.1484375,297.28125
EEGFp1,323.6875,325.8203125
EEGFp1,386.3515625,386.9609375
EEGFp1,390.921875,391.53125
EEGFp1,533.921875,534.53125
EEGFp1,550.8828125,551.4921875
EEGFp1,558.3984375,561.140625
EEGFp1,573.6328125,575.15625
EEGFp1,628.2734375,628.984375
EEGFp1,640.8671875,641.78125
EEGFp1,646.1484375,647.265625
EEGFp1,684.3359375,685.1484375
EEGFp1,695.9140625,696.625
EEGFp1,708.8125,709.625
EEGFp1,724.65625,725.46875
EEGFp1,727.09375,727.703125
EEGFp1,729.6328125,730.75
EEGFp1,739.078125,739.9921875
EEGFp1,744.359375,746.2890625
EEGFp1,749.1328125,749.7421875
EEGFp1,752.484375,754.0078125
EEGFp1,795.0390625,796.0546875
EEGFp1,800.828125,801.640625
EEGFp1,809.6640625,810.2734375
EEGFp1,838.5078125,839.421875
EEGFp1,841.25,845.109375
EEGFp1,846.0234375,847.34375
EEGFp1,849.78125,850.390625
EEGFp1,860.2421875,860.953125
EEGFp1,864.9140625,865.5234375
EEGFp1,869.7890625,871.0078125
EEGFp1,877.3046875,877.9140625
EEGFp1,884.8203125,885.4296875
EEGFp1,888.78125,889.4921875
EEGFp1,895.078125,895.7890625
EEGFp1,899.6484375,900.2578125
EEGFp1,903.40625,904.21875
EEGFp1,905.5390625,908.1796875
EEGFp1,915.4921875,916.40625
EEGFp1,922.6015625,923.2109375
EEGFp1,935.6015625,936.3125
EEGFp1,937.2265625,938.140625
EEGFp1,953.0703125,954.1875
EEGFp1,961.1953125,962.921875
EEGFp1,1326.2109375,1326.8203125
EEGFp1,1356.984375,1358.1015625
EEGFp1,1359.3203125,1360.3359375
EEGFp1,1394.765625,1396.390625
EEGFp1,1412.640625,1413.3515625
EEGFp1,1420.15625,1422.390625
EEGFp1,1424.7265625,1425.4375
EEGFp1,1436.609375,1437.3203125
EEGFp1,1438.5390625,1441.1796875
EEGFp1,1444.0234375,1444.734375
EEGFp1,1448.8984375,1449.609375
EEGFp1,1450.5234375,1451.5390625
EEGFp1,1453.9765625,1454.5859375
EEGFp1,1460.6796875,1463.21875
EEGFp1,1469.515625,1470.2265625
EEGFp1,1472.8671875,1478.9609375
EEGFp1,1479.875,1482.4140625
EEGFp1,1484.0390625,1486.375
EEGFp1,1488.203125,1489.9296875
EEGFp1,1495.2109375,1495.921875
EEGFp1,1513.6953125,1515.015625
EEGFp1,1516.1328125,1516.7421875
EEGFp1,1526.1875,1526.8984375
EEGFp1,1528.828125,1530.046875
EEGFp1,1531.5703125,1532.5859375
EEGFp1,1534.8203125,1535.9375
EEGFp1,1537.96875,1538.578125
EEGFp1,1539.59375,1543.1484375
EEGFp1,1546.1953125,1547.4140625
EEGFp1,1553.3046875,1554.7265625
EEGFp1,1560.0078125,1560.8203125
EEGFp1,1566,1566.8125
EEGFp1,1574.6328125,1576.8671875
EEGFp1,1579.5078125,1580.7265625
EEGFp1,1584.28125,1584.890625
EEGFp1,1598.90625,1599.6171875
EEGFp1,1606.3203125,1608.65625
EEGFp1,1611.1953125,1612.6171875
EEGFp1,1613.53125,1614.546875
EEGFp1,1618.609375,1619.828125
EEGFp1,1620.7421875,1621.3515625
EEGFp1,1648.9765625,1649.6875
EEGFp1,1688.7890625,1692.75
EEGFp1,1705.0390625,1709.8125
EEGFp1,1713.3671875,1714.28125
EEGFp1,1715.5,1716.2109375
EEGFp1,1722.1015625,1722.7109375
EEGFp1,1725.453125,1726.0625
EEGFp1,1732.2578125,1733.375
EEGFp1,1734.8984375,1736.421875
EEGFp1,1773.0859375,1775.1171875
EEGFp1,1777.25,1777.859375
EEGFp1,1779.078125,1779.6875
EEGFp1,1781.6171875,1782.8359375
EEGFp1,1788.3203125,1789.4375
EEGFp1,1794.3125,1794.921875
EEGFp1,1798.0703125,1798.6796875
EEGFp1,1800.203125,1802.234375
EEGFp1,1809.2421875,1811.6796875
EEGFp1,1822.6484375,1823.2578125
EEGFp1,1830.671875,1833.6171875
EEGFp1,1843.875,1844.484375
EEGFp1,1856.5703125,1858.8046875
EEGFp1,1872.0078125,1873.6328125
EEGFp1,1878.8125,1879.421875
EEGFp1,1889.6796875,1891.203125
EEGFp1,1892.421875,1893.1328125
EEGFp1,1900.546875,1901.15625
EEGFp1,1914.359375,1915.171875
EEGFp1,1942.0859375,1942.8984375
EEGFp1,1957.9296875,1958.5390625
EEGFp1,1969.203125,1970.3203125
EEGFp1,2230.1171875,2231.234375
EEGFp1,2234.6875,2235.6015625
EEGFp1,2575.6328125,2576.2421875
EEGFp1,2718.0234375,2718.734375
EEGFp1,2719.6484375,2720.5625
EEGFp1,2759.8671875,2760.578125
EEGFp1,2963.703125,2964.6171875
EEGFp1,2967.0546875,2967.6640625
EEGFp1,3034.4921875,3035.1015625
EEGFp1,3066.078125,3066.6875
EEGFp1,3069.125,3070.2421875
EEGFp1,3144.28125,3145.296875
EEGFp1,3157.3828125,3158.3984375
EEGFp1,3703.890625,3704.5
EEGFp1,4163.15625,4163.765625
EEGFp2,22.1484375,24.078125
EEGFp2,32.609375,33.3203125
EEGFp2,41.8515625,43.375
EEGFp2,45.9140625,47.03125
EEGFp2,51.5,52.109375
EEGFp2,56.0703125,56.6796875
EEGFp2,67.546875,71.8125
EEGFp2,75.265625,76.078125
EEGFp2,78.6171875,79.2265625
EEGFp2,80.140625,80.953125
EEGFp2,114.0625,115.078125
EEGFp2,128.3828125,130.0078125
EEGFp2,137.9296875,138.7421875
EEGFp2,143.6171875,144.6328125
EEGFp2,146.2578125,147.4765625
EEGFp2,150.3203125,152.3515625
EEGFp2,156.2109375,158.546875
EEGFp2,175.609375,177.3359375
EEGFp2,182.921875,183.53125
EEGFp2,192.265625,192.9765625
EEGFp2,198.4609375,200.390625
EEGFp2,210.6484375,211.6640625
EEGFp2,243.65625,244.3671875
EEGFp2,259.09375,260.515625
EEGFp2,279,280.1171875
EEGFp2,282.65625,284.28125
EEGFp2,288.2421875,290.375
EEGFp2,291.8984375,294.1328125
EEGFp2,323.6875,324.8046875
EEGFp2,330.4921875,331.1015625
EEGFp2,354.15625,354.96875
EEGFp2,360.7578125,361.7734375
EEGFp2,363.296875,364.109375
EEGFp2,383,383.7109375
EEGFp2,386.1484375,387.265625
EEGFp2,390.921875,391.53125
EEGFp2,394.2734375,395.390625
EEGFp2,420.2734375,421.8984375
EEGFp2,507.4140625,508.53125
EEGFp2,510.96875,512.8984375
EEGFp2,550.78125,551.59375
EEGFp2,558.5,561.2421875
EEGFp2,573.734375,575.765625
EEGFp2,628.0703125,629.0859375
EEGFp2,634.0625,636.90625
EEGFp2,640.0546875,643.40625
EEGFp2,646.1484375,647.46875
EEGFp2,684.5390625,685.1484375
EEGFp2,708.8125,709.5234375
EEGFp2,724.7578125,725.5703125
EEGFp2,739.078125,739.9921875
EEGFp2,744.359375,746.2890625
EEGFp2,747.203125,747.9140625
EEGFp2,749.1328125,750.25
EEGFp2,785.0859375,785.6953125
EEGFp2,794.734375,796.2578125
EEGFp2,798.390625,799.609375
EEGFp2,816.46875,817.484375
EEGFp2,820.328125,820.9375
EEGFp2,823.8828125,826.1171875
EEGFp2,836.0703125,836.6796875
EEGFp2,838.40625,840.1328125
EEGFp2,841.25,847.34375
EEGFp2,849.78125,850.390625
EEGFp2,851.9140625,852.5234375
EEGFp2,860.2421875,860.8515625
EEGFp2,864.609375,865.5234375
EEGFp2,870.296875,870.90625
EEGFp2,877.1015625,879.3359375
EEGFp2,888.78125,889.4921875
EEGFp2,899.546875,900.15625
EEGFp2,903.40625,904.1171875
EEGFp2,905.7421875,908.078125
EEGFp2,915.4921875,916.5078125
EEGFp2,921.078125,921.6875
EEGFp2,922.6015625,923.2109375
EEGFp2,935.6015625,936.3125
EEGFp2,937.2265625,938.140625
EEGFp2,941.796875,942.5078125
EEGFp2,962.109375,963.0234375
EEGFp2,990.0390625,990.953125
EEGFp2,1273.09375,1273.8046875
EEGFp2,1296.9609375,1297.671875
EEGFp2,1307.21875,1307.828125
EEGFp2,1320.21875,1321.234375
EEGFp2,1322.1484375,1322.859375
EEGFp2,1326.2109375,1326.8203125
EEGFp2,1339.3125,1340.0234375
EEGFp2,1345.7109375,1346.3203125
EEGFp2,1350.890625,1352.0078125
EEGFp2,1356.984375,1360.4375
EEGFp2,1363.6875,1364.296875
EEGFp2,1389.078125,1389.890625
EEGFp2,1394.765625,1396.4921875
EEGFp2,1398.7265625,1399.4375
EEGFp2,1412.4375,1413.3515625
EEGFp2,1420.2578125,1422.59375
EEGFp2,1424.7265625,1425.4375
EEGFp2,1434.8828125,1435.6953125
EEGFp2,1436.609375,1437.3203125
EEGFp2,1438.5390625,1443.0078125
EEGFp2,1443.921875,1444.734375
EEGFp2,1448.796875,1449.7109375
EEGFp2,1450.625,1451.640625
EEGFp2,1453.9765625,1454.5859375
EEGFp2,1457.53125,1458.140625
EEGFp2,1460.6796875,1463.21875
EEGFp2,1469.4140625,1470.2265625
EEGFp2,1472.8671875,1482.4140625
EEGFp2,1484.0390625,1487.1875
EEGFp2,1488.203125,1489.9296875
EEGFp2,1493.28125,1493.890625
EEGFp2,1495.109375,1496.125
EEGFp2,1509.0234375,1510.0390625
EEGFp2,1513.390625,1515.015625
EEGFp2,1516.1328125,1516.84375
EEGFp2,1526.0859375,1526.8984375
EEGFp2,1528.7265625,1530.046875
EEGFp2,1531.671875,1532.5859375
EEGFp2,1534.8203125,1536.953125
EEGFp2,1537.8671875,1543.1484375
EEGFp2,1546.1953125,1547.4140625
EEGFp2,1548.9375,1549.546875
EEGFp2,1553.1015625,1554.7265625
EEGFp2,1559.90625,1560.8203125
EEGFp2,1566.1015625,1566.8125
EEGFp2,1575.953125,1576.8671875
EEGFp2,1579.3046875,1580.7265625
EEGFp2,1584.3828125,1585.09375
EEGFp2,1586.8203125,1587.4296875
EEGFp2,1598.90625,1599.6171875
EEGFp2,1606.3203125,1608.859375
EEGFp2,1611.1953125,1612.6171875
EEGFp2,1613.53125,1614.75
EEGFp2,1617.1875,1621.3515625
EEGFp2,1622.7734375,1623.3828125
EEGFp2,1626.2265625,1627.4453125
EEGFp2,1641.0546875,1641.6640625
EEGFp2,1649.078125,1649.7890625
EEGFp2,1674.5703125,1675.28125
EEGFp2,1681.171875,1681.78125
EEGFp2,1682.6953125,1683.7109375
EEGFp2,1688.6875,1689.5
EEGFp2,1690.4140625,1692.8515625
EEGFp2,1699.046875,1699.859375
EEGFp2,1705.0390625,1708.796875
EEGFp2,1713.7734375,1716.3125
EEGFp2,1720.8828125,1722.609375
EEGFp2,1724.03125,1724.7421875
EEGFp2,1732.359375,1733.375
EEGFp2,1734.8984375,1736.5234375
EEGFp2,1759.984375,1760.59375
EEGFp2,1772.984375,1775.1171875
EEGFp2,1781.6171875,1782.8359375
EEGFp2,1788.3203125,1789.4375
EEGFp2,1790.5546875,1792.3828125
EEGFp2,1794.3125,1794.921875
EEGFp2,1798.0703125,1798.8828125
EEGFp2,1799.796875,1802.4375
EEGFp2,1811.2734375,1812.796875
EEGFp2,1826.9140625,1827.828125
EEGFp2,1831.28125,1833.6171875
EEGFp2,1852.1015625,1853.421875
EEGFp2,1855.3515625,1858.703125
EEGFp2,1872.0078125,1873.53125
EEGFp2,1890.1875,1891.203125
EEGFp2,1898.921875,1899.53125
EEGFp2,1900.546875,1901.2578125
EEGFp2,1914.359375,1915.171875
EEGFp2,1942.1875,1942.8984375
EEGFp2,1957.9296875,1958.5390625
EEGFp2,1969.1015625,1970.5234375
EEGFp2,1975.3984375,1976.3125
EEGFp2,2132.8203125,2133.4296875
EEGFp2,2166.4375,2167.046875
EEGFp2,2192.03125,2192.84375
EEGFp2,2230.1171875,2231.3359375
EEGFp2,2311.875,2312.7890625
EEGFp2,2401.65625,2402.9765625
EEGFp2,2409.171875,2409.78125
EEGFp2,2423.59375,2425.828125
EEGFp2,2575.6328125,2576.34375
EEGFp2,2717.8203125,2719.8515625
EEGFp2,2721.171875,2721.78125
EEGFp2,2759.8671875,2760.78125
EEGFp2,2782.71875,2783.4296875
EEGFp2,2963.6015625,2964.71875
EEGFp2,2966.953125,2967.765625
EEGFp2,3034.390625,3035.203125
EEGFp2,3060.796875,3061.40625
EEGFp2,3063.9453125,3064.65625
EEGFp2,3066.1796875,3067.09375
EEGFp2,3069.125,3070.0390625
EEGFp2,3121.2265625,3122.0390625
EEGFp2,3144.28125,3145.296875
EEGFp2,4163.15625,4163.765625
EEGF7,22.25,24.078125
EEGF7,34.1328125,36.5703125
EEGF7,42.0546875,44.6953125
EEGF7,46.015625,46.9296875
EEGF7,51.3984375,52.3125
EEGF7,55.0546875,56.78125
EEGF7,60.234375,60.84375
EEGF7,68.0546875,68.765625
EEGF7,72.21875,76.078125
EEGF7,80.140625,81.765625
EEGF7,87.25,87.859375
EEGF7,113.9609375,114.671875
EEGF7,118.9375,120.4609375
EEGF7,122.390625,124.5234375
EEGF7,127.0625,129.703125
EEGF7,137.828125,138.7421875
EEGF7,143.4140625,144.6328125
EEGF7,151.84375,152.453125
EEGF7,154.484375,155.3984375
EEGF7,162.8125,163.5234375
EEGF7,164.4375,165.046875
EEGF7,166.7734375,167.6875
EEGF7,168.6015625,169.6171875
EEGF7,172.2578125,172.8671875
EEGF7,176.21875,177.3359375
EEGF7,183.0234375,183.6328125
EEGF7,192.1640625,192.875
EEGF7,198.4609375,199.6796875
EEGF7,219.6875,220.296875
EEGF7,232.28125,233.3984375
EEGF7,242.9453125,244.3671875
EEGF7,258.9921875,259.703125
EEGF7,271.28125,271.890625
EEGF7,282.859375,283.5703125
EEGF7,288.140625,289.6640625
EEGF7,292,294.1328125
EEGF7,385.640625,386.9609375
EEGF7,411.640625,412.453125
EEGF7,416.109375,416.8203125
EEGF7,417.8359375,418.546875
EEGF7,420.2734375,422
EEGF7,509.34375,509.953125
EEGF7,510.8671875,511.8828125
EEGF7,526.1015625,526.8125
EEGF7,533.921875,534.53125
EEGF7,550.78125,551.4921875
EEGF7,555.9609375,556.671875
EEGF7,558.1953125,559.4140625
EEGF7,574.0390625,575.6640625
EEGF7,628.375,628.984375
EEGF7,634.875,635.484375
EEGF7,641.0703125,641.6796875
EEGF7,681.0859375,682
EEGF7,683.1171875,684.03125
EEGF7,692.0546875,692.6640625
EEGF7,695.7109375,697.03125
EEGF7,703.4296875,705.2578125
EEGF7,708.8125,709.5234375
EEGF7,712.7734375,713.6875
EEGF7,721.9140625,722.828125
EEGF7,724.65625,725.9765625
EEGF7,727.1953125,728.109375
EEGF7,729.734375,730.8515625
EEGF7,732.8828125,734.40625
EEGF7,739.078125,740.09375
EEGF7,741.71875,743.75
EEGF7,744.8671875,746.2890625
EEGF7,747.203125,747.9140625
EEGF7,749.4375,750.5546875
EEGF7,751.671875,754.2109375
EEGF7,765.9921875,766.8046875
EEGF7,767.8203125,768.4296875
EEGF7,776.1484375,777.46875
EEGF7,781.9375,782.546875
EEGF7,785.1875,785.8984375
EEGF7,794.6328125,796.765625
EEGF7,798.390625,799.3046875
EEGF7,800.21875,801.9453125
EEGF7,803.671875,804.28125
EEGF7,809.5625,810.375
EEGF7,811.390625,812
EEGF7,814.4375,817.890625
EEGF7,819.109375,821.2421875
EEGF7,822.4609375,823.0703125
EEGF7,824.390625,825
EEGF7,832.515625,834.2421875
EEGF7,837.4921875,839.421875
EEGF7,840.9453125,847.34375
EEGF7,848.765625,850.4921875
EEGF7,860.2421875,860.8515625
EEGF7,861.96875,862.578125
EEGF7,864.9140625,865.7265625
EEGF7,869.7890625,871.0078125
EEGF7,877,879.640625
EEGF7,884.71875,885.9375
EEGF7,888.171875,888.78125
EEGF7,894.46875,896.5
EEGF7,903.7109375,904.3203125
EEGF7,905.9453125,908.28125
EEGF7,911.4296875,912.0390625
EEGF7,915.4921875,916.5078125
EEGF7,921.1796875,921.890625
EEGF7,928.0859375,929.1015625
EEGF7,934.6875,938.2421875
EEGF7,941.796875,942.5078125
EEGF7,952.8671875,954.2890625
EEGF7,956.828125,958.3515625
EEGF7,961.296875,963.125
EEGF7,969.7265625,970.3359375
EEGF7,1176.9140625,1177.625
EEGF7,1198.34375,1198.953125
EEGF7,1215.1015625,1215.9140625
EEGF7,1307.3203125,1308.03125
EEGF7,1314.8359375,1315.4453125
EEGF7,1317.0703125,1317.8828125
EEGF7,1326.109375,1326.8203125
EEGF7,1328.2421875,1328.953125
EEGF7,1342.15625,1342.765625
EEGF7,1345.609375,1346.3203125
EEGF7,1349.265625,1349.9765625
EEGF7,1356.78125,1360.3359375
EEGF7,1378.921875,1379.53125
EEGF7,1388.9765625,1389.7890625
EEGF7,1394.8671875,1395.8828125
EEGF7,1403.1953125,1403.90625
EEGF7,1412.4375,1414.3671875
EEGF7,1418.6328125,1419.546875
EEGF7,1420.96875,1422.390625
EEGF7,1424.7265625,1425.4375
EEGF7,1427.265625,1428.078125
EEGF7,1430.6171875,1431.4296875
EEGF7,1436.7109375,1437.421875
EEGF7,1438.5390625,1443.0078125
EEGF7,1444.125,1444.734375
EEGF7,1445.75,1447.8828125
EEGF7,1448.796875,1449.40625
EEGF7,1450.5234375,1451.5390625
EEGF7,1455.3984375,1456.3125
EEGF7,1457.53125,1458.2421875
EEGF7,1460.6796875,1463.21875
EEGF7,1469.515625,1470.53125
EEGF7,1472.5625,1477.1328125
EEGF7,1478.453125,1482.4140625
EEGF7,1485.4609375,1489.9296875
EEGF7,1492.46875,1493.890625
EEGF7,1495.2109375,1495.921875
EEGF7,1497.0390625,1497.6484375
EEGF7,1513.390625,1514.3046875
EEGF7,1526.59375,1527.203125
EEGF7,1529.03125,1530.046875
EEGF7,1531.5703125,1535.6328125
EEGF7,1537.96875,1543.1484375
EEGF7,1545.5859375,1547.515625
EEGF7,1553.8125,1554.7265625
EEGF7,1566,1566.8125
EEGF7,1575.8515625,1577.0703125
EEGF7,1584.28125,1584.890625
EEGF7,1586.8203125,1587.734375
EEGF7,1592.8125,1593.625
EEGF7,1594.9453125,1595.65625
EEGF7,1598.90625,1599.71875
EEGF7,1606.3203125,1608.859375
EEGF7,1609.875,1612.6171875
EEGF7,1613.6328125,1615.96875
EEGF7,1617.6953125,1619.625
EEGF7,1620.5390625,1621.3515625
EEGF7,1624.296875,1625.109375
EEGF7,1633.640625,1634.65625
EEGF7,1644.203125,1646.640625
EEGF7,1674.1640625,1675.3828125
EEGF7,1681.0703125,1681.6796875
EEGF7,1684.625,1685.5390625
EEGF7,1688.6875,1689.3984375
EEGF7,1690.3125,1692.75
EEGF7,1698.9453125,1699.65625
EEGF7,1705.0390625,1708.796875
EEGF7,1713.46875,1714.3828125
EEGF7,1715.3984375,1716.2109375
EEGF7,1718.8515625,1720.6796875
EEGF7,1722.203125,1722.9140625
EEGF7,1731.75,1733.171875
EEGF7,1734.8984375,1736.828125
EEGF7,1742.71875,1744.6484375
EEGF7,1764.5546875,1765.1640625
EEGF7,1773.2890625,1775.3203125
EEGF7,1777.25,1779.6875
EEGF7,1781.6171875,1782.8359375
EEGF7,1788.3203125,1789.5390625
EEGF7,1790.7578125,1792.078125
EEGF7,1794.3125,1794.921875
EEGF7,1797.96875,1798.6796875
EEGF7,1800.1015625,1802.234375
EEGF7,1809.34375,1809.953125
EEGF7,1811.0703125,1812.6953125
EEGF7,1818.3828125,1818.9921875
EEGF7,1822.4453125,1823.15625
EEGF7,1827.3203125,1828.03125
EEGF7,1830.875,1834.4296875
EEGF7,1848.75,1849.4609375
EEGF7,1852,1853.625
EEGF7,1856.5703125,1858.703125
EEGF7,1863.984375,1864.59375
EEGF7,1866.1171875,1867.3359375
EEGF7,1868.7578125,1869.46875
EEGF7,1872.0078125,1873.6328125
EEGF7,1874.546875,1875.765625
EEGF7,1878.8125,1880.234375
EEGF7,1889.984375,1891.1015625
EEGF7,1892.421875,1893.1328125
EEGF7,1898.921875,1901.0546875
EEGF7,1914.2578125,1915.2734375
EEGF7,1942.1875,1942.8984375
EEGF7,1957.9296875,1958.640625
EEGF7,1969.203125,1970.3203125
EEGF7,1975.5,1976.3125
EEGF7,2070.5625,2071.2734375
EEGF7,2132.6171875,2133.4296875
EEGF7,2192.234375,2192.9453125
EEGF7,2235.1953125,2236.4140625
EEGF7,2311.875,2312.484375
EEGF7,2357.78125,2358.8984375
EEGF7,2401.9609375,2402.7734375
EEGF7,2492.65625,2493.671875
EEGF7,2698.625,2699.3359375
EEGF7,2719.2421875,2720.15625
EEGF7,2759.6640625,2760.578125
EEGF7,2772.359375,2773.984375
EEGF7,2883.1640625,2883.7734375
EEGF7,2936.28125,2938.2109375
EEGF7,2942.2734375,2942.984375
EEGF7,2963.5,2965.9375
EEGF7,2967.15625,2967.765625
EEGF7,3034.4921875,3035.203125
EEGF7,3040.484375,3041.09375
EEGF7,3042.4140625,3043.0234375
EEGF7,3052.875,3053.484375
EEGF7,3063.9453125,3064.65625
EEGF7,3066.078125,3066.6875
EEGF7,3069.125,3070.0390625
EEGF7,3111.78125,3112.390625
EEGF7,3121.328125,3122.140625
EEGF7,3144.28125,3145.296875
EEGF7,3156.7734375,3158.296875
EEGF7,3168.5546875,3169.1640625
EEGF7,4163.0546875,4163.765625
EEGF3,12.8046875,13.4140625
EEGF3,22.046875,23.3671875
EEGF3,30.4765625,31.0859375
EEGF3,32.3046875,33.421875
EEGF3,35.1484375,36.671875
EEGF3,40.53125,47.03125
EEGF3,51.3984375,52.2109375
EEGF3,67.6484375,68.96875
EEGF3,71.203125,72.015625
EEGF3,73.234375,75.9765625
EEGF3,80.34375,81.5625
EEGF3,90.6015625,91.4140625
EEGF3,113.9609375,114.671875
EEGF3,118.9375,119.546875
EEGF3,122.1875,123.7109375
EEGF3,127.0625,129.296875
EEGF3,137.9296875,138.7421875
EEGF3,143.4140625,144.6328125
EEGF3,146.5625,147.171875
EEGF3,154.6875,155.3984375
EEGF3,162.609375,165.046875
EEGF3,166.9765625,167.5859375
EEGF3,168.6015625,169.515625
EEGF3,171.140625,171.75
EEGF3,176.1171875,177.3359375
EEGF3,183.0234375,183.6328125
EEGF3,192.1640625,192.9765625
EEGF3,196.2265625,196.8359375
EEGF3,198.5625,201.40625
EEGF3,219.890625,220.5
EEGF3,231.5703125,233.8046875
EEGF3,239.59375,240.203125
EEGF3,242.7421875,243.65625
EEGF3,258.9921875,259.703125
EEGF3,260.71875,261.6328125
EEGF3,269.7578125,270.5703125
EEGF3,283.7734375,284.890625
EEGF3,288.34375,290.8828125
EEGF3,292,293.21875
EEGF3,311.296875,312.109375
EEGF3,323.6875,324.8046875
EEGF3,354.15625,354.8671875
EEGF3,361.1640625,361.7734375
EEGF3,385.640625,386.9609375
EEGF3,391.0234375,391.6328125
EEGF3,394.2734375,395.4921875
EEGF3,401.484375,402.1953125
EEGF3,416.2109375,416.8203125
EEGF3,417.734375,418.4453125
EEGF3,421.2890625,422.3046875
EEGF3,509.34375,510.0546875
EEGF3,511.0703125,512.796875
EEGF3,528.234375,529.1484375
EEGF3,533.921875,534.53125
EEGF3,549.0546875,549.6640625
EEGF3,550.78125,551.59375
EEGF3,558.8046875,561.140625
EEGF3,573.6328125,575.6640625
EEGF3,628.0703125,628.984375
EEGF3,634.0625,634.7734375
EEGF3,640.359375,643.203125
EEGF3,644.21875,645.03125
EEGF3,646.1484375,647.3671875
EEGF3,680.6796875,681.390625
EEGF3,683.21875,685.1484375
EEGF3,687.890625,688.5
EEGF3,691.953125,692.6640625
EEGF3,699.0625,699.7734375
EEGF3,702.0078125,702.6171875
EEGF3,704.140625,705.2578125
EEGF3,708.40625,710.640625
EEGF3,712.875,713.484375
EEGF3,722.3203125,723.03125
EEGF3,724.65625,725.5703125
EEGF3,726.890625,728.109375
EEGF3,729.6328125,730.75
EEGF3,739.078125,739.9921875
EEGF3,744.8671875,746.2890625
EEGF3,747.3046875,747.9140625
EEGF3,751.7734375,754.109375
EEGF3,755.2265625,756.4453125
EEGF3,766.09375,766.90625
EEGF3,767.921875,768.53125
EEGF3,770.359375,770.96875
EEGF3,785.2890625,785.8984375
EEGF3,794.8359375,796.15625
EEGF3,798.390625,799.203125
EEGF3,800.3203125,802.1484375
EEGF3,809.5625,810.375
EEGF3,814.4375,817.7890625
EEGF3,820.4296875,821.2421875
EEGF3,833.4296875,834.140625
EEGF3,835.8671875,839.421875
EEGF3,841.1484375,847.34375
EEGF3,848.6640625,850.6953125
EEGF3,857.90625,858.6171875
EEGF3,860.140625,860.953125
EEGF3,861.96875,862.6796875
EEGF3,869.6875,871.109375
EEGF3,872.6328125,873.4453125
EEGF3,876.6953125,879.7421875
EEGF3,884.109375,886.75
EEGF3,888.171875,889.390625
EEGF3,890.609375,891.625
EEGF3,895.078125,896.3984375
EEGF3,899.75,900.359375
EEGF3,903.3046875,904.3203125
EEGF3,905.9453125,908.28125
EEGF3,915.4921875,916.40625
EEGF3,922.1953125,924.6328125
EEGF3,935.6015625,936.4140625
EEGF3,937.328125,938.0390625
EEGF3,941.8984375,942.5078125
EEGF3,952.8671875,954.2890625
EEGF3,956.421875,958.3515625
EEGF3,961.296875,962.921875
EEGF3,1255.7265625,1256.3359375
EEGF3,1316.8671875,1317.578125
EEGF3,1326.2109375,1326.8203125
EEGF3,1328.2421875,1328.953125
EEGF3,1342.15625,1342.96875
EEGF3,1345.203125,1346.3203125
EEGF3,1347.3359375,1347.9453125
EEGF3,1349.265625,1352.109375
EEGF3,1356.984375,1360.3359375
EEGF3,1378.8203125,1381.8671875
EEGF3,1388.9765625,1389.890625
EEGF3,1394.765625,1396.0859375
EEGF3,1402.890625,1403.90625
EEGF3,1418.6328125,1422.390625
EEGF3,1427.3671875,1427.9765625
EEGF3,1430.71875,1431.4296875
EEGF3,1436.7109375,1437.3203125
EEGF3,1438.5390625,1439.65625
EEGF3,1441.9921875,1443.0078125
EEGF3,1444.125,1444.734375
EEGF3,1448.796875,1451.640625
EEGF3,1453.9765625,1454.5859375
EEGF3,1457.4296875,1458.140625
EEGF3,1460.6796875,1463.21875
EEGF3,1469.515625,1470.4296875
EEGF3,1472.8671875,1482.4140625
EEGF3,1485.765625,1489.9296875
EEGF3,1495.109375,1495.921875
EEGF3,1509.53125,1510.4453125
EEGF3,1513.796875,1515.015625
EEGF3,1516.1328125,1516.7421875
EEGF3,1521.6171875,1522.328125
EEGF3,1526.0859375,1527.203125
EEGF3,1529.03125,1530.046875
EEGF3,1531.671875,1532.5859375
EEGF3,1534.921875,1535.8359375
EEGF3,1537.8671875,1538.578125
EEGF3,1539.59375,1543.25
EEGF3,1546.1953125,1547.0078125
EEGF3,1548.8359375,1549.546875
EEGF3,1553.5078125,1554.421875
EEGF3,1560.0078125,1560.71875
EEGF3,1566,1567.015625
EEGF3,1568.9453125,1569.7578125
EEGF3,1575.6484375,1577.0703125
EEGF3,1584.3828125,1585.09375
EEGF3,1586.8203125,1587.4296875
EEGF3,1592.8125,1593.421875
EEGF3,1595.046875,1595.859375
EEGF3,1598.90625,1599.71875
EEGF3,1606.1171875,1608.7578125
EEGF3,1611.1953125,1612.4140625
EEGF3,1613.6328125,1616.0703125
EEGF3,1617.1875,1619.9296875
EEGF3,1641.0546875,1641.6640625
EEGF3,1644.1015625,1644.7109375
EEGF3,1661.3671875,1662.1796875
EEGF3,1674.1640625,1675.484375
EEGF3,1681.171875,1681.78125
EEGF3,1688.6875,1689.3984375
EEGF3,1690.4140625,1692.75
EEGF3,1695.2890625,1695.8984375
EEGF3,1704.53125,1707.0703125
EEGF3,1708.0859375,1708.796875
EEGF3,1713.3671875,1714.28125
EEGF3,1715.3984375,1716.3125
EEGF3,1718.953125,1719.765625
EEGF3,1722,1723.015625
EEGF3,1725.1484375,1726.0625
EEGF3,1732.359375,1733.171875
EEGF3,1734.8984375,1736.9296875
EEGF3,1755.3125,1755.921875
EEGF3,1766.6875,1767.296875
EEGF3,1771.2578125,1771.8671875
EEGF3,1773.2890625,1775.1171875
EEGF3,1777.25,1779.890625
EEGF3,1781.6171875,1785.578125
EEGF3,1788.3203125,1789.84375
EEGF3,1790.859375,1792.078125
EEGF3,1793.5,1794.921875
EEGF3,1798.0703125,1798.78125
EEGF3,1800.1015625,1802.3359375
EEGF3,1808.8359375,1812.59375
EEGF3,1822.4453125,1823.96875
EEGF3,1827.015625,1828.1328125
EEGF3,1830.671875,1834.4296875
EEGF3,1845.3984375,1846.109375
EEGF3,1847.4296875,1848.75
EEGF3,1852.203125,1853.625
EEGF3,1857.078125,1858.8046875
EEGF3,1868.65625,1870.6875
EEGF3,1872.0078125,1873.6328125
EEGF3,1874.546875,1875.15625
EEGF3,1881.5546875,1883.3828125
EEGF3,1889.8828125,1891.203125
EEGF3,1892.421875,1893.1328125
EEGF3,1898.921875,1901.15625
EEGF3,1914.359375,1915.171875
EEGF3,1925.2265625,1925.9375
EEGF3,1942.0859375,1942.8984375
EEGF3,1957.828125,1958.640625
EEGF3,1969.203125,1970.421875
EEGF3,1975.5,1976.2109375
EEGF3,2006.8828125,2007.6953125
EEGF3,2025.265625,2025.9765625
EEGF3,2132.8203125,2133.53125
EEGF3,2148.4609375,2149.171875
EEGF3,2173.75,2174.4609375
EEGF3,2191.9296875,2192.5390625
EEGF3,2230.625,2231.234375
EEGF3,2235.09375,2236.3125
EEGF3,2311.9765625,2312.5859375
EEGF3,2336.65625,2337.46875
EEGF3,2399.625,2400.234375
EEGF3,2575.4296875,2576.0390625
EEGF3,2698.625,2699.3359375
EEGF3,2717.921875,2720.2578125
EEGF3,2760.984375,2761.59375
EEGF3,2773.4765625,2774.0859375
EEGF3,2883.265625,2883.875
EEGF3,2963.6015625,2964.6171875
EEGF3,2967.15625,2967.765625
EEGF3,2969.390625,2970.7109375
EEGF3,3034.390625,3036.1171875
EEGF3,3042.4140625,3043.125
EEGF3,3046.8828125,3047.4921875
EEGF3,3066.078125,3066.9921875
EEGF3,3121.328125,3122.0390625
EEGF3,3132.5,3133.2109375
EEGF3,3144.28125,3145.296875
EEGF3,3157.6875,3158.296875
EEGF3,3210.703125,3211.4140625
EEGF3,3703.890625,3704.5
EEGF3,4163.0546875,4163.765625
EEGFz,22.3515625,23.9765625
EEGFz,35.25,36.1640625
EEGFz,41.953125,42.765625
EEGFz,69.578125,70.1875
EEGFz,75.265625,75.9765625
EEGFz,114.0625,114.671875
EEGFz,138.03125,138.7421875
EEGFz,143.515625,144.125
EEGFz,162.8125,163.421875
EEGFz,292,292.609375
EEGFz,360.859375,361.7734375
EEGFz,646.1484375,647.0625
EEGFz,708.9140625,709.625
EEGFz,846.0234375,847.2421875
EEGFz,860.2421875,860.8515625
EEGFz,1300.0078125,1300.6171875
EEGFz,1394.8671875,1395.4765625
EEGFz,1420.15625,1422.2890625
EEGFz,1424.828125,1425.4375
EEGFz,1436.609375,1437.3203125
EEGFz,1438.5390625,1439.65625
EEGFz,1442.1953125,1442.90625
EEGFz,1448.796875,1451.5390625
EEGFz,1453.9765625,1454.5859375
EEGFz,1460.6796875,1463.1171875
EEGFz,1469.6171875,1470.2265625
EEGFz,1472.8671875,1475.40625
EEGFz,1476.5234375,1477.1328125
EEGFz,1478.046875,1478.65625
EEGFz,1479.875,1481.09375
EEGFz,1484.0390625,1490.03125
EEGFz,1495.2109375,1495.921875
EEGFz,1510.0390625,1510.75
EEGFz,1513.6953125,1515.015625
EEGFz,1515.9296875,1516.7421875
EEGFz,1526.0859375,1527.203125
EEGFz,1531.875,1532.5859375
EEGFz,1534.921875,1536.953125
EEGFz,1537.8671875,1538.578125
EEGFz,1539.8984375,1542.4375
EEGFz,1546.1953125,1547.4140625
EEGFz,1548.9375,1549.953125
EEGFz,1553.3046875,1554.21875
EEGFz,1560.0078125,1560.8203125
EEGFz,1566.1015625,1567.015625
EEGFz,1594.9453125,1595.65625
EEGFz,1599.0078125,1599.71875
EEGFz,1606.1171875,1608.7578125
EEGFz,1611.1953125,1614.4453125
EEGFz,1615.4609375,1616.0703125
EEGFz,1618.7109375,1619.625
EEGFz,1624.296875,1624.90625
EEGFz,1645.828125,1646.5390625
EEGFz,1649.9921875,1650.6015625
EEGFz,1688.7890625,1689.5
EEGFz,1690.4140625,1692.8515625
EEGFz,1699.1484375,1699.7578125
EEGFz,1704.6328125,1706.96875
EEGFz,1708.1875,1708.796875
EEGFz,1713.3671875,1714.28125
EEGFz,1715.3984375,1716.2109375
EEGFz,1730.6328125,1731.2421875
EEGFz,1732.4609375,1733.171875
EEGFz,1734.8984375,1737.03125
EEGFz,1746.6796875,1747.390625
EEGFz,1755.3125,1755.921875
EEGFz,1772.984375,1774.1015625
EEGFz,1777.25,1777.859375
EEGFz,1781.6171875,1782.6328125
EEGFz,1788.21875,1789.03125
EEGFz,1790.046875,1791.1640625
EEGFz,1794.3125,1794.921875
EEGFz,1798.0703125,1798.6796875
EEGFz,1800,1802.234375
EEGFz,1810.8671875,1812.59375
EEGFz,1822.4453125,1823.15625
EEGFz,1830.7734375,1833.515625
EEGFz,1852.1015625,1852.7109375
EEGFz,1857.7890625,1858.703125
EEGFz,1872.0078125,1873.9375
EEGFz,1887.0390625,1887.6484375
EEGFz,1889.4765625,1891.3046875
EEGFz,1898.8203125,1899.4296875
EEGFz,1942.1875,1942.796875
EEGFz,1957.7265625,1958.5390625
EEGFz,1969.1015625,1970.421875
EEGFz,1975.8046875,1976.4140625
EEGFz,2132.8203125,2133.4296875
EEGFz,2234.5859375,2235.5
EEGFz,2493.0625,2493.671875
EEGFz,2499.8671875,2500.578125
EEGFz,2717.71875,2720.15625
EEGFz,2760.984375,2761.59375
EEGFz,2782.6171875,2783.2265625
EEGFz,2963.6015625,2964.6171875
EEGFz,2967.15625,2967.765625
EEGFz,3034.59375,3036.21875
EEGFz,3069.0234375,3070.34375
EEGFz,3121.2265625,3122.0390625
EEGFz,3123.5625,3124.171875
EEGFz,3157.6875,3158.3984375
EEGFz,4155.84375,4156.5546875
EEGFz,4162.8515625,4163.6640625
EEGF4,22.3515625,24.078125
EEGF4,32.3046875,33.3203125
EEGF4,35.3515625,36.5703125
EEGF4,41.6484375,43.375
EEGF4,45.9140625,47.03125
EEGF4,48.25,48.859375
EEGF4,56.0703125,56.6796875
EEGF4,59.9296875,60.7421875
EEGF4,67.546875,72.7265625
EEGF4,75.0625,75.9765625
EEGF4,77.1953125,78.0078125
EEGF4,80.2421875,81.5625
EEGF4,110.40625,111.3203125
EEGF4,114.1640625,114.7734375
EEGF4,118.8359375,119.4453125
EEGF4,127.0625,130.0078125
EEGF4,138.03125,138.84375
EEGF4,143.6171875,144.6328125
EEGF4,146.6640625,147.8828125
EEGF4,151.5390625,152.3515625
EEGF4,154.484375,158.6484375
EEGF4,162.7109375,165.3515625
EEGF4,171.0390625,171.75
EEGF4,176.1171875,177.3359375
EEGF4,192.1640625,192.9765625
EEGF4,198.359375,200.390625
EEGF4,205.0625,205.671875
EEGF4,210.75,211.5625
EEGF4,228.21875,229.234375
EEGF4,231.46875,233.296875
EEGF4,243.046875,244.3671875
EEGF4,259.6015625,261.53125
EEGF4,269.7578125,270.5703125
EEGF4,277.6796875,278.4921875
EEGF4,281.84375,284.7890625
EEGF4,287.9375,290.78125
EEGF4,291.8984375,294.1328125
EEGF4,295.1484375,297.3828125
EEGF4,298.296875,299.109375
EEGF4,301.8515625,302.6640625
EEGF4,323.6875,325.71875
EEGF4,354.15625,354.8671875
EEGF4,360.7578125,362.28125
EEGF4,386.3515625,386.9609375
EEGF4,390.8203125,391.53125
EEGF4,394.2734375,395.390625
EEGF4,401.5859375,402.1953125
EEGF4,408.1875,408.796875
EEGF4,417.734375,418.34375
EEGF4,420.2734375,422
EEGF4,494.2109375,495.0234375
EEGF4,507.515625,508.125
EEGF4,509.2421875,509.8515625
EEGF4,511.0703125,512.796875
EEGF4,558.703125,561.2421875
EEGF4,573.9375,575.15625
EEGF4,621.3671875,622.9921875
EEGF4,628.2734375,629.0859375
EEGF4,634.0625,636.90625
EEGF4,640.359375,641.78125
EEGF4,644.1171875,644.828125
EEGF4,646.1484375,647.3671875
EEGF4,648.5859375,649.3984375
EEGF4,684.4375,685.1484375
EEGF4,696.015625,696.625
EEGF4,700.1796875,701.09375
EEGF4,703.8359375,704.6484375
EEGF4,708.40625,709.828125
EEGF4,722.015625,723.03125
EEGF4,724.65625,725.46875
EEGF4,726.890625,728.109375
EEGF4,729.53125,730.2421875
EEGF4,733.796875,734.5078125
EEGF4,739.484375,740.09375
EEGF4,744.0546875,744.6640625
EEGF4,747.3046875,747.9140625
EEGF4,749.1328125,750.3515625
EEGF4,751.9765625,754.0078125
EEGF4,776.046875,776.7578125
EEGF4,794.9375,796.2578125
EEGF4,798.59375,799.609375
EEGF4,800.828125,801.9453125
EEGF4,812.8125,813.421875
EEGF4,814.84375,817.1796875
EEGF4,820.4296875,821.140625
EEGF4,822.4609375,826.21875
EEGF4,838.5078125,839.5234375
EEGF4,841.3515625,847.34375
EEGF4,857.1953125,858.3125
EEGF4,859.328125,862.78125
EEGF4,867.1484375,867.859375
EEGF4,869.6875,871.0078125
EEGF4,876.8984375,879.4375
EEGF4,883.90625,886.6484375
EEGF4,905.3359375,908.28125
EEGF4,911.6328125,912.2421875
EEGF4,915.59375,916.40625
EEGF4,922.6015625,924.6328125
EEGF4,937.2265625,938.2421875
EEGF4,952.96875,954.0859375
EEGF4,957.640625,958.453125
EEGF4,962.0078125,962.921875
EEGF4,1177.015625,1177.7265625
EEGF4,1187.78125,1188.390625
EEGF4,1273.296875,1274.2109375
EEGF4,1316.6640625,1317.375
EEGF4,1341.8515625,1342.765625
EEGF4,1345.40625,1346.3203125
EEGF4,1351.5,1353.2265625
EEGF4,1355.0546875,1355.6640625
EEGF4,1356.8828125,1360.3359375
EEGF4,1363.5859375,1364.296875
EEGF4,1381.4609375,1382.0703125
EEGF4,1388.9765625,1389.5859375
EEGF4,1394.765625,1396.4921875
EEGF4,1412.1328125,1413.1484375
EEGF4,1420.5625,1422.4921875
EEGF4,1424.7265625,1426.7578125
EEGF4,1430.8203125,1431.53125
EEGF4,1434.6796875,1435.6953125
EEGF4,1436.7109375,1437.3203125
EEGF4,1438.4375,1439.65625
EEGF4,1440.671875,1443.4140625
EEGF4,1450.3203125,1451.5390625
EEGF4,1457.53125,1458.140625
EEGF4,1460.578125,1463.21875
EEGF4,1469.515625,1470.2265625
EEGF4,1472.765625,1477.1328125
EEGF4,1478.046875,1486.2734375
EEGF4,1488.1015625,1489.9296875
EEGF4,1493.3828125,1493.9921875
EEGF4,1495.0078125,1495.921875
EEGF4,1510.0390625,1510.6484375
EEGF4,1511.6640625,1515.015625
EEGF4,1516.234375,1516.84375
EEGF4,1525.984375,1526.8984375
EEGF4,1528.7265625,1530.046875
EEGF4,1531.671875,1533.296875
EEGF4,1534.921875,1535.9375
EEGF4,1537.8671875,1543.1484375
EEGF4,1546.296875,1547.515625
EEGF4,1548.734375,1549.953125
EEGF4,1553.40625,1554.3203125
EEGF4,1560.109375,1560.71875
EEGF4,1565.2890625,1566.8125
EEGF4,1569.1484375,1569.859375
EEGF4,1571.28125,1571.890625
EEGF4,1580.21875,1581.1328125
EEGF4,1584.3828125,1585.703125
EEGF4,1586.71875,1587.328125
EEGF4,1606.21875,1609.1640625
EEGF4,1611.1953125,1612.6171875
EEGF4,1613.6328125,1614.546875
EEGF4,1618.7109375,1619.828125
EEGF4,1622.7734375,1625.109375
EEGF4,1633.9453125,1634.65625
EEGF4,1645.828125,1646.7421875
EEGF4,1649.1796875,1649.7890625
EEGF4,1661.5703125,1662.28125
EEGF4,1678.53125,1679.34375
EEGF4,1681.0703125,1681.6796875
EEGF4,1682.6953125,1683.7109375
EEGF4,1684.625,1685.9453125
EEGF4,1688.6875,1689.5
EEGF4,1690.4140625,1692.8515625
EEGF4,1699.1484375,1699.859375
EEGF4,1705.8515625,1709.8125
EEGF4,1712.3515625,1716.3125
EEGF4,1719.2578125,1722.8125
EEGF4,1730.6328125,1731.2421875
EEGF4,1732.5625,1733.171875
EEGF4,1734.796875,1737.3359375
EEGF4,1744.140625,1744.953125
EEGF4,1753.5859375,1754.296875
EEGF4,1759.984375,1760.796875
EEGF4,1772.78125,1775.1171875
EEGF4,1777.046875,1779.890625
EEGF4,1781.4140625,1783.8515625
EEGF4,1790.046875,1791.1640625
EEGF4,1792.6875,1793.296875
EEGF4,1798.0703125,1798.6796875
EEGF4,1799.796875,1802.3359375
EEGF4,1827.1171875,1827.828125
EEGF4,1830.5703125,1834.4296875
EEGF4,1842.9609375,1843.7734375
EEGF4,1845.1953125,1846.2109375
EEGF4,1851.0859375,1852.7109375
EEGF4,1855.453125,1858.90625
EEGF4,1861.953125,1862.5625
EEGF4,1866.015625,1867.3359375
EEGF4,1872.0078125,1873.9375
EEGF4,1880.7421875,1881.3515625
EEGF4,1884.703125,1885.4140625
EEGF4,1889.6796875,1890.796875
EEGF4,1892.625,1893.3359375
EEGF4,1900.4453125,1901.2578125
EEGF4,1912.8359375,1913.546875
EEGF4,1914.4609375,1915.2734375
EEGF4,1942.1875,1942.8984375
EEGF4,1946.1484375,1947.0625
EEGF4,1957.7265625,1958.640625
EEGF4,1975.296875,1976.515625
EEGF4,2025.265625,2025.9765625
EEGF4,2081.0234375,2081.6328125
EEGF4,2099.609375,2100.5234375
EEGF4,2132.921875,2133.6328125
EEGF4,2192.03125,2192.640625
EEGF4,2234.5859375,2235.5
EEGF4,2423.6953125,2424.9140625
EEGF4,2491.640625,2492.25
EEGF4,2575.6328125,2576.34375
EEGF4,2658.9140625,2659.5234375
EEGF4,2717.2109375,2719.953125
EEGF4,2721.6796875,2722.2890625
EEGF4,2725.7421875,2726.5546875
EEGF4,2761.0859375,2762.203125
EEGF4,2963.6015625,2964.515625
EEGF4,2967.0546875,2967.765625
EEGF4,2969.6953125,2970.3046875
EEGF4,3027.484375,3028.1953125
EEGF4,3034.59375,3035.203125
EEGF4,3063.9453125,3065.265625
EEGF4,3066.28125,3066.9921875
EEGF4,3069.125,3070.34375
EEGF4,3074.7109375,3075.3203125
EEGF4,3115.234375,3115.84375
EEGF4,3121.2265625,3122.0390625
EEGF4,3123.6640625,3124.2734375
EEGF4,3132.5,3133.3125
EEGF4,3157.7890625,3158.3984375
EEGF4,3211.6171875,3212.2265625
EEGF8,22.25,23.265625
EEGF8,32.3046875,33.3203125
EEGF8,35.453125,36.0625
EEGF8,41.8515625,43.375
EEGF8,45.9140625,47.03125
EEGF8,54.4453125,55.359375
EEGF8,67.546875,71.9140625
EEGF8,74.859375,75.9765625
EEGF8,78.109375,79.2265625
EEGF8,127.0625,127.671875
EEGF8,137.9296875,138.84375
EEGF8,146.5625,147.171875
EEGF8,151.640625,152.25
EEGF8,156.4140625,157.0234375
EEGF8,162.8125,163.5234375
EEGF8,166.875,167.890625
EEGF8,171.140625,171.75
EEGF8,176.3203125,177.3359375
EEGF8,192.265625,192.875
EEGF8,198.359375,199.171875
EEGF8,200.796875,201.40625
EEGF8,227.9140625,228.7265625
EEGF8,282.859375,284.5859375
EEGF8,288.140625,290.578125
EEGF8,291.796875,294.234375
EEGF8,297.890625,299.0078125
EEGF8,319.5234375,320.1328125
EEGF8,323.6875,324.8046875
EEGF8,354.15625,354.765625
EEGF8,360.9609375,361.7734375
EEGF8,384.5234375,385.3359375
EEGF8,386.25,387.1640625
EEGF8,390.4140625,391.6328125
EEGF8,394.171875,395.4921875
EEGF8,401.3828125,403.515625
EEGF8,409.203125,410.1171875
EEGF8,411.4375,412.453125
EEGF8,417.734375,418.546875
EEGF8,420.2734375,422.1015625
EEGF8,511.0703125,512.796875
EEGF8,524.984375,526.609375
EEGF8,533.8203125,534.4296875
EEGF8,550.6796875,552.609375
EEGF8,558.703125,561.2421875
EEGF8,575.2578125,575.8671875
EEGF8,628.375,628.984375
EEGF8,634.0625,636.8046875
EEGF8,640.4609375,641.78125
EEGF8,644.21875,644.828125
EEGF8,646.046875,649.296875
EEGF8,653.15625,655.390625
EEGF8,708.8125,709.5234375
EEGF8,722.015625,722.9296875
EEGF8,724.7578125,725.46875
EEGF8,727.09375,728.109375
EEGF8,741.6171875,742.2265625
EEGF8,745.2734375,746.0859375
EEGF8,747.3046875,747.9140625
EEGF8,749.4375,750.25
EEGF8,752.6875,754.0078125
EEGF8,784.8828125,785.8984375
EEGF8,795.140625,796.15625
EEGF8,798.4921875,799.7109375
EEGF8,807.6328125,808.2421875
EEGF8,814.9453125,816.1640625
EEGF8,818.90625,819.71875
EEGF8,822.4609375,823.171875
EEGF8,824.2890625,824.8984375
EEGF8,838.5078125,840.234375
EEGF8,841.3515625,841.9609375
EEGF8,843.890625,847.4453125
EEGF8,857.296875,858.2109375
EEGF8,864.9140625,865.5234375
EEGF8,869.6875,870.296875
EEGF8,877.203125,879.3359375
EEGF8,885.9375,886.6484375
EEGF8,906.1484375,907.3671875
EEGF8,915.59375,916.7109375
EEGF8,937.2265625,937.8359375
EEGF8,957.234375,957.9453125
EEGF8,962.3125,963.0234375
EEGF8,990.0390625,990.6484375
EEGF8,1177.015625,1177.625
EEGF8,1340.9375,1341.6484375
EEGF8,1345.203125,1346.3203125
EEGF8,1352.6171875,1353.2265625
EEGF8,1357.0859375,1360.4375
EEGF8,1367.6484375,1368.6640625
EEGF8,1394.765625,1396.4921875
EEGF8,1412.640625,1413.3515625
EEGF8,1416.90625,1417.515625
EEGF8,1418.734375,1419.4453125
EEGF8,1420.765625,1422.2890625
EEGF8,1427.0625,1427.875
EEGF8,1428.890625,1429.90625
EEGF8,1436.8125,1437.5234375
EEGF8,1438.5390625,1439.5546875
EEGF8,1440.671875,1441.28125
EEGF8,1442.1953125,1444.734375
EEGF8,1450.3203125,1451.3359375
EEGF8,1452.3515625,1452.9609375
EEGF8,1457.328125,1458.2421875
EEGF8,1461.0859375,1463.3203125
EEGF8,1469.515625,1470.2265625
EEGF8,1472.6640625,1477.1328125
EEGF8,1478.046875,1478.65625
EEGF8,1479.9765625,1481.8046875
EEGF8,1484.34375,1486.375
EEGF8,1488.3046875,1490.03125
EEGF8,1495.0078125,1495.71875
EEGF8,1511.8671875,1512.4765625
EEGF8,1513.59375,1515.015625
EEGF8,1521.515625,1522.125
EEGF8,1525.984375,1526.796875
EEGF8,1528.7265625,1530.1484375
EEGF8,1534.921875,1535.9375
EEGF8,1537.96875,1540.5078125
EEGF8,1541.421875,1543.1484375
EEGF8,1545.3828125,1547.4140625
EEGF8,1548.734375,1549.953125
EEGF8,1553.40625,1554.7265625
EEGF8,1584.28125,1585.703125
EEGF8,1586.6171875,1587.2265625
EEGF8,1598.90625,1599.6171875
EEGF8,1605,1609.1640625
EEGF8,1610.9921875,1612.3125
EEGF8,1613.6328125,1614.75
EEGF8,1617.6953125,1619.7265625
EEGF8,1624.1953125,1625.109375
EEGF8,1640.953125,1641.5625
EEGF8,1645.7265625,1646.5390625
EEGF8,1659.4375,1660.1484375
EEGF8,1661.46875,1662.078125
EEGF8,1671.9296875,1672.5390625
EEGF8,1674.265625,1675.28125
EEGF8,1680.96875,1681.578125
EEGF8,1685.03125,1686.046875
EEGF8,1688.6875,1689.3984375
EEGF8,1690.4140625,1692.953125
EEGF8,1699.046875,1699.859375
EEGF8,1705.8515625,1709.8125
EEGF8,1713.265625,1716.3125
EEGF8,1718.75,1722.7109375
EEGF8,1734.796875,1736.5234375
EEGF8,1749.015625,1749.625
EEGF8,1760.0859375,1760.6953125
EEGF8,1772.8828125,1774.3046875
EEGF8,1777.3515625,1778.1640625
EEGF8,1779.28125,1779.890625
EEGF8,1781.3125,1785.0703125
EEGF8,1786.2890625,1787.1015625
EEGF8,1788.625,1791.265625
EEGF8,1798.0703125,1798.6796875
EEGF8,1799.796875,1802.3359375
EEGF8,1822.546875,1823.15625
EEGF8,1826.8125,1827.828125
EEGF8,1830.46875,1832.8046875
EEGF8,1856.671875,1857.28125
EEGF8,1872.0078125,1873.2265625
EEGF8,1878.8125,1879.421875
EEGF8,1890.0859375,1891.203125
EEGF8,1898.8203125,1899.53125
EEGF8,1900.4453125,1901.2578125
EEGF8,1914.4609375,1915.171875
EEGF8,1921.46875,1922.078125
EEGF8,1957.9296875,1958.5390625
EEGF8,2166.234375,2166.9453125
EEGF8,2192.234375,2192.84375
EEGF8,2230.625,2231.4375
EEGF8,2234.5859375,2235.6015625
EEGF8,2239.359375,2239.96875
EEGF8,2402.5703125,2403.1796875
EEGF8,2575.734375,2576.34375
EEGF8,2703.09375,2703.90625
EEGF8,2719.0390625,2719.8515625
EEGF8,2760.984375,2763.7265625
EEGF8,2963.1953125,2964.8203125
EEGF8,2967.0546875,2967.765625
EEGF8,2969.59375,2970.203125
EEGF8,2975.3828125,2976.1953125
EEGF8,2989.90625,2990.515625
EEGF8,3024.9453125,3025.5546875
EEGF8,3034.59375,3035.203125
EEGF8,3052.671875,3053.6875
EEGF8,3060.796875,3061.40625
EEGF8,3063.9453125,3065.265625
EEGF8,3066.28125,3066.9921875
EEGF8,3069.0234375,3070.2421875
EEGF8,3121.328125,3122.0390625
EEGF8,3132.3984375,3133.4140625
EEGF8,3144.28125,3145.296875
EEGF8,3214.96875,3215.578125
EEGF8,3703.890625,3704.5
EEGT3,15.546875,16.15625
EEGT3,22.25,24.078125
EEGT3,33.015625,33.7265625
EEGT3,35.3515625,36.0625
EEGT3,42.0546875,44.796875
EEGT3,45.8125,47.1328125
EEGT3,50.1796875,53.734375
EEGT3,67.546875,76.7890625
EEGT3,80.2421875,81.0546875
EEGT3,92.6328125,93.34375
EEGT3,100.453125,101.265625
EEGT3,102.484375,103.1953125
EEGT3,106.546875,107.4609375
EEGT3,108.4765625,109.1875
EEGT3,111.3203125,112.3359375
EEGT3,113.859375,114.5703125
EEGT3,118.9375,120.8671875
EEGT3,122.2890625,123
EEGT3,127.0625,129.703125
EEGT3,137.9296875,138.84375
EEGT3,143.4140625,144.6328125
EEGT3,146.359375,147.171875
EEGT3,151.84375,152.5546875
EEGT3,153.671875,158.546875
EEGT3,162.8125,173.8828125
EEGT3,175.40625,177.3359375
EEGT3,182.921875,183.734375
EEGT3,192.265625,192.9765625
EEGT3,196.2265625,196.8359375
EEGT3,198.765625,199.578125
EEGT3,200.6953125,201.3046875
EEGT3,204.9609375,205.671875
EEGT3,211.765625,212.6796875
EEGT3,219.5859375,220.3984375
EEGT3,225.578125,229.03125
EEGT3,231.46875,233.8046875
EEGT3,239.59375,240.40625
EEGT3,242.7421875,244.7734375
EEGT3,258.890625,260.3125
EEGT3,261.734375,262.75
EEGT3,263.6640625,264.2734375
EEGT3,269.7578125,270.46875
EEGT3,271.3828125,271.9921875
EEGT3,276.4609375,277.578125
EEGT3,279,279.7109375
EEGT3,282.65625,283.5703125
EEGT3,287.0234375,290.8828125
EEGT3,292,295.7578125
EEGT3,298.296875,299.0078125
EEGT3,325.109375,326.125
EEGT3,385.640625,386.9609375
EEGT3,390.109375,391.6328125
EEGT3,408.796875,409.609375
EEGT3,411.7421875,412.65625
EEGT3,416.109375,416.921875
EEGT3,417.9375,418.6484375
EEGT3,420.2734375,422.1015625
EEGT3,510.96875,512.796875
EEGT3,525.8984375,526.8125
EEGT3,533.8203125,534.53125
EEGT3,550.78125,551.390625
EEGT3,556.0625,556.671875
EEGT3,558.5,559.4140625
EEGT3,573.6328125,575.6640625
EEGT3,577.1875,577.796875
EEGT3,620.046875,620.859375
EEGT3,624.3125,625.2265625
EEGT3,628.2734375,628.984375
EEGT3,632.234375,633.046875
EEGT3,634.46875,636.6015625
EEGT3,640.5625,642.390625
EEGT3,646.1484375,648.890625
EEGT3,683.21875,686.1640625
EEGT3,690.6328125,691.6484375
EEGT3,695.8125,697.03125
EEGT3,701.703125,702.4140625
EEGT3,704.2421875,705.15625
EEGT3,708.9140625,710.7421875
EEGT3,722.3203125,723.234375
EEGT3,724.65625,725.5703125
EEGT3,727.296875,728.109375
EEGT3,729.6328125,731.0546875
EEGT3,733.2890625,735.7265625
EEGT3,738.875,740.09375
EEGT3,742.8359375,743.546875
EEGT3,744.96875,748.015625
EEGT3,749.1328125,750.453125
EEGT3,751.671875,753.1953125
EEGT3,755.53125,756.2421875
EEGT3,762.234375,763.7578125
EEGT3,764.9765625,765.5859375
EEGT3,767.71875,768.4296875
EEGT3,770.2578125,770.8671875
EEGT3,775.640625,777.7734375
EEGT3,783.765625,786.609375
EEGT3,794.53125,796.2578125
EEGT3,798.390625,799.3046875
EEGT3,801.3359375,802.1484375
EEGT3,809.5625,810.4765625
EEGT3,814.234375,817.9921875
EEGT3,819.109375,821.2421875
EEGT3,822.5625,825
EEGT3,831.1953125,833.0234375
EEGT3,837.4921875,839.5234375
EEGT3,841.25,845.0078125
EEGT3,846.0234375,847.34375
EEGT3,848.765625,850.6953125
EEGT3,851.9140625,852.5234375
EEGT3,859.328125,860.8515625
EEGT3,861.96875,863.59375
EEGT3,864.9140625,865.7265625
EEGT3,869.7890625,871.109375
EEGT3,877.3046875,879.7421875
EEGT3,884.8203125,885.9375
EEGT3,886.953125,887.5625
EEGT3,890.8125,891.625
EEGT3,894.46875,897.2109375
EEGT3,899.6484375,900.4609375
EEGT3,901.984375,904.3203125
EEGT3,905.84375,908.078125
EEGT3,912.953125,913.6640625
EEGT3,915.6953125,916.5078125
EEGT3,922.1953125,923.3125
EEGT3,933.1640625,934.1796875
EEGT3,935.703125,938.546875
EEGT3,941.8984375,942.609375
EEGT3,952.96875,954.2890625
EEGT3,955.5078125,958.25
EEGT3,961.296875,963.125
EEGT3,967.796875,968.40625
EEGT3,969.421875,970.4375
EEGT3,1040.4140625,1041.0234375
EEGT3,1255.625,1256.234375
EEGT3,1273.1953125,1273.90625
EEGT3,1307.21875,1307.9296875
EEGT3,1314.734375,1315.4453125
EEGT3,1316.765625,1317.6796875
EEGT3,1326.109375,1326.8203125
EEGT3,1328.0390625,1328.953125
EEGT3,1340.328125,1341.2421875
EEGT3,1345.3046875,1346.3203125
EEGT3,1349.1640625,1349.9765625
EEGT3,1351.5,1355.765625
EEGT3,1357.0859375,1360.4375
EEGT3,1367.75,1368.359375
EEGT3,1388.9765625,1389.890625
EEGT3,1394.15625,1395.78125
EEGT3,1399.1328125,1399.84375
EEGT3,1408.8828125,1409.4921875
EEGT3,1413.7578125,1414.46875
EEGT3,1416.90625,1423.7109375
EEGT3,1424.7265625,1425.5390625
EEGT3,1427.3671875,1428.078125
EEGT3,1428.9921875,1431.734375
EEGT3,1434.2734375,1435.6953125
EEGT3,1438.5390625,1443.0078125
EEGT3,1444.125,1447.78125
EEGT3,1448.796875,1452.9609375
EEGT3,1457.4296875,1458.2421875
EEGT3,1460.578125,1463.21875
EEGT3,1467.7890625,1468.6015625
EEGT3,1469.515625,1470.53125
EEGT3,1472.765625,1479.1640625
EEGT3,1480.1796875,1482.6171875
EEGT3,1484.2421875,1491.7578125
EEGT3,1495.0078125,1495.921875
EEGT3,1499.4765625,1500.0859375
EEGT3,1506.078125,1506.6875
EEGT3,1509.734375,1510.4453125
EEGT3,1513.0859375,1515.015625
EEGT3,1516.03125,1516.640625
EEGT3,1517.9609375,1518.5703125
EEGT3,1519.6875,1520.3984375
EEGT3,1521.71875,1523.2421875
EEGT3,1528.7265625,1530.046875
EEGT3,1531.5703125,1547.3125
EEGT3,1548.734375,1550.6640625
EEGT3,1553.7109375,1554.828125
EEGT3,1566.1015625,1566.9140625
EEGT3,1571.5859375,1572.90625
EEGT3,1575.546875,1576.2578125
EEGT3,1579.9140625,1580.625
EEGT3,1584.3828125,1584.9921875
EEGT3,1586.6171875,1587.2265625
EEGT3,1592.203125,1592.8125
EEGT3,1594.9453125,1596.0625
EEGT3,1598.8046875,1599.6171875
EEGT3,1604.0859375,1609.0625
EEGT3,1610.9921875,1612.515625
EEGT3,1613.734375,1614.546875
EEGT3,1615.4609375,1619.828125
EEGT3,1624.296875,1625.3125
EEGT3,1626.6328125,1628.2578125
EEGT3,1631.3046875,1632.5234375
EEGT3,1633.84375,1634.65625
EEGT3,1641.0546875,1641.765625
EEGT3,1645.7265625,1647.5546875
EEGT3,1651.109375,1652.0234375
EEGT3,1661.1640625,1662.078125
EEGT3,1674.1640625,1675.3828125
EEGT3,1684.7265625,1685.5390625
EEGT3,1687.875,1689.296875
EEGT3,1690.4140625,1694.375
EEGT3,1697.625,1701.078125
EEGT3,1703.0078125,1703.6171875
EEGT3,1705.140625,1710.5234375
EEGT3,1713.46875,1714.484375
EEGT3,1715.5,1716.2109375
EEGT3,1718.75,1722.9140625
EEGT3,1724.4375,1725.3515625
EEGT3,1730.6328125,1733.578125
EEGT3,1734.8984375,1736.1171875
EEGT3,1751.65625,1752.265625
EEGT3,1756.125,1758.765625
EEGT3,1760.0859375,1760.6953125
EEGT3,1772.8828125,1775.5234375
EEGT3,1777.25,1779.890625
EEGT3,1782.125,1784.5625
EEGT3,1786.6953125,1787.3046875
EEGT3,1788.21875,1792.1796875
EEGT3,1793.3984375,1794.109375
EEGT3,1797.15625,1798.6796875
EEGT3,1799.6953125,1802.234375
EEGT3,1809.546875,1810.5625
EEGT3,1811.8828125,1812.8984375
EEGT3,1822.4453125,1823.96875
EEGT3,1827.421875,1828.1328125
EEGT3,1831.1796875,1834.53125
EEGT3,1835.546875,1836.6640625
EEGT3,1840.3203125,1840.9296875
EEGT3,1843.0625,1847.4296875
EEGT3,1849.96875,1850.984375
EEGT3,1852.203125,1853.5234375
EEGT3,1856.46875,1858.8046875
EEGT3,1861.4453125,1862.0546875
EEGT3,1863.6796875,1864.390625
EEGT3,1866.1171875,1868.1484375
EEGT3,1871.703125,1873.6328125
EEGT3,1878.3046875,1882.7734375
EEGT3,1889.4765625,1891.3046875
EEGT3,1892.421875,1893.640625
EEGT3,1895.0625,1895.7734375
EEGT3,1898.2109375,1902.78125
EEGT3,1914.2578125,1915.2734375
EEGT3,1924.515625,1925.125
EEGT3,1942.1875,1943.1015625
EEGT3,1957.7265625,1960.875
EEGT3,1969.203125,1970.421875
EEGT3,1975.3984375,1976.109375
EEGT3,2070.5625,2071.375
EEGT3,2087.5234375,2088.3359375
EEGT3,2099.7109375,2100.7265625
EEGT3,2132.6171875,2133.8359375
EEGT3,2149.578125,2150.1875
EEGT3,2151.9140625,2152.625
EEGT3,2165.421875,2166.03125
EEGT3,2186.4453125,2187.0546875
EEGT3,2192.234375,2193.046875
EEGT3,2227.78125,2228.59375
EEGT3,2237.2265625,2237.8359375
EEGT3,2279.578125,2280.1875
EEGT3,2492.5546875,2493.5703125
EEGT3,2659.7265625,2660.3359375
EEGT3,2686.5390625,2687.1484375
EEGT3,2770.53125,2771.140625
EEGT3,2773.4765625,2774.0859375
EEGT3,2832.484375,2833.09375
EEGT3,2930.4921875,2931.1015625
EEGT3,2936.3828125,2938.2109375
EEGT3,2963.09375,2964.71875
EEGT3,2967.0546875,2967.765625
EEGT3,3034.4921875,3035.203125
EEGT3,3040.484375,3041.09375
EEGT3,3052.46875,3054.09375
EEGT3,3056.9375,3057.546875
EEGT3,3060.796875,3061.40625
EEGT3,3063.9453125,3064.5546875
EEGT3,3067.703125,3070.140625
EEGT3,3114.9296875,3115.7421875
EEGT3,3121.328125,3122.0390625
EEGT3,3123.359375,3124.0703125
EEGT3,3132.6015625,3133.8203125
EEGT3,3144.1796875,3145.296875
EEGT3,3156.875,3157.6875
EEGT3,3192.21875,3192.828125
EEGT3,4049,4049.9140625
EEGT3,4053.1640625,4053.9765625
EEGT3,4055.6015625,4056.4140625
EEGC3,15.546875,16.15625
EEGC3,22.25,25.296875
EEGC3,30.578125,31.390625
EEGC3,33.5234375,37.28125
EEGC3,41.953125,44.8984375
EEGC3,46.015625,46.9296875
EEGC3,51.703125,53.4296875
EEGC3,54.4453125,56.6796875
EEGC3,71.7109375,76.484375
EEGC3,77.6015625,78.8203125
EEGC3,79.8359375,81.765625
EEGC3,102.078125,103.09375
EEGC3,106.4453125,107.5625
EEGC3,110.1015625,110.8125
EEGC3,113.5546875,114.671875
EEGC3,118.9375,120.4609375
EEGC3,122.2890625,123.5078125
EEGC3,127.3671875,129.6015625
EEGC3,131.734375,132.34375
EEGC3,137.9296875,139.1484375
EEGC3,143.3125,144.6328125
EEGC3,147.2734375,148.0859375
EEGC3,151.84375,152.65625
EEGC3,154.484375,158.75
EEGC3,162.609375,166.3671875
EEGC3,167.7890625,169.515625
EEGC3,170.9375,173.6796875
EEGC3,176.21875,177.3359375
EEGC3,192.1640625,197.0390625
EEGC3,198.6640625,199.578125
EEGC3,208.921875,209.53125
EEGC3,211.0546875,212.78125
EEGC3,219.7890625,220.3984375
EEGC3,224.96875,228.9296875
EEGC3,231.46875,235.125
EEGC3,236.0390625,236.6484375
EEGC3,239.59375,240.5078125
EEGC3,243.859375,244.46875
EEGC3,259.09375,259.703125
EEGC3,260.921875,261.6328125
EEGC3,265.0859375,265.6953125
EEGC3,269.7578125,270.46875
EEGC3,271.3828125,271.9921875
EEGC3,283.9765625,284.5859375
EEGC3,288.34375,290.8828125
EEGC3,292.1015625,294.234375
EEGC3,295.25,295.859375
EEGC3,297.7890625,299.0078125
EEGC3,311.1953125,311.90625
EEGC3,319.421875,320.03125
EEGC3,323.6875,325.71875
EEGC3,327.953125,330.1875
EEGC3,354.15625,354.8671875
EEGC3,361.1640625,361.875
EEGC3,363.3984375,364.109375
EEGC3,376.296875,376.90625
EEGC3,385.5390625,387.0625
EEGC3,391.125,391.734375
EEGC3,394.375,395.2890625
EEGC3,401.5859375,402.1953125
EEGC3,408.6953125,409.7109375
EEGC3,411.640625,412.5546875
EEGC3,416.0078125,416.8203125
EEGC3,452.9765625,453.5859375
EEGC3,511.6796875,514.015625
EEGC3,533.921875,534.53125
EEGC3,546.8203125,547.6328125
EEGC3,550.8828125,552.3046875
EEGC3,554.234375,554.9453125
EEGC3,558.3984375,561.140625
EEGC3,574.4453125,575.8671875
EEGC3,608.1640625,609.078125
EEGC3,621.0625,621.9765625
EEGC3,624.2109375,625.2265625
EEGC3,628.375,628.984375
EEGC3,632.3359375,633.046875
EEGC3,634.0625,634.875
EEGC3,640.359375,642.2890625
EEGC3,646.046875,647.265625
EEGC3,649.09375,650.515625
EEGC3,654.984375,655.6953125
EEGC3,680.6796875,686.265625
EEGC3,687.890625,689.71875
EEGC3,691.953125,692.6640625
EEGC3,695.8125,698.453125
EEGC3,704.2421875,705.6640625
EEGC3,708.203125,710.5390625
EEGC3,722.1171875,723.03125
EEGC3,724.5546875,727.8046875
EEGC3,729.6328125,730.4453125
EEGC3,732.8828125,734.40625
EEGC3,737.7578125,739.9921875
EEGC3,745.0703125,746.2890625
EEGC3,747.203125,748.421875
EEGC3,749.4375,750.3515625
EEGC3,752.484375,753.8046875
EEGC3,766.90625,767.6171875
EEGC3,774.5234375,777.875
EEGC3,783.4609375,785.8984375
EEGC3,794.6328125,795.953125
EEGC3,798.390625,800.1171875
EEGC3,801.03125,801.9453125
EEGC3,808.546875,810.375
EEGC3,812.609375,813.21875
EEGC3,814.5390625,815.3515625
EEGC3,816.671875,817.890625
EEGC3,822.4609375,824.796875
EEGC3,832.3125,834.34375
EEGC3,837.4921875,839.5234375
EEGC3,841.25,847.34375
EEGC3,848.5625,854.046875
EEGC3,855.3671875,856.078125
EEGC3,857.3984375,858.4140625
EEGC3,859.328125,860.953125
EEGC3,861.96875,862.8828125
EEGC3,864.9140625,865.828125
EEGC3,869.5859375,871.515625
EEGC3,874.8671875,875.578125
EEGC3,877.3046875,879.5390625
EEGC3,884.71875,885.8359375
EEGC3,887.765625,891.9296875
EEGC3,894.671875,896.5
EEGC3,903.40625,908.28125
EEGC3,915.4921875,916.5078125
EEGC3,922.3984375,923.2109375
EEGC3,929.609375,930.421875
EEGC3,934.9921875,938.2421875
EEGC3,951.953125,954.2890625
EEGC3,956.015625,958.453125
EEGC3,961.3984375,962.3125
EEGC3,965.2578125,965.8671875
EEGC3,967.6953125,970.4375
EEGC3,1185.6484375,1186.2578125
EEGC3,1269.5390625,1270.25
EEGC3,1307.21875,1307.9296875
EEGC3,1311.484375,1312.09375
EEGC3,1315.140625,1317.78125
EEGC3,1320.5234375,1321.1328125
EEGC3,1326.2109375,1326.921875
EEGC3,1340.2265625,1342.765625
EEGC3,1345.3046875,1346.3203125
EEGC3,1348.9609375,1351.5
EEGC3,1355.0546875,1355.765625
EEGC3,1357.2890625,1360.3359375
EEGC3,1368.0546875,1368.96875
EEGC3,1378.921875,1381.15625
EEGC3,1388.875,1390.09375
EEGC3,1395.0703125,1396.4921875
EEGC3,1398.625,1399.4375
EEGC3,1411.9296875,1413.1484375
EEGC3,1415.1796875,1415.7890625
EEGC3,1417.0078125,1423.7109375
EEGC3,1424.828125,1425.5390625
EEGC3,1427.9765625,1433.4609375
EEGC3,1435.1875,1435.796875
EEGC3,1436.8125,1437.5234375
EEGC3,1438.640625,1439.3515625
EEGC3,1440.671875,1444.734375
EEGC3,1447.2734375,1449.5078125
EEGC3,1450.421875,1452.046875
EEGC3,1455.3984375,1458.140625
EEGC3,1459.359375,1463.3203125
EEGC3,1469.6171875,1470.2265625
EEGC3,1472.5625,1479.0625
EEGC3,1480.3828125,1485.0546875
EEGC3,1485.96875,1486.6796875
EEGC3,1487.796875,1489.9296875
EEGC3,1492.9765625,1493.890625
EEGC3,1495.0078125,1495.921875
EEGC3,1497.0390625,1497.6484375
EEGC3,1505.7734375,1506.3828125
EEGC3,1513.796875,1515.015625
EEGC3,1516.1328125,1516.7421875
EEGC3,1521.71875,1522.6328125
EEGC3,1526.0859375,1527.203125
EEGC3,1528.5234375,1530.1484375
EEGC3,1531.5703125,1532.484375
EEGC3,1534.921875,1535.9375
EEGC3,1537.96875,1544.46875
EEGC3,1545.3828125,1547.4140625
EEGC3,1549.0390625,1550.8671875
EEGC3,1563.8671875,1564.78125
EEGC3,1566,1567.1171875
EEGC3,1568.5390625,1569.453125
EEGC3,1586.71875,1587.328125
EEGC3,1592.9140625,1594.03125
EEGC3,1594.9453125,1597.28125
EEGC3,1599.0078125,1599.8203125
EEGC3,1601.546875,1602.765625
EEGC3,1604.0859375,1605.8125
EEGC3,1607.5390625,1609.1640625
EEGC3,1611.09375,1611.90625
EEGC3,1613.2265625,1614.140625
EEGC3,1615.359375,1616.171875
EEGC3,1617.4921875,1619.7265625
EEGC3,1622.7734375,1625.3125
EEGC3,1626.53125,1627.2421875
EEGC3,1631.3046875,1632.21875
EEGC3,1633.9453125,1634.65625
EEGC3,1640.4453125,1641.5625
EEGC3,1645.828125,1646.7421875
EEGC3,1649.9921875,1652.0234375
EEGC3,1663.1953125,1663.8046875
EEGC3,1664.71875,1665.4296875
EEGC3,1674.671875,1675.28125
EEGC3,1679.546875,1681.578125
EEGC3,1684.7265625,1685.84375
EEGC3,1690.2109375,1692.75
EEGC3,1694.8828125,1695.4921875
EEGC3,1699.1484375,1699.7578125
EEGC3,1705.140625,1707.0703125
EEGC3,1708.0859375,1709.9140625
EEGC3,1711.4375,1712.3515625
EEGC3,1713.46875,1716.2109375
EEGC3,1721.6953125,1722.9140625
EEGC3,1724.7421875,1725.453125
EEGC3,1729.2109375,1733.171875
EEGC3,1734.796875,1736.9296875
EEGC3,1755.2109375,1756.0234375
EEGC3,1757.953125,1760.6953125
EEGC3,1764.65625,1765.671875
EEGC3,1772.78125,1775.1171875
EEGC3,1776.9453125,1779.890625
EEGC3,1781.515625,1783.546875
EEGC3,1784.8671875,1785.6796875
EEGC3,1788.3203125,1791.7734375
EEGC3,1793.3984375,1794.8203125
EEGC3,1797.96875,1802.5390625
EEGC3,1808.6328125,1809.4453125
EEGC3,1811.171875,1813
EEGC3,1818.890625,1820.71875
EEGC3,1822.4453125,1823.2578125
EEGC3,1827.1171875,1828.234375
EEGC3,1830.671875,1834.6328125
EEGC3,1835.953125,1836.5625
EEGC3,1840.21875,1840.828125
EEGC3,1842.859375,1843.671875
EEGC3,1845.1953125,1846.109375
EEGC3,1847.4296875,1849.2578125
EEGC3,1852.1015625,1853.625
EEGC3,1857.890625,1858.703125
EEGC3,1863.578125,1865.203125
EEGC3,1866.9296875,1867.84375
EEGC3,1868.7578125,1869.7734375
EEGC3,1873.0234375,1873.6328125
EEGC3,1878.9140625,1882.7734375
EEGC3,1886.8359375,1887.8515625
EEGC3,1889.578125,1891.3046875
EEGC3,1892.5234375,1893.7421875
EEGC3,1896.6875,1897.3984375
EEGC3,1900.34375,1902.578125
EEGC3,1909.890625,1910.8046875
EEGC3,1914.359375,1915.171875
EEGC3,1942.0859375,1943
EEGC3,1946.65625,1947.46875
EEGC3,1957.9296875,1958.640625
EEGC3,1969.203125,1970.5234375
EEGC3,1974.3828125,1976.515625
EEGC3,2023.5390625,2024.1484375
EEGC3,2047.203125,2047.9140625
EEGC3,2087.5234375,2088.3359375
EEGC3,2101.3359375,2102.046875
EEGC3,2125.8125,2127.7421875
EEGC3,2152.015625,2152.625
EEGC3,2165.3203125,2166.5390625
EEGC3,2183.1953125,2183.8046875
EEGC3,2188.2734375,2189.0859375
EEGC3,2191.1171875,2192.9453125
EEGC3,2225.4453125,2227.2734375
EEGC3,2279.171875,2280.8984375
EEGC3,2332.1875,2332.796875
EEGC3,2378.1953125,2378.8046875
EEGC3,2426.234375,2426.9453125
EEGC3,2492.7578125,2493.46875
EEGC3,2655.8671875,2656.578125
EEGC3,2670.796875,2671.8125
EEGC3,2681.359375,2682.171875
EEGC3,2718.125,2719.0390625
EEGC3,2775.7109375,2776.421875
EEGC3,2882.7578125,2884.1796875
EEGC3,2936.28125,2936.9921875
EEGC3,2959.5390625,2960.25
EEGC3,2963.6015625,2965.0234375
EEGC3,2967.15625,2967.765625
EEGC3,2971.9296875,2972.5390625
EEGC3,3034.4921875,3035.203125
EEGC3,3046.78125,3047.59375
EEGC3,3051.5546875,3052.1640625
EEGC3,3060.6953125,3061.3046875
EEGC3,3064.046875,3064.65625
EEGC3,3069.2265625,3070.34375
EEGC3,3121.328125,3122.0390625
EEGC3,3123.5625,3124.171875
EEGC3,3132.703125,3133.3125
EEGC3,3144.28125,3145.296875
EEGC3,3156.875,3157.5859375
EEGC3,3210.703125,3211.3125
EEGC3,3214.6640625,3215.2734375
EEGC3,3471.515625,3472.125
EEGC3,3703.890625,3704.5
EEGCz,14.0234375,14.6328125
EEGCz,22.25,23.265625
EEGCz,24.484375,25.296875
EEGCz,30.4765625,31.2890625
EEGCz,32.40625,33.21875
EEGCz,35.3515625,36.671875
EEGCz,41.8515625,43.6796875
EEGCz,45.8125,47.234375
EEGCz,48.25,48.859375
EEGCz,56.171875,56.8828125
EEGCz,67.546875,71.7109375
EEGCz,75.0625,75.9765625
EEGCz,78.0078125,78.8203125
EEGCz,80.8515625,81.765625
EEGCz,106.8515625,107.5625
EEGCz,112.234375,113.046875
EEGCz,113.9609375,115.484375
EEGCz,119.8515625,120.4609375
EEGCz,122.4921875,123.609375
EEGCz,127.46875,129.1953125
EEGCz,131.2265625,132.34375
EEGCz,138.1328125,139.25
EEGCz,143.2109375,144.125
EEGCz,150.421875,152.3515625
EEGCz,153.5703125,154.28125
EEGCz,155.5,156.8203125
EEGCz,158.0390625,158.6484375
EEGCz,162.8125,166.3671875
EEGCz,167.9921875,169.2109375
EEGCz,170.9375,172.765625
EEGCz,176.1171875,177.3359375
EEGCz,182.515625,183.6328125
EEGCz,192.1640625,192.875
EEGCz,193.890625,194.90625
EEGCz,199.0703125,201.5078125
EEGCz,204.9609375,205.5703125
EEGCz,208.921875,209.53125
EEGCz,210.75,211.6640625
EEGCz,224.8671875,225.4765625
EEGCz,228.21875,229.5390625
EEGCz,230.7578125,234.515625
EEGCz,237.96875,238.578125
EEGCz,242.9453125,245.28125
EEGCz,259.90625,261.53125
EEGCz,263.8671875,264.4765625
EEGCz,269.859375,270.46875
EEGCz,274.4296875,275.0390625
EEGCz,277.78125,278.59375
EEGCz,282.65625,283.3671875
EEGCz,288.34375,290.578125
EEGCz,291.796875,294.234375
EEGCz,295.1484375,295.859375
EEGCz,298.3984375,299.109375
EEGCz,301.953125,302.765625
EEGCz,323.5859375,326.4296875
EEGCz,354.0546875,354.8671875
EEGCz,361.1640625,361.875
EEGCz,385.5390625,387.3671875
EEGCz,390.8203125,391.6328125
EEGCz,394.2734375,395.4921875
EEGCz,401.5859375,402.3984375
EEGCz,414.6875,415.296875
EEGCz,492.28125,493.09375
EEGCz,510.96875,513.8125
EEGCz,524.578125,525.390625
EEGCz,533.8203125,534.6328125
EEGCz,558.296875,561.140625
EEGCz,573.9375,575.8671875
EEGCz,627.8671875,629.0859375
EEGCz,640.96875,642.4921875
EEGCz,644.015625,644.828125
EEGCz,646.046875,647.3671875
EEGCz,654.8828125,655.8984375
EEGCz,683.625,684.234375
EEGCz,685.5546875,686.1640625
EEGCz,695.7109375,696.625
EEGCz,700.484375,702.515625
EEGCz,708.9140625,710.4375
EEGCz,721.8125,723.1328125
EEGCz,724.65625,725.46875
EEGCz,739.078125,739.7890625
EEGCz,741.515625,742.125
EEGCz,744.96875,747.9140625
EEGCz,755.2265625,756.140625
EEGCz,776.046875,776.7578125
EEGCz,794.8359375,795.953125
EEGCz,801.1328125,801.9453125
EEGCz,809.6640625,810.375
EEGCz,814.84375,817.1796875
EEGCz,837.4921875,839.5234375
EEGCz,841.3515625,847.34375
EEGCz,860.140625,861.15625
EEGCz,864.9140625,865.7265625
EEGCz,868.3671875,871.0078125
EEGCz,872.8359375,873.4453125
EEGCz,878.5234375,879.1328125
EEGCz,884.3125,885.4296875
EEGCz,888.375,889.1875
EEGCz,891.015625,891.625
EEGCz,894.875,895.6875
EEGCz,903.5078125,904.21875
EEGCz,905.84375,907.875
EEGCz,915.59375,916.40625
EEGCz,933.3671875,933.9765625
EEGCz,942,942.609375
EEGCz,951.8515625,954.2890625
EEGCz,955.609375,956.421875
EEGCz,957.4375,958.453125
EEGCz,961.296875,962.515625
EEGCz,967.796875,970.5390625
EEGCz,1416.296875,1417.515625
EEGCz,1420.0546875,1422.59375
EEGCz,1425.1328125,1426.7578125
EEGCz,1428.7890625,1431.4296875
EEGCz,1436.7109375,1437.3203125
EEGCz,1438.5390625,1439.5546875
EEGCz,1445.6484375,1449.5078125
EEGCz,1450.421875,1451.4375
EEGCz,1454.7890625,1458.34375
EEGCz,1460.578125,1463.21875
EEGCz,1469.515625,1470.2265625
EEGCz,1472.4609375,1477.03125
EEGCz,1478.046875,1483.53125
EEGCz,1484.4453125,1490.03125
EEGCz,1495.2109375,1495.8203125
EEGCz,1509.53125,1510.75
EEGCz,1513.796875,1515.3203125
EEGCz,1517.9609375,1518.5703125
EEGCz,1521.515625,1522.6328125
EEGCz,1525.984375,1527
EEGCz,1527.9140625,1529.5390625
EEGCz,1531.5703125,1532.484375
EEGCz,1534.921875,1535.9375
EEGCz,1537.96875,1543.25
EEGCz,1545.484375,1547.6171875
EEGCz,1549.0390625,1550.4609375
EEGCz,1563.8671875,1564.78125
EEGCz,1566,1567.1171875
EEGCz,1569.046875,1569.7578125
EEGCz,1575.546875,1576.359375
EEGCz,1586.8203125,1587.4296875
EEGCz,1591.8984375,1597.078125
EEGCz,1598.703125,1599.8203125
EEGCz,1603.375,1609.0625
EEGCz,1610.9921875,1612.3125
EEGCz,1613.6328125,1615.96875
EEGCz,1617.0859375,1619.625
EEGCz,1622.875,1624.90625
EEGCz,1626.4296875,1628.0546875
EEGCz,1634.046875,1634.7578125
EEGCz,1640.546875,1641.5625
EEGCz,1645.625,1646.84375
EEGCz,1649.1796875,1650.5
EEGCz,1661.3671875,1662.5859375
EEGCz,1674.7734375,1675.3828125
EEGCz,1682.4921875,1685.640625
EEGCz,1688.6875,1689.5
EEGCz,1690.515625,1692.953125
EEGCz,1704.9375,1708.796875
EEGCz,1713.3671875,1716.3125
EEGCz,1722.203125,1722.8125
EEGCz,1724.640625,1725.453125
EEGCz,1730.6328125,1731.4453125
EEGCz,1732.4609375,1733.375
EEGCz,1734.390625,1737.4375
EEGCz,1746.375,1746.984375
EEGCz,1755.2109375,1756.125
EEGCz,1758.4609375,1760.796875
EEGCz,1764.7578125,1766.078125
EEGCz,1770.2421875,1770.8515625
EEGCz,1772.6796875,1774.203125
EEGCz,1777.1484375,1779.890625
EEGCz,1781.6171875,1783.4453125
EEGCz,1788.21875,1789.1328125
EEGCz,1790.5546875,1792.1796875
EEGCz,1798.0703125,1798.6796875
EEGCz,1799.6953125,1802.4375
EEGCz,1815.5390625,1816.1484375
EEGCz,1827.21875,1828.03125
EEGCz,1829.65625,1833.515625
EEGCz,1842.9609375,1843.875
EEGCz,1852.1015625,1852.8125
EEGCz,1856.46875,1858.703125
EEGCz,1861.34375,1861.953125
EEGCz,1872.6171875,1873.8359375
EEGCz,1879.5234375,1882.7734375
EEGCz,1886.8359375,1887.6484375
EEGCz,1889.78125,1890.4921875
EEGCz,1892.421875,1894.1484375
EEGCz,1896.484375,1897.5
EEGCz,1901.5625,1902.375
EEGCz,1921.1640625,1922.078125
EEGCz,1925.125,1925.8359375
EEGCz,1969.1015625,1970.5234375
EEGCz,1975.703125,1976.8203125
EEGCz,2087.5234375,2088.1328125
EEGCz,2100.015625,2100.7265625
EEGCz,2132.8203125,2133.4296875
EEGCz,2141.65625,2142.3671875
EEGCz,2182.6875,2183.6015625
EEGCz,2191.1171875,2192.7421875
EEGCz,2231.1328125,2231.84375
EEGCz,2234.484375,2235.5
EEGCz,2237.125,2238.34375
EEGCz,2408.96875,2409.578125
EEGCz,2529.828125,2530.4375
EEGCz,2659.21875,2659.9296875
EEGCz,2681.4609375,2682.2734375
EEGCz,2686.7421875,2687.3515625
EEGCz,2717.8203125,2719.0390625
EEGCz,2721.375,2722.0859375
EEGCz,2775.9140625,2776.7265625
EEGCz,2781.90625,2783.125
EEGCz,2858.5859375,2859.6015625
EEGCz,2936.28125,2936.890625
EEGCz,2963.6015625,2965.0234375
EEGCz,2969.6953125,2970.5078125
EEGCz,2975.3828125,2975.9921875
EEGCz,3034.390625,3035.3046875
EEGCz,3063.9453125,3066.9921875
EEGCz,3068.3125,3070.34375
EEGCz,3115.234375,3115.84375
EEGCz,3121.328125,3122.0390625
EEGCz,3132.5,3133.3125
EEGCz,3143.7734375,3144.6875
EEGC4,12.8046875,14.6328125
EEGC4,22.25,23.265625
EEGC4,31.390625,33.5234375
EEGC4,35.25,36.671875
EEGC4,40.4296875,44.8984375
EEGC4,46.015625,46.828125
EEGC4,55.8671875,56.6796875
EEGC4,68.0546875,72.7265625
EEGC4,74.65625,76.078125
EEGC4,79.8359375,81.6640625
EEGC4,98.9296875,99.7421875
EEGC4,110.7109375,111.3203125
EEGC4,112.4375,114.671875
EEGC4,122.2890625,123
EEGC4,127.0625,130.0078125
EEGC4,131.734375,132.4453125
EEGC4,137.7265625,139.3515625
EEGC4,143.6171875,144.6328125
EEGC4,147.171875,147.78125
EEGC4,150.421875,152.3515625
EEGC4,155.5,158.6484375
EEGC4,162.7109375,169.2109375
EEGC4,171.0390625,173.578125
EEGC4,175.609375,177.4375
EEGC4,181.8046875,183.6328125
EEGC4,192.265625,192.9765625
EEGC4,196.2265625,196.9375
EEGC4,198.4609375,199.2734375
EEGC4,200.8984375,201.5078125
EEGC4,205.0625,205.7734375
EEGC4,210.75,211.5625
EEGC4,224.8671875,229.4375
EEGC4,231.1640625,235.2265625
EEGC4,242.9453125,244.46875
EEGC4,259.5,261.53125
EEGC4,269.5546875,270.46875
EEGC4,271.3828125,271.9921875
EEGC4,277.78125,278.390625
EEGC4,279.8125,280.7265625
EEGC4,283.7734375,284.484375
EEGC4,288.2421875,290.6796875
EEGC4,292,294.1328125
EEGC4,295.1484375,299.109375
EEGC4,301.953125,302.6640625
EEGC4,311.3984375,312.0078125
EEGC4,315.6640625,316.375
EEGC4,319.5234375,320.1328125
EEGC4,323.484375,326.2265625
EEGC4,328.8671875,329.8828125
EEGC4,337.8046875,338.8203125
EEGC4,353.0390625,354.8671875
EEGC4,360.65625,365.0234375
EEGC4,384.3203125,387.46875
EEGC4,390.0078125,391.6328125
EEGC4,394.2734375,395.390625
EEGC4,401.5859375,402.1953125
EEGC4,405.6484375,406.4609375
EEGC4,408.2890625,410.015625
EEGC4,411.640625,412.3515625
EEGC4,414.3828125,415.3984375
EEGC4,417.734375,418.4453125
EEGC4,421.0859375,422.203125
EEGC4,507.4140625,508.6328125
EEGC4,511.0703125,513.8125
EEGC4,524.984375,526.5078125
EEGC4,533.921875,534.53125
EEGC4,551.8984375,552.7109375
EEGC4,555.9609375,556.7734375
EEGC4,558.296875,561.2421875
EEGC4,575.15625,575.8671875
EEGC4,628.0703125,629.1875
EEGC4,634.3671875,636.90625
EEGC4,640.5625,641.78125
EEGC4,646.1484375,647.3671875
EEGC4,648.484375,649.6015625
EEGC4,650.8203125,651.4296875
EEGC4,685.5546875,686.265625
EEGC4,695.7109375,696.625
EEGC4,708.40625,710.03125
EEGC4,722.015625,723.03125
EEGC4,724.7578125,725.46875
EEGC4,733.796875,734.5078125
EEGC4,745.2734375,746.1875
EEGC4,747.203125,747.9140625
EEGC4,749.234375,750.3515625
EEGC4,751.671875,753.703125
EEGC4,762.234375,763.25
EEGC4,769.2421875,769.953125
EEGC4,776.046875,776.859375
EEGC4,785.0859375,786
EEGC4,794.9375,796.765625
EEGC4,801.234375,801.9453125
EEGC4,814.84375,817.1796875
EEGC4,818.90625,819.921875
EEGC4,822.4609375,825
EEGC4,827.7421875,828.859375
EEGC4,836.171875,840.1328125
EEGC4,841.25,841.859375
EEGC4,842.7734375,847.4453125
EEGC4,852.015625,854.046875
EEGC4,857.1953125,858.3125
EEGC4,859.8359375,860.8515625
EEGC4,861.96875,862.78125
EEGC4,867.25,868.0625
EEGC4,869.6875,871.6171875
EEGC4,877.203125,879.3359375
EEGC4,884.71875,885.734375
EEGC4,888.0703125,888.6796875
EEGC4,890.5078125,891.1171875
EEGC4,905.03125,907.875
EEGC4,911.6328125,912.2421875
EEGC4,915.4921875,916.5078125
EEGC4,924.125,924.734375
EEGC4,926.6640625,927.2734375
EEGC4,937.125,937.8359375
EEGC4,941.8984375,942.5078125
EEGC4,951.8515625,954.1875
EEGC4,956.5234375,958.046875
EEGC4,962.0078125,962.8203125
EEGC4,972.9765625,973.6875
EEGC4,1114.9609375,1115.671875
EEGC4,1177.1171875,1177.7265625
EEGC4,1255.828125,1256.4375
EEGC4,1311.484375,1313.109375
EEGC4,1314.6328125,1315.8515625
EEGC4,1320.421875,1321.3359375
EEGC4,1342.15625,1342.765625
EEGC4,1345.5078125,1346.3203125
EEGC4,1347.234375,1348.3515625
EEGC4,1351.1953125,1352.4140625
EEGC4,1355.0546875,1355.6640625
EEGC4,1358.203125,1360.3359375
EEGC4,1368.15625,1368.8671875
EEGC4,1370.2890625,1371.609375
EEGC4,1380.140625,1381.0546875
EEGC4,1388.9765625,1389.890625
EEGC4,1394.8671875,1396.390625
EEGC4,1413.7578125,1414.3671875
EEGC4,1417.0078125,1417.8203125
EEGC4,1420.8671875,1423.7109375
EEGC4,1426.046875,1427.3671875
EEGC4,1428.7890625,1431.328125
EEGC4,1436.609375,1437.3203125
EEGC4,1438.5390625,1443.4140625
EEGC4,1447.2734375,1451.4375
EEGC4,1457.4296875,1458.2421875
EEGC4,1460.8828125,1463.21875
EEGC4,1466.9765625,1468.3984375
EEGC4,1469.515625,1471.140625
EEGC4,1472.6640625,1477.1328125
EEGC4,1478.046875,1481.8046875
EEGC4,1484.4453125,1485.15625
EEGC4,1488.1015625,1490.03125
EEGC4,1495.109375,1495.71875
EEGC4,1496.9375,1497.546875
EEGC4,1509.734375,1510.6484375
EEGC4,1512.8828125,1518.3671875
EEGC4,1521.515625,1522.2265625
EEGC4,1525.8828125,1526.796875
EEGC4,1527.7109375,1530.046875
EEGC4,1531.671875,1532.6875
EEGC4,1534.921875,1544.46875
EEGC4,1545.3828125,1547.6171875
EEGC4,1548.8359375,1550.5625
EEGC4,1551.78125,1552.4921875
EEGC4,1553.40625,1554.1171875
EEGC4,1564.171875,1564.8828125
EEGC4,1566.203125,1567.21875
EEGC4,1569.25,1569.859375
EEGC4,1580.21875,1580.828125
EEGC4,1584.1796875,1585.703125
EEGC4,1586.6171875,1587.328125
EEGC4,1593.421875,1595.3515625
EEGC4,1598.90625,1599.6171875
EEGC4,1603.2734375,1609.3671875
EEGC4,1611.1953125,1612.3125
EEGC4,1613.734375,1614.34375
EEGC4,1617.1875,1625.0078125
EEGC4,1626.53125,1628.8671875
EEGC4,1633.9453125,1634.5546875
EEGC4,1639.8359375,1640.4453125
EEGC4,1645.7265625,1646.7421875
EEGC4,1649.078125,1649.7890625
EEGC4,1661.46875,1662.078125
EEGC4,1664.71875,1665.4296875
EEGC4,1670.40625,1671.015625
EEGC4,1674.1640625,1675.890625
EEGC4,1680.96875,1681.6796875
EEGC4,1684.7265625,1685.84375
EEGC4,1688.6875,1689.5
EEGC4,1690.4140625,1692.6484375
EEGC4,1693.6640625,1694.375
EEGC4,1698.84375,1700.46875
EEGC4,1705.75,1710.5234375
EEGC4,1713.7734375,1716.3125
EEGC4,1719.0546875,1722.9140625
EEGC4,1724.5390625,1725.3515625
EEGC4,1732.5625,1733.2734375
EEGC4,1734.796875,1737.234375
EEGC4,1749.1171875,1749.7265625
EEGC4,1758.2578125,1758.96875
EEGC4,1759.984375,1760.796875
EEGC4,1772.8828125,1775.3203125
EEGC4,1777.25,1785.578125
EEGC4,1787.8125,1791.1640625
EEGC4,1797.96875,1802.3359375
EEGC4,1811.2734375,1811.8828125
EEGC4,1813.5078125,1814.1171875
EEGC4,1827.1171875,1828.03125
EEGC4,1831.078125,1832.5
EEGC4,1851.2890625,1852.9140625
EEGC4,1856.46875,1857.28125
EEGC4,1866.625,1867.84375
EEGC4,1872.0078125,1873.6328125
EEGC4,1878.8125,1879.5234375
EEGC4,1880.5390625,1881.3515625
EEGC4,1882.265625,1882.875
EEGC4,1885.71875,1886.53125
EEGC4,1892.625,1893.234375
EEGC4,1898.3125,1899.4296875
EEGC4,1900.34375,1902.375
EEGC4,1914.359375,1915.2734375
EEGC4,1957.7265625,1958.5390625
EEGC4,1964.328125,1965.34375
EEGC4,1968.8984375,1970.7265625
EEGC4,1971.84375,1972.65625
EEGC4,1975.90625,1976.6171875
EEGC4,2032.984375,2034.9140625
EEGC4,2081.734375,2082.34375
EEGC4,2132.921875,2133.734375
EEGC4,2152.015625,2152.625
EEGC4,2189.1875,2189.796875
EEGC4,2231.84375,2232.5546875
EEGC4,2234.5859375,2235.296875
EEGC4,2492.7578125,2493.46875
EEGC4,2497.2265625,2497.8359375
EEGC4,2576.546875,2577.15625
EEGC4,2659.21875,2660.03125
EEGC4,2761.1875,2762.1015625
EEGC4,2963.5,2964.515625
EEGC4,2967.15625,2967.765625
EEGC4,3034.390625,3036.3203125
EEGC4,3049.7265625,3050.3359375
EEGC4,3063.9453125,3070.34375
EEGC4,3121.2265625,3122.0390625
EEGC4,3132.3984375,3133.3125
EEGC4,3144.28125,3145.296875
EEGC4,3148.140625,3148.75
EEGC4,3208.9765625,3209.5859375
EEGC4,3230.609375,3231.21875
EEGC4,3235.890625,3236.5
EEGC4,3239.953125,3240.5625
EEGC4,3248.7890625,3249.5
EEGC4,3951.8046875,3952.4140625
EEGT4,12.8046875,14.734375
EEGT4,22.25,24.078125
EEGT4,32.203125,32.8125
EEGT4,33.828125,36.46875
EEGT4,41.953125,44.796875
EEGT4,45.7109375,46.828125
EEGT4,51.3984375,52.0078125
EEGT4,54.546875,55.96875
EEGT4,67.546875,72.7265625
EEGT4,74.1484375,76.6875
EEGT4,79.6328125,81.6640625
EEGT4,113.453125,114.671875
EEGT4,121.984375,123.1015625
EEGT4,127.0625,130.109375
EEGT4,134.78125,135.390625
EEGT4,137.828125,139.859375
EEGT4,145.34375,147.171875
EEGT4,150.5234375,152.3515625
EEGT4,156.3125,157.328125
EEGT4,162.7109375,168.3984375
EEGT4,171.140625,172.8671875
EEGT4,176.3203125,177.234375
EEGT4,183.0234375,183.734375
EEGT4,196.328125,197.34375
EEGT4,198.4609375,199.375
EEGT4,226.6953125,227.3046875
EEGT4,231.0625,232.078125
EEGT4,242.7421875,244.3671875
EEGT4,259.5,260.3125
EEGT4,283.671875,284.28125
EEGT4,286.71875,289.6640625
EEGT4,291.6953125,295.7578125
EEGT4,297.890625,299.2109375
EEGT4,322.875,326.0234375
EEGT4,328.8671875,329.578125
EEGT4,354.15625,354.765625
EEGT4,361.1640625,361.7734375
EEGT4,384.421875,387.3671875
EEGT4,390.109375,391.53125
EEGT4,394.171875,395.59375
EEGT4,400.5703125,401.1796875
EEGT4,411.640625,412.3515625
EEGT4,413.875,415.296875
EEGT4,417.8359375,419.2578125
EEGT4,420.375,422.1015625
EEGT4,452.7734375,453.890625
EEGT4,511.984375,512.6953125
EEGT4,525.0859375,527.9296875
EEGT4,533.8203125,534.4296875
EEGT4,551.796875,553.5234375
EEGT4,558.6015625,559.515625
EEGT4,577.0859375,578
EEGT4,628.171875,629.0859375
EEGT4,634.0625,636.703125
EEGT4,640.6640625,641.78125
EEGT4,646.1484375,647.7734375
EEGT4,685.7578125,686.3671875
EEGT4,688.703125,689.8203125
EEGT4,691.8515625,692.6640625
EEGT4,696.015625,696.828125
EEGT4,698.65625,699.875
EEGT4,707.1875,707.796875
EEGT4,708.7109375,709.625
EEGT4,714.1953125,715.2109375
EEGT4,724.65625,725.5703125
EEGT4,726.9921875,727.6015625
EEGT4,732.984375,734.40625
EEGT4,745.4765625,746.0859375
EEGT4,749.3359375,750.1484375
EEGT4,760.609375,761.21875
EEGT4,776.65625,777.671875
EEGT4,794.9375,795.75
EEGT4,800.9296875,801.640625
EEGT4,809.5625,810.375
EEGT4,811.390625,812
EEGT4,814.7421875,816.265625
EEGT4,822.6640625,824.8984375
EEGT4,837.4921875,839.421875
EEGT4,841.25,841.9609375
EEGT4,843.484375,847.546875
EEGT4,857.1953125,858.3125
EEGT4,869.5859375,870.703125
EEGT4,878.7265625,879.3359375
EEGT4,886.0390625,886.6484375
EEGT4,896.1953125,896.8046875
EEGT4,901.0703125,902.0859375
EEGT4,904.5234375,908.28125
EEGT4,915.390625,916.5078125
EEGT4,937.0234375,937.6328125
EEGT4,941.796875,942.5078125
EEGT4,953.578125,954.1875
EEGT4,957.1328125,958.046875
EEGT4,961.3984375,962.921875
EEGT4,968.9140625,970.3359375
EEGT4,990.0390625,990.6484375
EEGT4,1026.703125,1027.6171875
EEGT4,1088.9609375,1089.7734375
EEGT4,1176.9140625,1177.7265625
EEGT4,1345.40625,1346.421875
EEGT4,1349.265625,1349.875
EEGT4,1351.296875,1353.2265625
EEGT4,1358.5078125,1360.234375
EEGT4,1367.34375,1367.953125
EEGT4,1370.2890625,1370.8984375
EEGT4,1380.0390625,1380.953125
EEGT4,1389.078125,1389.890625
EEGT4,1394.8671875,1396.796875
EEGT4,1412.5390625,1413.3515625
EEGT4,1416.90625,1417.515625
EEGT4,1418.8359375,1419.4453125
EEGT4,1420.6640625,1422.1875
EEGT4,1428.7890625,1431.734375
EEGT4,1438.3359375,1439.5546875
EEGT4,1440.5703125,1443.921875
EEGT4,1445.75,1446.359375
EEGT4,1448.6953125,1451.5390625
EEGT4,1455.296875,1455.90625
EEGT4,1457.4296875,1458.140625
EEGT4,1459.2578125,1463.1171875
EEGT4,1469.515625,1471.2421875
EEGT4,1472.8671875,1475.5078125
EEGT4,1476.421875,1482.109375
EEGT4,1484.4453125,1485.2578125
EEGT4,1488,1490.03125
EEGT4,1512.984375,1515.1171875
EEGT4,1519.7890625,1520.3984375
EEGT4,1522.2265625,1522.8359375
EEGT4,1525.984375,1526.8984375
EEGT4,1528.9296875,1530.1484375
EEGT4,1531.671875,1536.8515625
EEGT4,1537.8671875,1551.578125
EEGT4,1553.3046875,1554.828125
EEGT4,1566.1015625,1566.8125
EEGT4,1575.6484375,1576.359375
EEGT4,1584.28125,1585.703125
EEGT4,1586.6171875,1588.546875
EEGT4,1592,1592.7109375
EEGT4,1598.90625,1600.4296875
EEGT4,1603.578125,1608.5546875
EEGT4,1610.9921875,1612.515625
EEGT4,1613.6328125,1614.2421875
EEGT4,1615.359375,1619.7265625
EEGT4,1620.640625,1621.453125
EEGT4,1622.671875,1623.3828125
EEGT4,1624.3984375,1625.0078125
EEGT4,1626.6328125,1627.546875
EEGT4,1645.1171875,1646.7421875
EEGT4,1648.9765625,1649.7890625
EEGT4,1659.234375,1660.1484375
EEGT4,1661.46875,1662.078125
EEGT4,1671.9296875,1672.5390625
EEGT4,1674.3671875,1675.28125
EEGT4,1678.734375,1679.75
EEGT4,1684.7265625,1686.9609375
EEGT4,1687.875,1689.3984375
EEGT4,1690.515625,1692.546875
EEGT4,1693.6640625,1694.2734375
EEGT4,1698.7421875,1701.484375
EEGT4,1705.0390625,1711.7421875
EEGT4,1713.46875,1716.2109375
EEGT4,1718.75,1722.8125
EEGT4,1732.4609375,1737.1328125
EEGT4,1757.0390625,1760.8984375
EEGT4,1770.546875,1771.15625
EEGT4,1772.984375,1774.3046875
EEGT4,1776.9453125,1779.890625
EEGT4,1781.515625,1782.8359375
EEGT4,1784.359375,1784.96875
EEGT4,1786.59375,1790.7578125
EEGT4,1792.5859375,1793.296875
EEGT4,1799.6953125,1802.4375
EEGT4,1808.9375,1809.6484375
EEGT4,1823.15625,1823.8671875
EEGT4,1827.015625,1827.9296875
EEGT4,1830.5703125,1833.8203125
EEGT4,1847.4296875,1849.2578125
EEGT4,1852.1015625,1853.7265625
EEGT4,1856.46875,1858.8046875
EEGT4,1865.9140625,1866.828125
EEGT4,1872.71875,1873.53125
EEGT4,1878.7109375,1879.5234375
EEGT4,1880.640625,1883.078125
EEGT4,1885.921875,1888.96875
EEGT4,1892.625,1893.7421875
EEGT4,1898.109375,1899.53125
EEGT4,1900.4453125,1902.375
EEGT4,1914.2578125,1915.375
EEGT4,1923.8046875,1925.9375
EEGT4,1957.625,1958.640625
EEGT4,1960.265625,1960.9765625
EEGT4,1968.2890625,1968.8984375
EEGT4,2132.921875,2133.53125
EEGT4,2151.9140625,2152.625
EEGT4,2165.9296875,2166.5390625
EEGT4,2234.5859375,2235.1953125
EEGT4,2492.7578125,2493.5703125
EEGT4,2617.2734375,2617.8828125
EEGT4,2751.640625,2752.3515625
EEGT4,2782.6171875,2783.4296875
EEGT4,2937.6015625,2938.4140625
EEGT4,2963.703125,2965.53125
EEGT4,2967.0546875,2967.765625
EEGT4,2969.6953125,2970.609375
EEGT4,2975.484375,2976.09375
EEGT4,2989.8046875,2990.4140625
EEGT4,3034.390625,3035.1015625
EEGT4,3040.28125,3041.09375
EEGT4,3052.5703125,3053.9921875
EEGT4,3063.84375,3065.1640625
EEGT4,3066.28125,3070.0390625
EEGT4,3071.0546875,3071.8671875
EEGT4,3086.6953125,3087.5078125
EEGT4,3121.328125,3122.2421875
EEGT4,3132.6015625,3135.2421875
EEGT4,3144.3828125,3145.3984375
EEGT4,3167.640625,3169.265625
EEGT4,3703.890625,3704.5
EEGT5,12.6015625,16.0546875
EEGT5,19.9140625,20.625
EEGT5,21.84375,24.1796875
EEGT5,27.4296875,29.359375
EEGT5,33.1171875,33.7265625
EEGT5,35.25,37.3828125
EEGT5,40.734375,47.9453125
EEGT5,49.875,56.78125
EEGT5,57.8984375,58.8125
EEGT5,67.546875,69.578125
EEGT5,72.21875,78.109375
EEGT5,79.53125,82.578125
EEGT5,89.3828125,90.1953125
EEGT5,98.828125,103.09375
EEGT5,105.4296875,115.7890625
EEGT5,118.8359375,123.9140625
EEGT5,127.671875,130.3125
EEGT5,131.734375,132.75
EEGT5,134.0703125,136.7109375
EEGT5,137.828125,139.5546875
EEGT5,141.890625,144.8359375
EEGT5,146.2578125,147.578125
EEGT5,150.421875,152.7578125
EEGT5,154.3828125,158.75
EEGT5,162.3046875,163.1171875
EEGT5,164.4375,174.390625
EEGT5,175.3046875,177.4375
EEGT5,179.3671875,180.078125
EEGT5,181.8046875,184.0390625
EEGT5,192.1640625,193.28125
EEGT5,196.125,202.625
EEGT5,204.9609375,206.484375
EEGT5,210.34375,212.8828125
EEGT5,219.7890625,221.2109375
EEGT5,223.75,229.1328125
EEGT5,231.5703125,232.1796875
EEGT5,233.296875,238.171875
EEGT5,239.59375,240.5078125
EEGT5,242.7421875,244.671875
EEGT5,247.4140625,249.4453125
EEGT5,258.078125,260.4140625
EEGT5,261.8359375,262.8515625
EEGT5,269.859375,270.46875
EEGT5,271.3828125,273.921875
EEGT5,275.546875,280.1171875
EEGT5,282.5546875,284.9921875
EEGT5,285.90625,290.984375
EEGT5,292,295.9609375
EEGT5,298.1953125,299.4140625
EEGT5,304.4921875,305.3046875
EEGT5,312.2109375,312.8203125
EEGT5,315.765625,316.8828125
EEGT5,319.625,320.4375
EEGT5,324.09375,326.328125
EEGT5,327.34375,329.984375
EEGT5,354.2578125,354.8671875
EEGT5,359.5390625,362.078125
EEGT5,366.4453125,367.0546875
EEGT5,383.5078125,387.46875
EEGT5,389.296875,392.546875
EEGT5,394.0703125,395.59375
EEGT5,401.28125,403.2109375
EEGT5,407.984375,410.015625
EEGT5,411.7421875,413.5703125
EEGT5,416.2109375,418.546875
EEGT5,420.171875,422.609375
EEGT5,423.625,424.3359375
EEGT5,448.9140625,449.5234375
EEGT5,452.875,453.5859375
EEGT5,497.15625,497.765625
EEGT5,510.96875,513.7109375
EEGT5,523.6640625,526.9140625
EEGT5,531.890625,534.734375
EEGT5,543.671875,544.28125
EEGT5,545.1953125,546.2109375
EEGT5,550.78125,553.9296875
EEGT5,556.0625,556.875
EEGT5,557.890625,563.0703125
EEGT5,565.5078125,566.21875
EEGT5,572.71875,575.765625
EEGT5,576.984375,577.796875
EEGT5,617.7109375,623.703125
EEGT5,624.921875,626.2421875
EEGT5,628.2734375,629.0859375
EEGT5,632.640625,636.3984375
EEGT5,640.0546875,643.5078125
EEGT5,646.1484375,648.3828125
EEGT5,649.6015625,650.6171875
EEGT5,671.3359375,671.9453125
EEGT5,673.3671875,673.9765625
EEGT5,680.78125,681.796875
EEGT5,683.21875,686.1640625
EEGT5,687.5859375,689.0078125
EEGT5,690.0234375,691.0390625
EEGT5,691.953125,692.5625
EEGT5,695.7109375,696.9296875
EEGT5,698.5546875,699.265625
EEGT5,700.5859375,702.921875
EEGT5,704.2421875,705.5625
EEGT5,707.2890625,713.7890625
EEGT5,714.90625,716.6328125
EEGT5,717.6484375,719.8828125
EEGT5,722.21875,723.1328125
EEGT5,724.5546875,734.40625
EEGT5,739.078125,740.09375
EEGT5,744.15625,750.453125
EEGT5,751.671875,756.2421875
EEGT5,761.421875,763.3515625
EEGT5,766.1953125,770.8671875
EEGT5,774.828125,777.875
EEGT5,781.9375,786.609375
EEGT5,788.1328125,788.7421875
EEGT5,791.1796875,793.0078125
EEGT5,794.53125,796.765625
EEGT5,798.390625,802.25
EEGT5,806.109375,806.8203125
EEGT5,808.546875,811.8984375
EEGT5,814.234375,825
EEGT5,832.515625,835.0546875
EEGT5,837.4921875,850.6953125
EEGT5,853.234375,854.9609375
EEGT5,859.328125,860.8515625
EEGT5,864.9140625,866.4375
EEGT5,867.453125,868.265625
EEGT5,869.3828125,871.4140625
EEGT5,872.6328125,873.4453125
EEGT5,876.0859375,879.7421875
EEGT5,881.7734375,882.3828125
EEGT5,884.921875,885.9375
EEGT5,886.8515625,889.0859375
EEGT5,890.5078125,893.25
EEGT5,895.1796875,897.2109375
EEGT5,899.6484375,900.2578125
EEGT5,901.6796875,908.5859375
EEGT5,911.53125,912.140625
EEGT5,914.578125,919.65625
EEGT5,920.5703125,921.3828125
EEGT5,928.1875,928.796875
EEGT5,933.5703125,934.28125
EEGT5,935.5,939.2578125
EEGT5,941.796875,942.609375
EEGT5,951.953125,959.1640625
EEGT5,960.3828125,963.4296875
EEGT5,965.2578125,970.84375
EEGT5,1015.8359375,1016.4453125
EEGT5,1250.546875,1251.15625
EEGT5,1255.1171875,1256.3359375
EEGT5,1295.9453125,1296.65625
EEGT5,1307.21875,1307.9296875
EEGT5,1326.2109375,1326.921875
EEGT5,1328.0390625,1328.953125
EEGT5,1342.359375,1343.171875
EEGT5,1345.3046875,1346.421875
EEGT5,1347.640625,1349.9765625
EEGT5,1351.6015625,1355.765625
EEGT5,1356.984375,1359.1171875
EEGT5,1367.34375,1369.6796875
EEGT5,1370.8984375,1371.7109375
EEGT5,1376.28125,1376.890625
EEGT5,1378.921875,1379.53125
EEGT5,1381.359375,1382.578125
EEGT5,1388.9765625,1397.1015625
EEGT5,1403.296875,1403.90625
EEGT5,1411.9296875,1412.5390625
EEGT5,1417.3125,1423.7109375
EEGT5,1426.3515625,1428.078125
EEGT5,1429.09375,1432.34375
EEGT5,1435.1875,1435.796875
EEGT5,1437.9296875,1452.9609375
EEGT5,1454.078125,1463.421875
EEGT5,1465.453125,1466.0625
EEGT5,1467.890625,1470.53125
EEGT5,1472.6640625,1475.8125
EEGT5,1480.078125,1483.125
EEGT5,1484.0390625,1490.03125
EEGT5,1491.046875,1491.7578125
EEGT5,1493.078125,1493.6875
EEGT5,1495.109375,1499.984375
EEGT5,1507.09375,1507.8046875
EEGT5,1509.53125,1510.4453125
EEGT5,1511.96875,1516.84375
EEGT5,1519.484375,1523.0390625
EEGT5,1525.8828125,1528.1171875
EEGT5,1529.03125,1530.1484375
EEGT5,1531.3671875,1550.765625
EEGT5,1553.40625,1554.7265625
EEGT5,1560.0078125,1560.71875
EEGT5,1562.140625,1563.0546875
EEGT5,1563.96875,1567.1171875
EEGT5,1568.03125,1569.7578125
EEGT5,1572.1953125,1573.4140625
EEGT5,1574.8359375,1577.375
EEGT5,1581.234375,1582.25
EEGT5,1584.6875,1587.2265625
EEGT5,1590.578125,1593.21875
EEGT5,1594.9453125,1596.0625
EEGT5,1598.8046875,1600.0234375
EEGT5,1602.765625,1614.953125
EEGT5,1616.578125,1625.109375
EEGT5,1626.4296875,1627.2421875
EEGT5,1628.2578125,1628.96875
EEGT5,1631.3046875,1634.65625
EEGT5,1638.6171875,1639.2265625
EEGT5,1640.8515625,1641.765625
EEGT5,1645.5234375,1647.65625
EEGT5,1649.078125,1649.7890625
EEGT5,1651.109375,1651.71875
EEGT5,1657.7109375,1658.3203125
EEGT5,1664.921875,1665.6328125
EEGT5,1671.5234375,1672.234375
EEGT5,1674.1640625,1675.3828125
EEGT5,1678.6328125,1680.0546875
EEGT5,1682.1875,1683.203125
EEGT5,1684.1171875,1687.1640625
EEGT5,1688.7890625,1689.3984375
EEGT5,1690.3125,1696.7109375
EEGT5,1698.640625,1701.484375
EEGT5,1702.8046875,1703.515625
EEGT5,1704.6328125,1716.2109375
EEGT5,1718.75,1723.015625
EEGT5,1724.640625,1725.453125
EEGT5,1727.484375,1728.5
EEGT5,1730.53125,1736.421875
EEGT5,1743.8359375,1744.8515625
EEGT5,1749.1171875,1750.4375
EEGT5,1755.6171875,1760.6953125
EEGT5,1764.65625,1765.5703125
EEGT5,1772.984375,1775.5234375
EEGT5,1777.25,1783.6484375
EEGT5,1784.8671875,1785.6796875
EEGT5,1786.59375,1792.3828125
EEGT5,1793.5,1795.8359375
EEGT5,1796.953125,1802.5390625
EEGT5,1809.2421875,1810.4609375
EEGT5,1811.578125,1813.203125
EEGT5,1818.3828125,1821.125
EEGT5,1822.0390625,1824.2734375
EEGT5,1827.3203125,1827.9296875
EEGT5,1828.84375,1829.453125
EEGT5,1831.28125,1836.5625
EEGT5,1839.1015625,1840.1171875
EEGT5,1842.7578125,1845.8046875
EEGT5,1849.8671875,1853.625
EEGT5,1855.3515625,1862.0546875
EEGT5,1863.578125,1865.1015625
EEGT5,1867.3359375,1868.046875
EEGT5,1869.1640625,1869.7734375
EEGT5,1871.8046875,1876.578125
EEGT5,1878.3046875,1883.5859375
EEGT5,1884.90625,1885.921875
EEGT5,1888.2578125,1891.3046875
EEGT5,1892.421875,1893.4375
EEGT5,1895.1640625,1895.7734375
EEGT5,1896.6875,1903.796875
EEGT5,1908.1640625,1909.1796875
EEGT5,1914.2578125,1915.171875
EEGT5,1918.015625,1918.7265625
EEGT5,1920.9609375,1922.1796875
EEGT5,1924.515625,1925.9375
EEGT5,1941.78125,1943.203125
EEGT5,1946.25,1947.9765625
EEGT5,1957.7265625,1960.9765625
EEGT5,1969.5078125,1970.625
EEGT5,1981.0859375,1982
EEGT5,2000.28125,2001.296875
EEGT5,2025.7734375,2026.3828125
EEGT5,2053.3984375,2054.0078125
EEGT5,2087.421875,2088.640625
EEGT5,2099.3046875,2100.7265625
EEGT5,2130.484375,2131.703125
EEGT5,2132.6171875,2133.9375
EEGT5,2135.15625,2135.96875
EEGT5,2149.4765625,2150.390625
EEGT5,2151.9140625,2152.625
EEGT5,2165.625,2166.3359375
EEGT5,2227.6796875,2229.1015625
EEGT5,2237.125,2238.0390625
EEGT5,2279.171875,2280.1875
EEGT5,2331.78125,2332.796875
EEGT5,2492.65625,2493.5703125
EEGT5,2600.71875,2601.4296875
EEGT5,2659.5234375,2660.1328125
EEGT5,2686.4375,2687.25
EEGT5,2721.578125,2722.1875
EEGT5,2782.71875,2783.4296875
EEGT5,2789.9296875,2790.640625
EEGT5,2831.46875,2832.7890625
EEGT5,2907.4375,2908.046875
EEGT5,2934.9609375,2938.2109375
EEGT5,2962.9921875,2964.515625
EEGT5,2965.4296875,2966.0390625
EEGT5,2967.15625,2967.765625
EEGT5,3024.234375,3025.453125
EEGT5,3034.4921875,3035.203125
EEGT5,3037.5390625,3038.1484375
EEGT5,3040.5859375,3042.515625
EEGT5,3046.78125,3047.390625
EEGT5,3052.265625,3053.484375
EEGT5,3056.8359375,3057.546875
EEGT5,3059.375,3061.40625
EEGT5,3063.640625,3064.453125
EEGT5,3067.703125,3070.4453125
EEGT5,3086.6953125,3087.5078125
EEGT5,3114.9296875,3116.859375
EEGT5,3118.28125,3122.2421875
EEGT5,3123.2578125,3124.171875
EEGT5,3132.90625,3135.140625
EEGT5,3141.9453125,3142.5546875
EEGT5,3143.875,3145.3984375
EEGT5,3146.4140625,3147.2265625
EEGT5,3150.375,3151.0859375
EEGT5,3157.6875,3158.3984375
EEGT5,3208.875,3211.3125
EEGT5,4058.0390625,4058.6484375
EEGP3,12.8046875,16.0546875
EEGP3,17.8828125,19
EEGP3,20.015625,20.828125
EEGP3,22.046875,23.9765625
EEGP3,28.4453125,31.4921875
EEGP3,32.5078125,36.5703125
EEGP3,41.546875,44.6953125
EEGP3,46.015625,47.9453125
EEGP3,51.703125,54.953125
EEGP3,56.171875,57.8984375
EEGP3,62.5703125,63.5859375
EEGP3,67.546875,70.390625
EEGP3,72.015625,78.2109375
EEGP3,80.0390625,81.8671875
EEGP3,85.828125,86.640625
EEGP3,98.9296875,99.7421875
EEGP3,102.484375,103.09375
EEGP3,105.8359375,107.6640625
EEGP3,111.625,112.84375
EEGP3,113.7578125,115.1796875
EEGP3,118.9375,121.0703125
EEGP3,122.2890625,123.7109375
EEGP3,128.1796875,129.5
EEGP3,132.140625,132.75
EEGP3,134.78125,136.8125
EEGP3,137.7265625,138.84375
EEGP3,142.6015625,147.78125
EEGP3,150.421875,151.1328125
EEGP3,154.484375,158.75
EEGP3,162.40625,165.7578125
EEGP3,166.7734375,169.515625
EEGP3,170.9375,173.78125
EEGP3,175.3046875,177.4375
EEGP3,182.515625,183.734375
EEGP3,191.9609375,193.28125
EEGP3,198.5625,201.3046875
EEGP3,202.828125,203.84375
EEGP3,204.9609375,205.875
EEGP3,211.8671875,212.8828125
EEGP3,219.3828125,220.296875
EEGP3,223.75,228.9296875
EEGP3,231.5703125,234.515625
EEGP3,236.0390625,237.765625
EEGP3,239.59375,240.5078125
EEGP3,243.046875,244.46875
EEGP3,257.9765625,259.5
EEGP3,269.9609375,270.5703125
EEGP3,271.484375,272.09375
EEGP3,275.34375,276.2578125
EEGP3,278.1875,280.1171875
EEGP3,282.25,284.890625
EEGP3,285.90625,286.71875
EEGP3,288.0390625,290.8828125
EEGP3,292,295.859375
EEGP3,297.484375,299.6171875
EEGP3,315.6640625,316.8828125
EEGP3,323.6875,326.0234375
EEGP3,327.34375,330.0859375
EEGP3,354.2578125,354.8671875
EEGP3,359.03125,360.25
EEGP3,363.09375,363.8046875
EEGP3,376.1953125,376.90625
EEGP3,385.640625,387.671875
EEGP3,391.125,392.34375
EEGP3,394.2734375,395.390625
EEGP3,398.84375,399.453125
EEGP3,401.484375,403.6171875
EEGP3,408.6953125,410.015625
EEGP3,411.9453125,412.65625
EEGP3,416.2109375,418.4453125
EEGP3,421.2890625,422.1015625
EEGP3,447.59375,448.8125
EEGP3,511.578125,512.796875
EEGP3,520.6171875,521.2265625
EEGP3,524.984375,525.6953125
EEGP3,533.8203125,534.53125
EEGP3,543.5703125,544.5859375
EEGP3,545.90625,547.53125
EEGP3,550.8828125,553.625
EEGP3,556.0625,556.875
EEGP3,558.703125,562.765625
EEGP3,567.7421875,569.265625
EEGP3,573.125,577.59375
EEGP3,618.7265625,621.9765625
EEGP3,624.6171875,625.328125
EEGP3,628.2734375,629.1875
EEGP3,631.015625,637.2109375
EEGP3,640.0546875,642.2890625
EEGP3,645.7421875,647.3671875
EEGP3,649.296875,650.2109375
EEGP3,654.6796875,655.4921875
EEGP3,680.375,686.1640625
EEGP3,687.890625,688.5
EEGP3,690.0234375,692.765625
EEGP3,695.9140625,698.65625
EEGP3,701.5,702.4140625
EEGP3,704.34375,705.5625
EEGP3,707.59375,713.6875
EEGP3,717.6484375,721.9140625
EEGP3,724.65625,730.546875
EEGP3,732.375,735.828125
EEGP3,737.7578125,739.9921875
EEGP3,741.109375,742.125
EEGP3,744.2578125,750.3515625
EEGP3,752.5859375,757.96875
EEGP3,759.0859375,763.1484375
EEGP3,766.90625,768.328125
EEGP3,770.4609375,772.1875
EEGP3,773.3046875,775.3359375
EEGP3,776.9609375,778.078125
EEGP3,781.8359375,786.609375
EEGP3,787.9296875,788.9453125
EEGP3,792.5,793.109375
EEGP3,794.125,796.0546875
EEGP3,798.390625,801.9453125
EEGP3,808.546875,811.796875
EEGP3,812.7109375,816.265625
EEGP3,817.6875,818.3984375
EEGP3,819.3125,821.2421875
EEGP3,822.15625,823.984375
EEGP3,828.25,829.3671875
EEGP3,832.4140625,833.125
EEGP3,836.171875,839.5234375
EEGP3,841.1484375,850.6953125
EEGP3,851.9140625,852.625
EEGP3,859.2265625,862.78125
EEGP3,864.9140625,866.03125
EEGP3,867.3515625,868.0625
EEGP3,869.5859375,873.4453125
EEGP3,876.0859375,879.84375
EEGP3,883.8046875,889.390625
EEGP3,890.7109375,891.7265625
EEGP3,893.25,895.890625
EEGP3,897.8203125,898.4296875
EEGP3,899.6484375,904.21875
EEGP3,905.3359375,908.28125
EEGP3,911.53125,912.2421875
EEGP3,915.796875,917.421875
EEGP3,918.9453125,921.28125
EEGP3,922.296875,923.109375
EEGP3,927.984375,929.203125
EEGP3,935.6015625,938.34375
EEGP3,939.4609375,940.0703125
EEGP3,951.6484375,954.1875
EEGP3,955.1015625,959.0625
EEGP3,962.515625,963.328125
EEGP3,966.4765625,968.40625
EEGP3,969.7265625,970.5390625
EEGP3,980.8984375,981.609375
EEGP3,1106.328125,1106.9375
EEGP3,1170.515625,1171.125
EEGP3,1273.296875,1273.90625
EEGP3,1307.015625,1307.9296875
EEGP3,1328.0390625,1328.953125
EEGP3,1340.328125,1341.0390625
EEGP3,1345.3046875,1346.3203125
EEGP3,1349.265625,1350.28125
EEGP3,1352.4140625,1355.765625
EEGP3,1357.1875,1359.1171875
EEGP3,1367.34375,1368.0546875
EEGP3,1370.8984375,1371.609375
EEGP3,1379.0234375,1379.8359375
EEGP3,1388.875,1391.109375
EEGP3,1392.125,1392.734375
EEGP3,1395.0703125,1397
EEGP3,1411.625,1412.5390625
EEGP3,1413.7578125,1431.4296875
EEGP3,1432.4453125,1433.765625
EEGP3,1435.0859375,1435.8984375
EEGP3,1436.9140625,1437.625
EEGP3,1438.84375,1444.734375
EEGP3,1445.75,1448.2890625
EEGP3,1450.5234375,1452.046875
EEGP3,1453.9765625,1456.4140625
EEGP3,1457.328125,1458.34375
EEGP3,1460.8828125,1463.3203125
EEGP3,1465.453125,1466.0625
EEGP3,1469.515625,1471.4453125
EEGP3,1472.6640625,1477.5390625
EEGP3,1480.1796875,1482.515625
EEGP3,1485.8671875,1489.9296875
EEGP3,1495.2109375,1496.125
EEGP3,1497.0390625,1499.984375
EEGP3,1505.7734375,1506.7890625
EEGP3,1508.3125,1509.2265625
EEGP3,1513.0859375,1514.9140625
EEGP3,1516.1328125,1516.84375
EEGP3,1518.0625,1523.0390625
EEGP3,1526.0859375,1530.1484375
EEGP3,1531.3671875,1532.5859375
EEGP3,1533.703125,1543.1484375
EEGP3,1544.1640625,1551.171875
EEGP3,1553.3046875,1554.421875
EEGP3,1559.6015625,1560.71875
EEGP3,1562.34375,1564.6796875
EEGP3,1566,1567.7265625
EEGP3,1574.8359375,1576.765625
EEGP3,1581.234375,1582.25
EEGP3,1585.1953125,1587.6328125
EEGP3,1591.796875,1593.625
EEGP3,1598.8046875,1599.8203125
EEGP3,1604.0859375,1606.015625
EEGP3,1607.640625,1609.0625
EEGP3,1610.1796875,1614.953125
EEGP3,1616.578125,1619.828125
EEGP3,1622.875,1625.3125
EEGP3,1626.4296875,1628.15625
EEGP3,1630.8984375,1634.65625
EEGP3,1640.6484375,1641.5625
EEGP3,1645.015625,1647.9609375
EEGP3,1649.078125,1649.890625
EEGP3,1661.0625,1662.078125
EEGP3,1664.921875,1665.8359375
EEGP3,1668.375,1668.984375
EEGP3,1674.0625,1675.3828125
EEGP3,1679.34375,1679.953125
EEGP3,1682.0859375,1683.3046875
EEGP3,1684.21875,1686.3515625
EEGP3,1690.3125,1695.796875
EEGP3,1698.7421875,1703.515625
EEGP3,1705.140625,1706.96875
EEGP3,1708.0859375,1716.109375
EEGP3,1718.546875,1721.6953125
EEGP3,1724.5390625,1725.453125
EEGP3,1730.4296875,1733.171875
EEGP3,1734.8984375,1736.5234375
EEGP3,1744.0390625,1745.15625
EEGP3,1749.015625,1749.7265625
EEGP3,1753.078125,1753.9921875
EEGP3,1755.515625,1756.2265625
EEGP3,1757.34375,1759.78125
EEGP3,1772.984375,1779.9921875
EEGP3,1782.2265625,1783.6484375
EEGP3,1784.765625,1791.7734375
EEGP3,1793.09375,1795.734375
EEGP3,1799.8984375,1802.5390625
EEGP3,1811.0703125,1812.796875
EEGP3,1815.3359375,1815.9453125
EEGP3,1818.6875,1820.71875
EEGP3,1822.4453125,1824.2734375
EEGP3,1827.015625,1829.453125
EEGP3,1831.28125,1836.6640625
EEGP3,1838.8984375,1841.4375
EEGP3,1842.859375,1854.03125
EEGP3,1855.25,1855.9609375
EEGP3,1857.890625,1858.703125
EEGP3,1861.2421875,1862.0546875
EEGP3,1863.578125,1865.609375
EEGP3,1868.7578125,1869.7734375
EEGP3,1873.2265625,1876.4765625
EEGP3,1878.40625,1881.3515625
EEGP3,1882.46875,1883.484375
EEGP3,1886.6328125,1887.6484375
EEGP3,1888.6640625,1896.28125
EEGP3,1898.0078125,1901.2578125
EEGP3,1902.171875,1902.8828125
EEGP3,1907.859375,1908.46875
EEGP3,1913.75,1918.625
EEGP3,1923.90625,1925.734375
EEGP3,1941.78125,1942.4921875
EEGP3,1946.1484375,1948.28125
EEGP3,1957.1171875,1959.65625
EEGP3,1966.0546875,1966.96875
EEGP3,1969.9140625,1970.625
EEGP3,2047.203125,2047.9140625
EEGP3,2051.3671875,2053.8046875
EEGP3,2078.078125,2079.1953125
EEGP3,2087.5234375,2088.640625
EEGP3,2130.3828125,2131.09375
EEGP3,2132.3125,2133.0234375
EEGP3,2187.8671875,2188.4765625
EEGP3,2191.1171875,2192.9453125
EEGP3,2228.390625,2229.40625
EEGP3,2237.0234375,2237.6328125
EEGP3,2279.2734375,2280.0859375
EEGP3,2655.96875,2656.578125
EEGP3,2670.8984375,2671.7109375
EEGP3,2681.359375,2682.0703125
EEGP3,2686.84375,2687.453125
EEGP3,2782.0078125,2783.125
EEGP3,2799.2734375,2799.984375
EEGP3,2832.078125,2832.6875
EEGP3,2872.8046875,2873.515625
EEGP3,2963.1953125,2964.6171875
EEGP3,2966.8515625,2967.765625
EEGP3,2971.625,2972.4375
EEGP3,3032.5625,3033.171875
EEGP3,3034.59375,3035.3046875
EEGP3,3051.453125,3052.7734375
EEGP3,3060.6953125,3061.40625
EEGP3,3067.8046875,3068.6171875
EEGP3,3086.6953125,3087.7109375
EEGP3,3115.234375,3115.9453125
EEGP3,3119.296875,3119.90625
EEGP3,3143.875,3145.296875
EEGP3,3149.96875,3150.8828125
EEGP3,3208.875,3209.484375
EEGP3,3225.6328125,3226.34375
EEGPz,19.7109375,23.265625
EEGPz,24.6875,27.6328125
EEGPz,30.375,33.21875
EEGPz,35.1484375,37.484375
EEGPz,41.953125,45.1015625
EEGPz,46.015625,47.1328125
EEGPz,51.8046875,52.6171875
EEGPz,55.8671875,56.578125
EEGPz,66.53125,70.0859375
EEGPz,71.1015625,73.5390625
EEGPz,74.859375,76.484375
EEGPz,79.9375,81.765625
EEGPz,106.0390625,107.5625
EEGPz,108.578125,109.1875
EEGPz,110.5078125,115.6875
EEGPz,120.15625,121.171875
EEGPz,123,124.1171875
EEGPz,127.5703125,129.1953125
EEGPz,131.2265625,132.4453125
EEGPz,134.78125,135.390625
EEGPz,138.1328125,139.1484375
EEGPz,143.6171875,145.4453125
EEGPz,150.7265625,151.3359375
EEGPz,155.5,156.515625
EEGPz,157.6328125,158.6484375
EEGPz,162.609375,166.0625
EEGPz,167.7890625,169.2109375
EEGPz,170.8359375,174.0859375
EEGPz,176.015625,177.4375
EEGPz,181.6015625,182.2109375
EEGPz,183.125,184.140625
EEGPz,192.1640625,192.9765625
EEGPz,197.953125,201.5078125
EEGPz,205.875,206.5859375
EEGPz,208.921875,209.53125
EEGPz,210.953125,211.765625
EEGPz,218.0625,219.078125
EEGPz,220.5,221.6171875
EEGPz,223.546875,229.84375
EEGPz,230.859375,235.125
EEGPz,242.9453125,244.46875
EEGPz,255.5390625,256.1484375
EEGPz,257.875,262.75
EEGPz,265.0859375,265.8984375
EEGPz,269.5546875,271.9921875
EEGPz,274.4296875,275.0390625
EEGPz,277.78125,278.4921875
EEGPz,280.5234375,286.71875
EEGPz,288.2421875,289.5625
EEGPz,291.6953125,294.234375
EEGPz,295.1484375,295.859375
EEGPz,298.296875,299.3125
EEGPz,302.15625,302.765625
EEGPz,307.9453125,308.65625
EEGPz,315.765625,316.78125
EEGPz,322.1640625,324.703125
EEGPz,330.0859375,330.6953125
EEGPz,360.9609375,362.1796875
EEGPz,363.1953125,365.0234375
EEGPz,366.6484375,367.2578125
EEGPz,385.5390625,387.46875
EEGPz,388.6875,389.296875
EEGPz,391.328125,392.140625
EEGPz,394.171875,395.2890625
EEGPz,399.7578125,400.9765625
EEGPz,406.15625,406.765625
EEGPz,411.640625,412.3515625
EEGPz,414.28125,415.1953125
EEGPz,447.2890625,449.7265625
EEGPz,497.15625,498.578125
EEGPz,500.40625,502.03125
EEGPz,507.8203125,508.6328125
EEGPz,511.0703125,514.015625
EEGPz,524.8828125,525.4921875
EEGPz,533.8203125,534.6328125
EEGPz,547.125,548.546875
EEGPz,558.3984375,561.140625
EEGPz,571.8046875,572.71875
EEGPz,574.0390625,575.765625
EEGPz,577.0859375,577.6953125
EEGPz,617,617.7109375
EEGPz,619.84375,620.453125
EEGPz,624.3125,624.921875
EEGPz,628.0703125,630
EEGPz,632.3359375,633.5546875
EEGPz,635.9921875,636.8046875
EEGPz,645.234375,646.7578125
EEGPz,648.078125,649.6015625
EEGPz,653.4609375,654.0703125
EEGPz,683.5234375,684.84375
EEGPz,687.7890625,688.5
EEGPz,689.8203125,691.140625
EEGPz,695.7109375,696.7265625
EEGPz,714.8046875,715.4140625
EEGPz,722.21875,723.03125
EEGPz,727.296875,728.4140625
EEGPz,729.53125,730.140625
EEGPz,733.796875,734.8125
EEGPz,738.7734375,739.484375
EEGPz,741.6171875,742.2265625
EEGPz,743.140625,743.75
EEGPz,744.765625,750.3515625
EEGPz,752.6875,753.90625
EEGPz,756.953125,757.765625
EEGPz,769.34375,770.0546875
EEGPz,787.828125,788.84375
EEGPz,794.8359375,795.8515625
EEGPz,800.9296875,801.84375
EEGPz,809.765625,810.578125
EEGPz,816.46875,817.1796875
EEGPz,823.78125,824.59375
EEGPz,837.59375,840.234375
EEGPz,841.3515625,845.0078125
EEGPz,845.921875,847.546875
EEGPz,857.3984375,858.3125
EEGPz,859.734375,861.0546875
EEGPz,862.0703125,862.8828125
EEGPz,864.8125,865.828125
EEGPz,868.5703125,871.71875
EEGPz,877.40625,878.5234375
EEGPz,884.3125,886.6484375
EEGPz,888.2734375,889.2890625
EEGPz,892.84375,893.9609375
EEGPz,894.9765625,895.7890625
EEGPz,900.359375,900.96875
EEGPz,902.390625,903
EEGPz,905.84375,908.28125
EEGPz,915.390625,916.40625
EEGPz,937.328125,938.34375
EEGPz,950.2265625,950.9375
EEGPz,952.0546875,954.390625
EEGPz,955.5078125,958.5546875
EEGPz,967.59375,968.7109375
EEGPz,969.828125,970.5390625
EEGPz,971.5546875,972.1640625
EEGPz,1105.71875,1106.8359375
EEGPz,1109.2734375,1110.1875
EEGPz,1115.0625,1115.7734375
EEGPz,1252.578125,1253.4921875
EEGPz,1345.40625,1346.3203125
EEGPz,1351.6015625,1352.4140625
EEGPz,1357.2890625,1358
EEGPz,1359.3203125,1360.1328125
EEGPz,1389.1796875,1392.6328125
EEGPz,1394.8671875,1396.390625
EEGPz,1417.109375,1417.71875
EEGPz,1419.140625,1419.75
EEGPz,1424.1171875,1425.84375
EEGPz,1428.9921875,1429.703125
EEGPz,1438.4375,1439.453125
EEGPz,1445.2421875,1446.2578125
EEGPz,1448.4921875,1449.203125
EEGPz,1450.3203125,1451.1328125
EEGPz,1454.28125,1455.296875
EEGPz,1456.3125,1461.2890625
EEGPz,1462.203125,1463.015625
EEGPz,1471.953125,1472.5625
EEGPz,1474.4921875,1477.234375
EEGPz,1479.3671875,1480.078125
EEGPz,1485.765625,1487.1875
EEGPz,1488.203125,1489.5234375
EEGPz,1509.53125,1510.953125
EEGPz,1531.0625,1531.875
EEGPz,1536.4453125,1538.4765625
EEGPz,1540,1543.5546875
EEGPz,1548.53125,1550.0546875
EEGPz,1580.3203125,1581.1328125
EEGPz,1594.7421875,1595.5546875
EEGPz,1597.7890625,1598.90625
EEGPz,1603.171875,1606.3203125
EEGPz,1610.9921875,1611.90625
EEGPz,1614.0390625,1614.953125
EEGPz,1619.015625,1619.625
EEGPz,1622.875,1623.484375
EEGPz,1626.6328125,1628.0546875
EEGPz,1691.8359375,1692.4453125
EEGPz,1720.8828125,1721.59375
EEGPz,1735.1015625,1737.234375
EEGPz,1814.625,1815.234375
EEGPz,1822.34375,1823.0546875
EEGPz,1830.5703125,1832.3984375
EEGPz,1940.8671875,1941.578125
EEGPz,2587.109375,2587.71875
EEGPz,2824.96875,2825.6796875
EEGPz,2963.90625,2964.515625
EEGP4,12.703125,16.0546875
EEGP4,17.4765625,18.1875
EEGP4,20.625,25.703125
EEGP4,27.0234375,27.734375
EEGP4,31.390625,33.3203125
EEGP4,34.84375,36.5703125
EEGP4,40.2265625,46.7265625
EEGP4,51.703125,52.6171875
EEGP4,54.4453125,56.78125
EEGP4,58.609375,59.21875
EEGP4,67.546875,77.703125
EEGP4,79.125,81.6640625
EEGP4,90.703125,91.4140625
EEGP4,98.9296875,101.1640625
EEGP4,106.0390625,107.96875
EEGP4,109.8984375,111.3203125
EEGP4,112.234375,115.078125
EEGP4,121.171875,123.3046875
EEGP4,127.1640625,129.296875
EEGP4,131.125,131.734375
EEGP4,134.984375,135.6953125
EEGP4,136.7109375,139.453125
EEGP4,143.6171875,147.578125
EEGP4,150.5234375,152.5546875
EEGP4,154.890625,158.6484375
EEGP4,162.7109375,167.7890625
EEGP4,168.8046875,169.8203125
EEGP4,171.2421875,175.1015625
EEGP4,176.3203125,177.3359375
EEGP4,178.453125,179.3671875
EEGP4,181.3984375,183.6328125
EEGP4,192.1640625,192.7734375
EEGP4,193.7890625,194.6015625
EEGP4,195.921875,197.140625
EEGP4,198.15625,200.390625
EEGP4,205.1640625,206.1796875
EEGP4,208.0078125,210.2421875
EEGP4,211.15625,212.6796875
EEGP4,219.7890625,220.6015625
EEGP4,223.34375,229.5390625
EEGP4,230.7578125,236.0390625
EEGP4,238.578125,239.2890625
EEGP4,242.84375,245.28125
EEGP4,248.734375,249.34375
EEGP4,259.3984375,261.6328125
EEGP4,265.1875,266
EEGP4,269.7578125,272.1953125
EEGP4,273.4140625,276.96875
EEGP4,279.9140625,280.625
EEGP4,281.9453125,283.3671875
EEGP4,286.921875,299.2109375
EEGP4,312.6171875,313.6328125
EEGP4,315.6640625,316.78125
EEGP4,319.625,320.640625
EEGP4,322.9765625,326.53125
EEGP4,328.8671875,330.6953125
EEGP4,331.8125,332.5234375
EEGP4,338.2109375,339.2265625
EEGP4,351.4140625,352.0234375
EEGP4,354.15625,354.765625
EEGP4,360.65625,362.28125
EEGP4,363.296875,364.2109375
EEGP4,384.1171875,387.671875
EEGP4,390.109375,391.53125
EEGP4,394.2734375,395.8984375
EEGP4,399.7578125,403.109375
EEGP4,407.6796875,410.21875
EEGP4,411.640625,412.3515625
EEGP4,413.875,415.3984375
EEGP4,417.4296875,419.15625
EEGP4,420.2734375,422.1015625
EEGP4,449.5234375,450.1328125
EEGP4,495.53125,499.0859375
EEGP4,502.1328125,503.859375
EEGP4,507.6171875,508.2265625
EEGP4,510.8671875,513.8125
EEGP4,519.8046875,520.4140625
EEGP4,524.984375,525.6953125
EEGP4,527.5234375,530.3671875
EEGP4,533.921875,534.6328125
EEGP4,549.15625,549.96875
EEGP4,550.984375,552.609375
EEGP4,558.09375,562.6640625
EEGP4,573.734375,576.0703125
EEGP4,577.0859375,577.6953125
EEGP4,618.421875,619.1328125
EEGP4,621.671875,622.28125
EEGP4,627.359375,630
EEGP4,634.3671875,636.6015625
EEGP4,640.5625,644.421875
EEGP4,646.3515625,649.6015625
EEGP4,653.765625,654.375
EEGP4,683.21875,686.265625
EEGP4,687.890625,689.921875
EEGP4,692.0546875,692.765625
EEGP4,695.40625,696.828125
EEGP4,699.1640625,700.5859375
EEGP4,701.8046875,705.2578125
EEGP4,707.1875,710.4375
EEGP4,714.296875,717.0390625
EEGP4,721.9140625,723.1328125
EEGP4,724.5546875,725.9765625
EEGP4,729.53125,731.4609375
EEGP4,732.8828125,735.1171875
EEGP4,738.46875,739.484375
EEGP4,741.6171875,750.3515625
EEGP4,751.7734375,756.2421875
EEGP4,757.4609375,758.0703125
EEGP4,760.5078125,771.578125
EEGP4,776.046875,777.265625
EEGP4,783.6640625,786
EEGP4,787.828125,789.046875
EEGP4,791.5859375,792.3984375
EEGP4,794.125,795.546875
EEGP4,798.2890625,799.609375
EEGP4,800.7265625,802.1484375
EEGP4,809.6640625,813.5234375
EEGP4,814.640625,818.09375
EEGP4,820.0234375,826.1171875
EEGP4,837.59375,840.234375
EEGP4,841.25,850.390625
EEGP4,851.3046875,851.9140625
EEGP4,853.03125,856.078125
EEGP4,857.1953125,862.8828125
EEGP4,864.3046875,867.859375
EEGP4,869.484375,873.546875
EEGP4,875.8828125,879.234375
EEGP4,884.71875,886.6484375
EEGP4,887.96875,889.1875
EEGP4,890.5078125,891.7265625
EEGP4,894.46875,896.8046875
EEGP4,897.8203125,898.4296875
EEGP4,899.6484375,902.59375
EEGP4,903.609375,908.890625
EEGP4,915.390625,916.40625
EEGP4,920.265625,924.8359375
EEGP4,926.4609375,927.78125
EEGP4,933.265625,934.28125
EEGP4,939.96875,940.78125
EEGP4,942,942.7109375
EEGP4,950.125,954.2890625
EEGP4,955.609375,958.1484375
EEGP4,959.3671875,959.9765625
EEGP4,961.1953125,963.0234375
EEGP4,966.2734375,970.7421875
EEGP4,1036.5546875,1037.265625
EEGP4,1083.6796875,1084.796875
EEGP4,1106.0234375,1106.6328125
EEGP4,1109.2734375,1110.1875
EEGP4,1114.7578125,1115.3671875
EEGP4,1176.9140625,1177.7265625
EEGP4,1185.75,1186.4609375
EEGP4,1302.8515625,1303.4609375
EEGP4,1319.9140625,1321.234375
EEGP4,1329.4609375,1330.0703125
EEGP4,1342.96875,1344.0859375
EEGP4,1345.40625,1353.4296875
EEGP4,1357.796875,1360.234375
EEGP4,1366.328125,1366.9375
EEGP4,1378.8203125,1380.546875
EEGP4,1385.3203125,1386.1328125
EEGP4,1388.875,1389.890625
EEGP4,1394.765625,1396.59375
EEGP4,1404.515625,1405.125
EEGP4,1415.1796875,1415.890625
EEGP4,1417.0078125,1423.7109375
EEGP4,1426.25,1431.9375
EEGP4,1435.1875,1437.3203125
EEGP4,1438.4375,1441.484375
EEGP4,1442.5,1444.6328125
EEGP4,1445.546875,1446.15625
EEGP4,1447.375,1451.5390625
EEGP4,1454.078125,1458.140625
EEGP4,1460.78125,1463.3203125
EEGP4,1467.484375,1471.34375
EEGP4,1472.96875,1489.7265625
EEGP4,1492.671875,1493.9921875
EEGP4,1495.8203125,1497.75
EEGP4,1499.171875,1499.8828125
EEGP4,1503.03125,1503.640625
EEGP4,1507.296875,1507.90625
EEGP4,1512.0703125,1518.1640625
EEGP4,1522.2265625,1523.140625
EEGP4,1526.1875,1543.1484375
EEGP4,1545.1796875,1550.8671875
EEGP4,1553.203125,1554.421875
EEGP4,1564.2734375,1569.9609375
EEGP4,1573.515625,1574.125
EEGP4,1575.6484375,1577.2734375
EEGP4,1579.9140625,1582.25
EEGP4,1584.1796875,1585.90625
EEGP4,1586.8203125,1588.4453125
EEGP4,1590.984375,1595.3515625
EEGP4,1598.8046875,1599.6171875
EEGP4,1601.953125,1609.0625
EEGP4,1610.890625,1612.3125
EEGP4,1613.4296875,1614.8515625
EEGP4,1616.8828125,1619.828125
EEGP4,1626.328125,1628.4609375
EEGP4,1631.5078125,1632.3203125
EEGP4,1633.3359375,1634.5546875
EEGP4,1638.3125,1641.5625
EEGP4,1644.9140625,1647.7578125
EEGP4,1649.078125,1649.6875
EEGP4,1657.40625,1662.1796875
EEGP4,1665.0234375,1665.8359375
EEGP4,1670.40625,1671.21875
EEGP4,1674.0625,1675.28125
EEGP4,1678.8359375,1679.8515625
EEGP4,1680.96875,1686.453125
EEGP4,1688.484375,1689.6015625
EEGP4,1690.6171875,1692.6484375
EEGP4,1695.2890625,1700.46875
EEGP4,1704.9375,1710.5234375
EEGP4,1711.640625,1716.3125
EEGP4,1719.15625,1721.2890625
EEGP4,1724.640625,1726.46875
EEGP4,1732.765625,1737.1328125
EEGP4,1740.890625,1741.703125
EEGP4,1744.0390625,1746.578125
EEGP4,1751.65625,1752.3671875
EEGP4,1753.6875,1754.3984375
EEGP4,1756.9375,1763.234375
EEGP4,1764.453125,1765.265625
EEGP4,1766.484375,1767.5
EEGP4,1771.0546875,1785.8828125
EEGP4,1787,1793.296875
EEGP4,1795.2265625,1795.8359375
EEGP4,1797.0546875,1803.3515625
EEGP4,1813.609375,1814.21875
EEGP4,1819.09375,1823.96875
EEGP4,1826.9140625,1828.234375
EEGP4,1830.265625,1836.6640625
EEGP4,1842.9609375,1843.7734375
EEGP4,1845.09375,1845.8046875
EEGP4,1846.8203125,1849.8671875
EEGP4,1852,1852.7109375
EEGP4,1854.5390625,1855.453125
EEGP4,1856.46875,1864.59375
EEGP4,1866.1171875,1867.84375
EEGP4,1869.265625,1869.9765625
EEGP4,1870.9921875,1873.9375
EEGP4,1875.765625,1883.078125
EEGP4,1885.8203125,1893.3359375
EEGP4,1894.3515625,1897.09375
EEGP4,1898.4140625,1899.53125
EEGP4,1900.4453125,1902.578125
EEGP4,1906.234375,1906.9453125
EEGP4,1913.0390625,1913.6484375
EEGP4,1917.3046875,1919.9453125
EEGP4,1923.5,1926.0390625
EEGP4,1939.8515625,1940.4609375
EEGP4,1945.5390625,1948.890625
EEGP4,1957.421875,1962.90625
EEGP4,1964.4296875,1965.0390625
EEGP4,1969.7109375,1970.7265625
EEGP4,1975.3984375,1976.921875
EEGP4,1980.4765625,1981.8984375
EEGP4,2003.328125,2004.0390625
EEGP4,2012.875,2013.484375
EEGP4,2025.0625,2026.078125
EEGP4,2083.0546875,2083.6640625
EEGP4,2100.3203125,2100.9296875
EEGP4,2131.09375,2132.0078125
EEGP4,2139.625,2140.234375
EEGP4,2141.1484375,2142.3671875
EEGP4,2148.2578125,2149.0703125
EEGP4,2150.0859375,2150.6953125
EEGP4,2152.015625,2152.828125
EEGP4,2155.1640625,2156.484375
EEGP4,2166.234375,2167.453125
EEGP4,2169.28125,2169.9921875
EEGP4,2192.3359375,2194.0625
EEGP4,2198.328125,2199.0390625
EEGP4,2227.0703125,2227.8828125
EEGP4,2234.6875,2236.6171875
EEGP4,2239.15625,2239.96875
EEGP4,2335.9453125,2336.5546875
EEGP4,2342.546875,2343.5625
EEGP4,2431.109375,2431.8203125
EEGP4,2492.5546875,2493.46875
EEGP4,2688.1640625,2688.875
EEGP4,2780.5859375,2781.1953125
EEGP4,2858.1796875,2858.7890625
EEGP4,2876.15625,2877.0703125
EEGP4,2936.1796875,2938.4140625
EEGP4,2970.3046875,2970.9140625
EEGP4,2972.03125,2972.640625
EEGP4,3040.6875,3041.5
EEGP4,3052.7734375,3053.890625
EEGP4,3055.2109375,3056.734375
EEGP4,3064.65625,3067.09375
EEGP4,3069.125,3070.34375
EEGP4,3121.328125,3122.140625
EEGP4,3132.1953125,3133.109375
EEGP4,3149.8671875,3150.578125
EEGP4,3951.8046875,3952.4140625
EEGT6,12.703125,15.953125
EEGT6,18.1875,18.796875
EEGT6,20.7265625,25.5
EEGT6,32.1015625,32.9140625
EEGT6,34.5390625,36.3671875
EEGT6,41.8515625,44.6953125
EEGT6,45.7109375,47.7421875
EEGT6,49.875,52.4140625
EEGT6,54.4453125,56.8828125
EEGT6,60.234375,60.84375
EEGT6,67.546875,76.484375
EEGT6,78.4140625,81.6640625
EEGT6,83.0859375,84.1015625
EEGT6,89.890625,91.71875
EEGT6,99.03125,99.84375
EEGT6,102.7890625,103.703125
EEGT6,108.578125,111.3203125
EEGT6,113.046875,114.5703125
EEGT6,118.9375,122.6953125
EEGT6,127.0625,131.8359375
EEGT6,134.578125,139.65625
EEGT6,143.6171875,147.4765625
EEGT6,151.234375,152.5546875
EEGT6,153.875,158.546875
EEGT6,162.7109375,167.890625
EEGT6,168.8046875,169.921875
EEGT6,171.140625,173.8828125
EEGT6,175.3046875,177.640625
EEGT6,178.7578125,179.5703125
EEGT6,181.8046875,183.734375
EEGT6,192.265625,192.875
EEGT6,195.921875,197.2421875
EEGT6,198.6640625,201.203125
EEGT6,205.0625,206.3828125
EEGT6,208.109375,208.71875
EEGT6,210.4453125,212.78125
EEGT6,214.203125,215.015625
EEGT6,219.6875,221.109375
EEGT6,223.546875,224.4609375
EEGT6,226.59375,228.828125
EEGT6,231.3671875,232.1796875
EEGT6,233.6015625,236.0390625
EEGT6,242.84375,244.3671875
EEGT6,259.6015625,261.53125
EEGT6,263.5625,264.171875
EEGT6,268.7421875,272.3984375
EEGT6,273.4140625,276.4609375
EEGT6,277.78125,281.03125
EEGT6,282.3515625,284.9921875
EEGT6,286.4140625,295.7578125
EEGT6,296.875,299.3125
EEGT6,315.6640625,316.2734375
EEGT6,318.8125,320.3359375
EEGT6,323.078125,331.5078125
EEGT6,347.9609375,348.5703125
EEGT6,354.0546875,354.765625
EEGT6,360.7578125,361.875
EEGT6,362.7890625,364.109375
EEGT6,365.53125,366.140625
EEGT6,378.734375,379.34375
EEGT6,384.3203125,387.46875
EEGT6,390.921875,391.734375
EEGT6,394.8828125,395.796875
EEGT6,396.7109375,397.625
EEGT6,399.7578125,403.6171875
EEGT6,406.765625,410.21875
EEGT6,411.4375,412.453125
EEGT6,413.7734375,415.5
EEGT6,418.4453125,419.2578125
EEGT6,420.2734375,423.625
EEGT6,449.421875,450.1328125
EEGT6,453.078125,453.7890625
EEGT6,495.9375,496.546875
EEGT6,498.0703125,498.78125
EEGT6,502.1328125,503.859375
EEGT6,505.890625,508.2265625
EEGT6,511.171875,513.9140625
EEGT6,520.515625,521.2265625
EEGT6,524.0703125,525.6953125
EEGT6,527.421875,529.25
EEGT6,532.09375,534.53125
EEGT6,546.3125,549.765625
EEGT6,550.6796875,553.7265625
EEGT6,558.6015625,561.2421875
EEGT6,562.2578125,563.0703125
EEGT6,564.8984375,566.015625
EEGT6,568.25,569.0625
EEGT6,573.6328125,575.96875
EEGT6,577.0859375,577.8984375
EEGT6,608.3671875,609.28125
EEGT6,618.5234375,619.3359375
EEGT6,620.453125,622.5859375
EEGT6,624.921875,625.6328125
EEGT6,627.15625,629.4921875
EEGT6,633.9609375,636.703125
EEGT6,640.6640625,649.703125
EEGT6,650.8203125,651.53125
EEGT6,657.421875,658.234375
EEGT6,683.21875,684.03125
EEGT6,685.453125,689.8203125
EEGT6,691.8515625,692.765625
EEGT6,695.7109375,696.9296875
EEGT6,699.5703125,700.5859375
EEGT6,701.90625,705.15625
EEGT6,707.390625,709.7265625
EEGT6,712.7734375,715.6171875
EEGT6,719.375,719.984375
EEGT6,721,723.1328125
EEGT6,724.65625,731.15625
EEGT6,732.8828125,734.5078125
EEGT6,735.625,736.234375
EEGT6,739.484375,740.09375
EEGT6,741.4140625,743.0390625
EEGT6,744.0546875,750.25
EEGT6,751.875,756.6484375
EEGT6,760.40625,772.4921875
EEGT6,776.1484375,777.0625
EEGT6,784.78125,787.015625
EEGT6,788.4375,789.046875
EEGT6,791.6875,792.3984375
EEGT6,794.8359375,797.578125
EEGT6,798.4921875,802.046875
EEGT6,803.875,804.5859375
EEGT6,809.15625,813.625
EEGT6,814.640625,826.21875
EEGT6,827.9453125,829.0625
EEGT6,832.2109375,832.8203125
EEGT6,834.953125,835.6640625
EEGT6,837.4921875,840.234375
EEGT6,841.25,848.4609375
EEGT6,851.3046875,856.1796875
EEGT6,857.09375,859.4296875
EEGT6,860.546875,862.8828125
EEGT6,864.8125,871.8203125
EEGT6,872.8359375,873.546875
EEGT6,875.984375,878.828125
EEGT6,884.71875,886.75
EEGT6,888.0703125,889.390625
EEGT6,890.40625,891.7265625
EEGT6,894.875,896.703125
EEGT6,897.8203125,898.4296875
EEGT6,903.5078125,907.0625
EEGT6,907.9765625,910.2109375
EEGT6,915.390625,916.5078125
EEGT6,920.875,921.484375
EEGT6,923.109375,925.140625
EEGT6,926.359375,926.96875
EEGT6,928.8984375,929.5078125
EEGT6,933.265625,934.484375
EEGT6,936.921875,939.0546875
EEGT6,941.796875,942.609375
EEGT6,951.75,954.2890625
EEGT6,955.609375,956.3203125
EEGT6,957.234375,958.046875
EEGT6,961.1953125,963.0234375
EEGT6,965.15625,971.046875
EEGT6,1031.0703125,1031.78125
EEGT6,1088.5546875,1089.3671875
EEGT6,1145.8359375,1147.15625
EEGT6,1163.3046875,1164.015625
EEGT6,1176.8125,1177.7265625
EEGT6,1197.328125,1197.9375
EEGT6,1213.2734375,1213.8828125
EEGT6,1222.2109375,1222.8203125
EEGT6,1249.8359375,1250.953125
EEGT6,1288.328125,1289.0390625
EEGT6,1291.578125,1292.2890625
EEGT6,1296.859375,1297.5703125
EEGT6,1302.140625,1303.4609375
EEGT6,1320.015625,1321.234375
EEGT6,1326.2109375,1326.921875
EEGT6,1328.34375,1329.0546875
EEGT6,1332.9140625,1333.625
EEGT6,1340.328125,1341.546875
EEGT6,1342.96875,1344.59375
EEGT6,1345.609375,1346.421875
EEGT6,1349.0625,1349.9765625
EEGT6,1351.09375,1353.328125
EEGT6,1357.0859375,1359.828125
EEGT6,1376.078125,1376.890625
EEGT6,1378.515625,1381.96875
EEGT6,1388.875,1389.890625
EEGT6,1392.125,1392.8359375
EEGT6,1394.765625,1396.6953125
EEGT6,1412.7421875,1413.3515625
EEGT6,1415.890625,1422.4921875
EEGT6,1424.7265625,1425.5390625
EEGT6,1426.453125,1434.578125
EEGT6,1437.828125,1441.5859375
EEGT6,1442.6015625,1444.0234375
EEGT6,1445.546875,1447.8828125
EEGT6,1448.796875,1451.640625
EEGT6,1453.9765625,1456.3125
EEGT6,1457.2265625,1458.34375
EEGT6,1459.2578125,1463.015625
EEGT6,1465.5546875,1466.5703125
EEGT6,1467.7890625,1468.5
EEGT6,1469.4140625,1471.2421875
EEGT6,1472.765625,1490.03125
EEGT6,1492.671875,1493.9921875
EEGT6,1495.0078125,1497.75
EEGT6,1500.390625,1501.3046875
EEGT6,1508.921875,1510.546875
EEGT6,1512.8828125,1517.25
EEGT6,1519.7890625,1523.0390625
EEGT6,1526.0859375,1542.7421875
EEGT6,1543.859375,1555.234375
EEGT6,1560.2109375,1560.8203125
EEGT6,1564.78125,1570.0625
EEGT6,1573.515625,1577.171875
EEGT6,1581.1328125,1582.1484375
EEGT6,1584.1796875,1588.546875
EEGT6,1592,1593.21875
EEGT6,1594.84375,1595.65625
EEGT6,1598.90625,1601.2421875
EEGT6,1602.359375,1603.171875
EEGT6,1604.6953125,1608.5546875
EEGT6,1609.875,1614.8515625
EEGT6,1616.0703125,1621.3515625
EEGT6,1624.1953125,1628.96875
EEGT6,1631.40625,1634.65625
EEGT6,1638.3125,1638.921875
EEGT6,1643.1875,1643.796875
EEGT6,1645.828125,1646.640625
EEGT6,1649.078125,1649.6875
EEGT6,1657.609375,1658.3203125
EEGT6,1659.234375,1660.1484375
EEGT6,1661.0625,1662.7890625
EEGT6,1665.0234375,1665.6328125
EEGT6,1671.7265625,1672.5390625
EEGT6,1673.9609375,1675.28125
EEGT6,1677.8203125,1679.8515625
EEGT6,1680.96875,1683.203125
EEGT6,1684.21875,1686.7578125
EEGT6,1687.9765625,1689.5
EEGT6,1690.515625,1693.2578125
EEGT6,1694.8828125,1696.609375
EEGT6,1697.5234375,1698.1328125
EEGT6,1699.7578125,1701.484375
EEGT6,1703.2109375,1703.921875
EEGT6,1705.0390625,1712.046875
EEGT6,1713.3671875,1716.2109375
EEGT6,1718.8515625,1722.7109375
EEGT6,1724.1328125,1726.265625
EEGT6,1731.8515625,1737.03125
EEGT6,1742.4140625,1746.2734375
EEGT6,1748.203125,1748.8125
EEGT6,1751.859375,1752.46875
EEGT6,1757.0390625,1763.03125
EEGT6,1766.6875,1767.296875
EEGT6,1770.34375,1771.4609375
EEGT6,1772.78125,1782.9375
EEGT6,1784.2578125,1785.0703125
EEGT6,1786.2890625,1792.3828125
EEGT6,1794.515625,1795.8359375
EEGT6,1798.984375,1802.03125
EEGT6,1810.8671875,1812.796875
EEGT6,1818.890625,1820.71875
EEGT6,1822.8515625,1823.96875
EEGT6,1826.9140625,1827.9296875
EEGT6,1830.3671875,1836.6640625
EEGT6,1839,1840.1171875
EEGT6,1842.859375,1844.6875
EEGT6,1846.6171875,1850.4765625
EEGT6,1852,1853.7265625
EEGT6,1855.453125,1858.8046875
EEGT6,1859.8203125,1862.15625
EEGT6,1863.578125,1864.4921875
EEGT6,1866.1171875,1867.84375
EEGT6,1871.703125,1873.328125
EEGT6,1875.765625,1876.375
EEGT6,1878.3046875,1883.890625
EEGT6,1884.8046875,1886.734375
EEGT6,1887.953125,1893.234375
EEGT6,1894.25,1895.671875
EEGT6,1898.2109375,1899.4296875
EEGT6,1900.34375,1902.6796875
EEGT6,1913.140625,1916.1875
EEGT6,1923.5,1926.0390625
EEGT6,1945.7421875,1946.5546875
EEGT6,1957.5234375,1960.875
EEGT6,1961.7890625,1962.5
EEGT6,1964.6328125,1965.2421875
EEGT6,1969.5078125,1970.7265625
EEGT6,1979.359375,1979.96875
EEGT6,2029.734375,2030.546875
EEGT6,2053.6015625,2054.71875
EEGT6,2071.0703125,2071.78125
EEGT6,2099.9140625,2100.625
EEGT6,2131.1953125,2133.8359375
EEGT6,2139.625,2140.234375
EEGT6,2151.7109375,2152.7265625
EEGT6,2165.3203125,2165.9296875
EEGT6,2192.7421875,2193.453125
EEGT6,2201.171875,2201.78125
EEGT6,2228.390625,2229.1015625
EEGT6,2234.5859375,2235.1953125
EEGT6,2242.8125,2243.421875
EEGT6,2279.578125,2280.2890625
EEGT6,2335.84375,2336.7578125
EEGT6,2340.4140625,2341.0234375
EEGT6,2492.65625,2493.5703125
EEGT6,2660.1328125,2660.7421875
EEGT6,2667.546875,2668.15625
EEGT6,2782.3125,2783.4296875
EEGT6,2858.078125,2858.6875
EEGT6,2875.8515625,2876.5625
EEGT6,2882.25,2883.0625
EEGT6,2936.28125,2938.3125
EEGT6,2942.2734375,2942.8828125
EEGT6,2959.5390625,2960.1484375
EEGT6,2963.703125,2964.515625
EEGT6,2972.03125,2973.046875
EEGT6,3013.875,3014.6875
EEGT6,3040.5859375,3041.5
EEGT6,3043.2265625,3043.8359375
EEGT6,3049.3203125,3050.1328125
EEGT6,3052.46875,3056.6328125
EEGT6,3059.2734375,3060.0859375
EEGT6,3061,3061.7109375
EEGT6,3064.5546875,3070.75
EEGT6,3086.59375,3087.203125
EEGT6,3115.4375,3116.1484375
EEGT6,3120.2109375,3124.4765625
EEGT6,3132.296875,3133.4140625
EEGT6,3142.046875,3142.65625
EEGT6,3144.3828125,3146.921875
EEGT6,3157.7890625,3158.5
EEGT6,3168.9609375,3169.671875
EEGT6,3185.4140625,3186.2265625
EEGT6,3224.6171875,3225.2265625
EEGT6,3703.890625,3704.5
EEGO1,12.6015625,14.8359375
EEGO1,18.2890625,19.5078125
EEGO1,20.5234375,26.4140625
EEGO1,28.2421875,29.5625
EEGO1,34.1328125,37.890625
EEGO1,39.2109375,47.9453125
EEGO1,49.3671875,50.078125
EEGO1,51.296875,53.328125
EEGO1,55.4609375,56.78125
EEGO1,66.53125,76.1796875
EEGO1,80.2421875,81.6640625
EEGO1,88.1640625,88.9765625
EEGO1,90.5,91.8203125
EEGO1,93.140625,94.6640625
EEGO1,102.1796875,103.8046875
EEGO1,109.1875,115.7890625
EEGO1,119.34375,120.8671875
EEGO1,122.0859375,123.7109375
EEGO1,127.1640625,132.546875
EEGO1,134.375,136.7109375
EEGO1,137.7265625,139.65625
EEGO1,141.9921875,146.0546875
EEGO1,150.625,152.5546875
EEGO1,154.3828125,158.75
EEGO1,162.203125,162.8125
EEGO1,164.03125,170.8359375
EEGO1,172.15625,177.5390625
EEGO1,179.3671875,180.078125
EEGO1,182.71875,184.2421875
EEGO1,191.859375,193.28125
EEGO1,195.71875,201.40625
EEGO1,204.9609375,206.3828125
EEGO1,210.2421875,212.78125
EEGO1,218.9765625,219.890625
EEGO1,223.8515625,229.03125
EEGO1,231.5703125,232.28125
EEGO1,233.3984375,240.609375
EEGO1,242.640625,244.5703125
EEGO1,247.6171875,248.328125
EEGO1,258.28125,259.5
EEGO1,260.921875,262.6484375
EEGO1,271.3828125,274.2265625
EEGO1,276.2578125,280.9296875
EEGO1,282.25,285.09375
EEGO1,288.546875,296.0625
EEGO1,296.9765625,299.6171875
EEGO1,315.5625,316.8828125
EEGO1,324.296875,325.71875
EEGO1,327.34375,332.015625
EEGO1,344.3046875,344.9140625
EEGO1,347.5546875,348.671875
EEGO1,353.34375,354.96875
EEGO1,360.25,361.875
EEGO1,383.3046875,384.421875
EEGO1,385.640625,387.265625
EEGO1,389.09375,392.6484375
EEGO1,394.0703125,396.203125
EEGO1,398.84375,400.671875
EEGO1,402.5,404.8359375
EEGO1,406.2578125,406.96875
EEGO1,408.2890625,412.9609375
EEGO1,414.484375,418.546875
EEGO1,419.8671875,420.984375
EEGO1,423.21875,424.1328125
EEGO1,445.765625,447.1875
EEGO1,448.203125,449.5234375
EEGO1,497.0546875,498.0703125
EEGO1,504.7734375,506.6015625
EEGO1,509.0390625,514.3203125
EEGO1,521.4296875,522.546875
EEGO1,524.6796875,526.9140625
EEGO1,529.65625,532.09375
EEGO1,533.0078125,534.8359375
EEGO1,538.2890625,539.1015625
EEGO1,543.875,544.6875
EEGO1,547.4296875,548.2421875
EEGO1,549.15625,553.625
EEGO1,555.9609375,557.078125
EEGO1,558.5,562.8671875
EEGO1,572.4140625,574.0390625
EEGO1,577.2890625,578.203125
EEGO1,606.7421875,607.3515625
EEGO1,618.1171875,621.1640625
EEGO1,623.1953125,626.0390625
EEGO1,627.6640625,629.0859375
EEGO1,634.0625,637.6171875
EEGO1,640.0546875,643.1015625
EEGO1,645.640625,649.3984375
EEGO1,673.265625,674.1796875
EEGO1,675.09375,676.2109375
EEGO1,677.9375,678.6484375
EEGO1,682.8125,683.9296875
EEGO1,685.3515625,686.265625
EEGO1,687.3828125,690.8359375
EEGO1,695.7109375,697.9453125
EEGO1,700.484375,702.6171875
EEGO1,704.34375,705.5625
EEGO1,707.390625,711.046875
EEGO1,719.0703125,719.8828125
EEGO1,721.203125,723.03125
EEGO1,724.65625,730.546875
EEGO1,731.8671875,735.21875
EEGO1,739.078125,740.09375
EEGO1,741.515625,742.6328125
EEGO1,744.15625,747.1015625
EEGO1,748.421875,754.2109375
EEGO1,755.734375,758.0703125
EEGO1,762.3359375,763.65625
EEGO1,766.1953125,767.6171875
EEGO1,769.4453125,771.0703125
EEGO1,775.9453125,778.1796875
EEGO1,780.4140625,786.609375
EEGO1,788.234375,789.453125
EEGO1,791.1796875,792.6015625
EEGO1,794.6328125,795.34375
EEGO1,796.96875,802.453125
EEGO1,807.6328125,812
EEGO1,814.234375,816.671875
EEGO1,819.2109375,828.859375
EEGO1,829.7734375,830.3828125
EEGO1,831.3984375,832.109375
EEGO1,834.546875,836.171875
EEGO1,837.59375,854.859375
EEGO1,856.890625,862.984375
EEGO1,863.8984375,868.0625
EEGO1,869.484375,871.515625
EEGO1,872.4296875,873.0390625
EEGO1,875.984375,879.640625
EEGO1,881.265625,882.3828125
EEGO1,883.8046875,888.78125
EEGO1,900.96875,908.078125
EEGO1,911.0234375,912.140625
EEGO1,914.4765625,917.1171875
EEGO1,919.046875,919.65625
EEGO1,920.7734375,921.3828125
EEGO1,922.6015625,925.4453125
EEGO1,927.8828125,930.1171875
EEGO1,935.3984375,938.2421875
EEGO1,950.328125,958.1484375
EEGO1,961.3984375,963.2265625
EEGO1,965.0546875,970.9453125
EEGO1,976.125,976.734375
EEGO1,980.8984375,981.5078125
EEGO1,1014.4140625,1015.4296875
EEGO1,1143.8046875,1144.6171875
EEGO1,1183.2109375,1183.8203125
EEGO1,1222.2109375,1223.4296875
EEGO1,1302.6484375,1303.2578125
EEGO1,1324.28125,1324.9921875
EEGO1,1342.8671875,1349.9765625
EEGO1,1351.296875,1353.2265625
EEGO1,1354.140625,1355.96875
EEGO1,1357.1875,1360.4375
EEGO1,1367.4453125,1368.0546875
EEGO1,1371.1015625,1371.7109375
EEGO1,1379.0234375,1379.6328125
EEGO1,1381.4609375,1382.8828125
EEGO1,1388.9765625,1390.1953125
EEGO1,1392.125,1393.6484375
EEGO1,1394.8671875,1396.796875
EEGO1,1399.3359375,1399.9453125
EEGO1,1412.640625,1415.890625
EEGO1,1416.90625,1425.4375
EEGO1,1426.5546875,1431.734375
EEGO1,1433.359375,1435.8984375
EEGO1,1437.828125,1453.46875
EEGO1,1455.09375,1463.421875
EEGO1,1465.65625,1466.3671875
EEGO1,1467.890625,1471.34375
EEGO1,1472.765625,1476.421875
EEGO1,1477.9453125,1483.2265625
EEGO1,1484.4453125,1486.375
EEGO1,1487.8984375,1491.65625
EEGO1,1497.953125,1500.8984375
EEGO1,1507.1953125,1508.8203125
EEGO1,1510.6484375,1523.0390625
EEGO1,1525.984375,1530.1484375
EEGO1,1531.3671875,1540.1015625
EEGO1,1541.015625,1550.6640625
EEGO1,1553.5078125,1554.625
EEGO1,1556.859375,1557.46875
EEGO1,1559.6015625,1560.71875
EEGO1,1565.2890625,1569.859375
EEGO1,1575.0390625,1580.015625
EEGO1,1581.1328125,1582.1484375
EEGO1,1583.671875,1587.6328125
EEGO1,1590.984375,1595.7578125
EEGO1,1598.8046875,1601.0390625
EEGO1,1602.6640625,1614.8515625
EEGO1,1616.578125,1621.1484375
EEGO1,1624.296875,1625.109375
EEGO1,1628.359375,1629.0703125
EEGO1,1631.3046875,1634.5546875
EEGO1,1638.2109375,1638.8203125
EEGO1,1643.0859375,1643.6953125
EEGO1,1645.5234375,1647.453125
EEGO1,1651.0078125,1651.8203125
EEGO1,1655.171875,1655.78125
EEGO1,1661.265625,1662.078125
EEGO1,1666.546875,1668.578125
EEGO1,1674.0625,1679.6484375
EEGO1,1682.1875,1689.3984375
EEGO1,1690.3125,1692.6484375
EEGO1,1693.5625,1694.4765625
EEGO1,1697.421875,1698.234375
EEGO1,1699.1484375,1701.3828125
EEGO1,1702.3984375,1703.515625
EEGO1,1704.4296875,1716.2109375
EEGO1,1718.6484375,1722.7109375
EEGO1,1723.828125,1725.3515625
EEGO1,1729.71875,1736.421875
EEGO1,1743.9375,1744.8515625
EEGO1,1756.2265625,1759.984375
EEGO1,1772.8828125,1779.5859375
EEGO1,1781.2109375,1783.2421875
EEGO1,1786.8984375,1797.6640625
EEGO1,1799.2890625,1802.640625
EEGO1,1809.34375,1810.4609375
EEGO1,1813.9140625,1814.828125
EEGO1,1821.2265625,1825.390625
EEGO1,1827.1171875,1829.453125
EEGO1,1831.28125,1836.6640625
EEGO1,1839,1840.21875
EEGO1,1843.46875,1844.6875
EEGO1,1846.8203125,1848.75
EEGO1,1849.765625,1853.625
EEGO1,1855.1484375,1860.4296875
EEGO1,1861.4453125,1862.6640625
EEGO1,1864.2890625,1865.203125
EEGO1,1866.625,1868.25
EEGO1,1869.1640625,1869.7734375
EEGO1,1871.90625,1877.0859375
EEGO1,1878.3046875,1883.5859375
EEGO1,1884.8046875,1886.0234375
EEGO1,1888.2578125,1891.203125
EEGO1,1892.21875,1895.9765625
EEGO1,1898.0078125,1904.1015625
EEGO1,1906.84375,1907.7578125
EEGO1,1908.9765625,1910.1953125
EEGO1,1914.2578125,1915.0703125
EEGO1,1917.7109375,1919.640625
EEGO1,1920.9609375,1922.1796875
EEGO1,1925.2265625,1926.0390625
EEGO1,1942.6953125,1943.40625
EEGO1,1946.7578125,1947.875
EEGO1,1958.03125,1960.7734375
EEGO1,1966.765625,1967.78125
EEGO1,1969.609375,1970.3203125
EEGO1,1979.0546875,1979.765625
EEGO1,1984.234375,1984.84375
EEGO1,2008.609375,2009.3203125
EEGO1,2084.8828125,2085.59375
EEGO1,2087.828125,2088.7421875
EEGO1,2098.0859375,2100.7265625
EEGO1,2105.1953125,2105.90625
EEGO1,2108.953125,2109.6640625
EEGO1,2130.28125,2131.90625
EEGO1,2134.953125,2135.5625
EEGO1,2142.1640625,2142.9765625
EEGO1,2227.6796875,2229.7109375
EEGO1,2237.125,2238.0390625
EEGO1,2239.0546875,2239.8671875
EEGO1,2328.125,2328.9375
EEGO1,2492.7578125,2493.5703125
EEGO1,2772.6640625,2773.375
EEGO1,2789.9296875,2790.84375
EEGO1,2876.96875,2877.6796875
EEGO1,2933.84375,2938.2109375
EEGO1,2942.2734375,2943.0859375
EEGO1,2963.703125,2964.515625
EEGO1,3034.4921875,3035.1015625
EEGO1,3037.4375,3038.046875
EEGO1,3040.5859375,3041.1953125
EEGO1,3047.0859375,3047.8984375
EEGO1,3052.3671875,3054.09375
EEGO1,3056.8359375,3057.6484375
EEGO1,3059.375,3061.5078125
EEGO1,3063.84375,3064.453125
EEGO1,3066.078125,3070.0390625
EEGO1,3073.4921875,3075.21875
EEGO1,3086.390625,3087.1015625
EEGO1,3115.03125,3115.84375
EEGO1,3119.90625,3120.6171875
EEGO1,3121.8359375,3124.171875
EEGO1,3132.90625,3135.140625
EEGO1,3138.796875,3139.40625
EEGO1,3141.9453125,3142.5546875
EEGO1,3144.6875,3145.296875
EEGO1,3148.2421875,3148.8515625
EEGO1,3150.0703125,3150.984375
EEGO1,3156.7734375,3158.5
EEGO1,3168.65625,3169.265625
EEGO1,3185.921875,3186.9375
EEGO1,3703.890625,3704.5
EEGO1,3793.265625,3793.875
EEGO2,12.703125,14.53125
EEGO2,17.8828125,18.796875
EEGO2,21.7421875,25.6015625
EEGO2,27.0234375,27.6328125
EEGO2,30.2734375,32.9140625
EEGO2,33.9296875,37.3828125
EEGO2,39.921875,44.390625
EEGO2,45.8125,46.625
EEGO2,48.9609375,49.875
EEGO2,51.5,53.53125
EEGO2,54.546875,56.8828125
EEGO2,59.5234375,61.453125
EEGO2,67.4453125,76.078125
EEGO2,79.8359375,81.0546875
EEGO2,87.453125,88.1640625
EEGO2,90.90625,92.0234375
EEGO2,93.34375,93.953125
EEGO2,102.890625,103.8046875
EEGO2,109.8984375,111.015625
EEGO2,113.046875,115.7890625
EEGO2,116.8046875,117.71875
EEGO2,118.9375,123.40625
EEGO2,128.5859375,132.953125
EEGO2,135.8984375,136.5078125
EEGO2,138.03125,139.65625
EEGO2,143.6171875,146.765625
EEGO2,150.3203125,157.328125
EEGO2,162.7109375,169.921875
EEGO2,170.9375,173.78125
EEGO2,175.609375,177.4375
EEGO2,178.9609375,180.1796875
EEGO2,181.5,183.8359375
EEGO2,184.75,185.4609375
EEGO2,191.859375,201.3046875
EEGO2,205.0625,206.3828125
EEGO2,207.703125,208.6171875
EEGO2,210.6484375,212.8828125
EEGO2,214.3046875,215.015625
EEGO2,219.5859375,221.2109375
EEGO2,223.546875,229.1328125
EEGO2,231.265625,236.0390625
EEGO2,242.7421875,244.3671875
EEGO2,247.0078125,248.4296875
EEGO2,258.3828125,261.53125
EEGO2,263.5625,264.2734375
EEGO2,266.203125,267.21875
EEGO2,268.3359375,272.3984375
EEGO2,273.515625,275.2421875
EEGO2,277.8828125,281.5390625
EEGO2,282.453125,283.5703125
EEGO2,286.6171875,295.7578125
EEGO2,296.9765625,299.515625
EEGO2,318.609375,320.640625
EEGO2,323.7890625,329.984375
EEGO2,331.3046875,332.3203125
EEGO2,337.703125,339.328125
EEGO2,347.453125,348.7734375
EEGO2,352.2265625,353.0390625
EEGO2,354.15625,355.984375
EEGO2,358.1171875,359.3359375
EEGO2,360.5546875,364.2109375
EEGO2,384.9296875,387.1640625
EEGO2,389.703125,392.0390625
EEGO2,394.2734375,396.1015625
EEGO2,398.5390625,403.8203125
EEGO2,406.6640625,412.7578125
EEGO2,413.671875,415.8046875
EEGO2,417.53125,419.359375
EEGO2,420.2734375,422.203125
EEGO2,425.7578125,426.3671875
EEGO2,448.9140625,450.234375
EEGO2,453.1796875,454.1953125
EEGO2,455.71875,456.8359375
EEGO2,495.734375,496.34375
EEGO2,501.421875,506.8046875
EEGO2,509.6484375,512.4921875
EEGO2,513.40625,514.1171875
EEGO2,519.90625,521.2265625
EEGO2,523.96875,526.40625
EEGO2,527.5234375,531.28125
EEGO2,532.296875,533.0078125
EEGO2,534.0234375,534.8359375
EEGO2,546.0078125,547.125
EEGO2,549.0546875,554.3359375
EEGO2,558.3984375,563.984375
EEGO2,568.046875,569.265625
EEGO2,572.4140625,576.0703125
EEGO2,577.0859375,577.796875
EEGO2,618.5234375,623.3984375
EEGO2,625.0234375,625.734375
EEGO2,627.5625,629.59375
EEGO2,632.3359375,633.046875
EEGO2,633.9609375,637.0078125
EEGO2,640.6640625,644.21875
EEGO2,645.3359375,651.53125
EEGO2,675.1953125,676.3125
EEGO2,685.453125,690.6328125
EEGO2,691.8515625,692.6640625
EEGO2,695.7109375,696.7265625
EEGO2,698.65625,705.2578125
EEGO2,707.1875,710.640625
EEGO2,712.7734375,715.515625
EEGO2,719.2734375,723.03125
EEGO2,724.7578125,731.0546875
EEGO2,733.2890625,734.8125
EEGO2,738.7734375,740.1953125
EEGO2,742.0234375,744.6640625
EEGO2,745.578125,750.5546875
EEGO2,751.7734375,753.90625
EEGO2,755.734375,758.375
EEGO2,761.015625,764.265625
EEGO2,766.296875,772.4921875
EEGO2,775.9453125,778.078125
EEGO2,784.78125,786.9140625
EEGO2,788.234375,789.046875
EEGO2,791.6875,792.3984375
EEGO2,794.734375,799.609375
EEGO2,800.625,802.1484375
EEGO2,807.6328125,810.8828125
EEGO2,811.8984375,813.625
EEGO2,815.046875,826.015625
EEGO2,827.7421875,829.3671875
EEGO2,831.296875,832.921875
EEGO2,834.6484375,835.765625
EEGO2,837.6953125,852.5234375
EEGO2,853.9453125,855.46875
EEGO2,856.6875,858.921875
EEGO2,861.15625,862.984375
EEGO2,864.8125,867.9609375
EEGO2,869.484375,871.8203125
EEGO2,874.15625,874.765625
EEGO2,876.0859375,889.796875
EEGO2,890.7109375,891.828125
EEGO2,895.28125,896.8046875
EEGO2,897.8203125,898.9375
EEGO2,901.578125,904.3203125
EEGO2,905.7421875,907.7734375
EEGO2,911.8359375,912.4453125
EEGO2,914.4765625,917.828125
EEGO2,920.875,926.8671875
EEGO2,933.1640625,936.109375
EEGO2,937.328125,938.34375
EEGO2,940.0703125,940.984375
EEGO2,950.328125,954.2890625
EEGO2,955.5078125,959.9765625
EEGO2,961.1953125,962.8203125
EEGO2,965.2578125,970.9453125
EEGO2,1047.1171875,1047.828125
EEGO2,1317.4765625,1318.0859375
EEGO2,1343.375,1344.4921875
EEGO2,1345.609375,1346.625
EEGO2,1351.1953125,1352.2109375
EEGO2,1356.78125,1357.6953125
EEGO2,1392.2265625,1392.9375
EEGO2,1394.4609375,1396.6953125
EEGO2,1412.9453125,1414.0625
EEGO2,1416.3984375,1417.8203125
EEGO2,1418.8359375,1423.8125
EEGO2,1426.3515625,1430.0078125
EEGO2,1432.546875,1433.2578125
EEGO2,1435.2890625,1436.7109375
EEGO2,1437.828125,1444.8359375
EEGO2,1446.6640625,1456.515625
EEGO2,1457.53125,1458.34375
EEGO2,1459.2578125,1464.5390625
EEGO2,1469.109375,1471.4453125
EEGO2,1472.765625,1475.40625
EEGO2,1478.25,1486.375
EEGO2,1488.203125,1489.5234375
EEGO2,1492.5703125,1493.890625
EEGO2,1495.4140625,1499.0703125
EEGO2,1500.2890625,1501.3046875
EEGO2,1507.1953125,1507.90625
EEGO2,1508.8203125,1515.21875
EEGO2,1516.234375,1516.9453125
EEGO2,1518.5703125,1523.2421875
EEGO2,1525.984375,1532.7890625
EEGO2,1533.703125,1548.734375
EEGO2,1549.6484375,1552.390625
EEGO2,1553.40625,1554.421875
EEGO2,1556.5546875,1557.3671875
EEGO2,1559.90625,1560.921875
EEGO2,1569.1484375,1569.9609375
EEGO2,1574.8359375,1576.96875
EEGO2,1578.390625,1579.203125
EEGO2,1580.828125,1582.1484375
EEGO2,1583.5703125,1593.3203125
EEGO2,1594.5390625,1595.5546875
EEGO2,1599.0078125,1600.8359375
EEGO2,1602.4609375,1608.65625
EEGO2,1610.890625,1614.8515625
EEGO2,1616.578125,1621.25
EEGO2,1624.1953125,1625.0078125
EEGO2,1626.125,1627.0390625
EEGO2,1628.0546875,1629.0703125
EEGO2,1633.3359375,1634.5546875
EEGO2,1638.109375,1638.921875
EEGO2,1644.9140625,1646.640625
EEGO2,1658.7265625,1660.1484375
EEGO2,1661.3671875,1662.6875
EEGO2,1665.0234375,1666.34375
EEGO2,1670.203125,1672.4375
EEGO2,1674.1640625,1675.078125
EEGO2,1676.09375,1676.8046875
EEGO2,1678.734375,1679.953125
EEGO2,1680.96875,1681.6796875
EEGO2,1682.6953125,1689.3984375
EEGO2,1690.6171875,1692.75
EEGO2,1695.6953125,1701.28125
EEGO2,1703.109375,1703.71875
EEGO2,1705.140625,1717.0234375
EEGO2,1719.359375,1722.609375
EEGO2,1730.2265625,1732.4609375
EEGO2,1733.4765625,1736.9296875
EEGO2,1743.8359375,1746.4765625
EEGO2,1748.3046875,1749.015625
EEGO2,1751.7578125,1752.3671875
EEGO2,1756.9375,1758.15625
EEGO2,1759.0703125,1761.203125
EEGO2,1772.6796875,1783.2421875
EEGO2,1786.4921875,1795.328125
EEGO2,1797.0546875,1802.1328125
EEGO2,1819.1953125,1819.8046875
EEGO2,1822.140625,1823.15625
EEGO2,1827.015625,1828.03125
EEGO2,1830.3671875,1836.6640625
EEGO2,1839.3046875,1840.21875
EEGO2,1843.0625,1844.5859375
EEGO2,1846.71875,1847.734375
EEGO2,1848.953125,1850.4765625
EEGO2,1851.8984375,1853.625
EEGO2,1855.5546875,1862.2578125
EEGO2,1863.375,1864.2890625
EEGO2,1865.8125,1867.84375
EEGO2,1871.5,1873.53125
EEGO2,1875.4609375,1877.1875
EEGO2,1878.3046875,1884.1953125
EEGO2,1885.71875,1886.4296875
EEGO2,1888.4609375,1891.40625
EEGO2,1892.5234375,1893.234375
EEGO2,1894.5546875,1896.5859375
EEGO2,1898.515625,1899.4296875
EEGO2,1900.34375,1903.0859375
EEGO2,1914.359375,1916.2890625
EEGO2,1918.625,1919.4375
EEGO2,1921.265625,1922.1796875
EEGO2,1923.6015625,1926.2421875
EEGO2,1946.859375,1947.5703125
EEGO2,1958.03125,1958.84375
EEGO2,1968.1875,1970.21875
EEGO2,1971.1328125,1971.7421875
EEGO2,2002.109375,2002.8203125
EEGO2,2030.0390625,2030.6484375
EEGO2,2050.859375,2051.46875
EEGO2,2079.90625,2081.125
EEGO2,2125.609375,2126.21875
EEGO2,2141.25,2141.9609375
EEGO2,2143.1796875,2143.7890625
EEGO2,2151.8125,2152.9296875
EEGO2,2155.7734375,2156.3828125
EEGO2,2166.1328125,2167.1484375
EEGO2,2201.171875,2201.8828125
EEGO2,2227.78125,2228.796875
EEGO2,2237.53125,2238.140625
EEGO2,2311.671875,2312.28125
EEGO2,2895.5546875,2896.1640625
EEGO2,2935.9765625,2938.3125
EEGO2,2972.03125,2972.7421875
EEGO2,2975.484375,2976.1953125
EEGO2,3041.90625,3042.515625
EEGO2,3052.46875,3055.4140625
EEGO2,3059.578125,3060.1875
EEGO2,3063.9453125,3065.1640625
EEGO2,3066.1796875,3067.296875
EEGO2,3069.125,3070.0390625
EEGO2,3121.328125,3122.4453125
EEGO2,3134.4296875,3135.140625
EEGO2,3141.9453125,3142.5546875
EEGO2,3144.5859375,3146.2109375
EEGO2,3239.953125,3240.5625
